# debug: окно 300 с — результат не годится для отбора, только для отладки
symbol,tick_size,min_order_qty,qty_step,min_notional_value,h3_lots,k,median_trade_lots,window_start_utc_ms,window_secs
SOLUSDT,0.01,0.1,0.1,5,1,1.0,1,1789095811275,300
ADAUSDT,0.0001,1,1,5,37,1.0,37,1789095811275,300
XRPUSDT,0.0001,0.1,0.1,5,45,1.0,45,1789095811275,300
DOGEUSDT,0.00001,1,1,5,67,1.0,67,1789095811275,300
HYPEUSDT,0.01,0.01,0.01,5,15,1.0,15,1789095811275,300
NEARUSDT,0.001,0.1,0.1,5,44,1.0,44,1789095811275,300
PUMPFUNUSDT,0.000001,100,100,5,125,1.0,125,1789095811275,300
ENAUSDT,0.00001,1,1,5,35,1.0,35,1789095811275,300
