n,cum_net_bps
1,-11.755319
2,-23.510638
3,-31.010638
4,-48.092242
5,-55.592242
6,-67.351185
7,-79.113760
8,-94.077242
9,-105.845275
10,-100.535710
11,-112.298285
12,-124.060859
13,-135.825252
14,-150.787143
15,-158.287143
16,-173.247443
17,-185.011836
18,-199.961022
19,-203.207512
20,-210.707512
21,-222.462832
22,-234.216341
23,-245.968041
24,-257.717935
25,-269.464220
26,-281.210504
27,-284.462416
28,-291.962416
29,-295.217934
30,-306.964218
31,-314.464218
32,-326.210503
33,-311.415142
34,-326.340622
35,-338.085104
36,-345.585104
37,-348.842423
38,-363.769479
39,-375.510361
40,-383.010361
41,-394.749445
42,-406.486733
43,-413.986733
44,-425.724021
45,-437.463106
46,-449.203988
47,-460.946669
48,-472.694758
49,-484.444651
50,-498.320847
51,-501.567338
52,-509.067338
53,-520.819038
54,-534.700659
55,-542.200659
56,-545.443529
57,-557.198848
58,-559.374601
59,-572.197714
60,-583.958473
61,-587.195898
62,-598.956656
63,-606.456656
64,-618.217415
65,-629.976359
66,-641.731678
67,-653.485187
68,-665.236888
69,-668.486994
70,-680.238694
71,-679.238907
72,-690.994226
73,-698.494226
74,-712.375847
75,-715.625953
76,-727.379462
77,-734.879462
78,-746.632972
79,-757.321408
80,-769.073109
81,-780.826618
82,-792.581937
83,-795.826618
84,-794.808730
85,-806.564050
86,-818.319369
87,-821.564050
88,-833.322993
89,-845.083752
90,-856.844510
91,-868.605269
92,-876.105269
93,-887.867843
94,-899.634055
95,-911.402087
96,-923.171942
97,-922.128585
98,-933.894796
99,-945.659188
100,-953.159188
101,-956.394796
102,-968.157371
103,-979.921763
104,-987.421763
105,-994.921763
106,-1006.687975
107,-1018.456007
108,-1013.146443
109,-1024.909017
110,-1036.669776
111,-1048.428719
112,-1060.185850
113,-1071.944794
114,-1083.705552
115,-1095.468127
116,-1107.230702
117,-1101.948426
118,-1113.714638
119,-1125.479030
120,-1137.241605
121,-1149.002363
122,-1160.761307
123,-1159.747046
124,-1171.507804
125,-1179.007804
126,-1190.770379
127,-1202.534771
128,-1192.969925
129,-1196.212794
130,-1207.973552
131,-1219.734311
132,-1231.493254
133,-1243.250385
134,-1255.005704
135,-1266.759213
136,-1278.510914
137,-1290.260808
138,-1302.008896
139,-1313.758790
140,-1321.258790
141,-1333.008684
142,-1327.764419
143,-1339.517928
144,-1351.269628
145,-1354.519735
146,-1366.273244
147,-1378.028563
148,-1389.785694
149,-1401.544637
150,-1413.305396
151,-1425.067971
152,-1436.832363
153,-1431.533728
154,-1443.294486
155,-1455.057061
156,-1466.821453
157,-1478.587665
158,-1486.087665
159,-1497.855697
160,-1505.355697
161,-1517.121909
162,-1528.886301
163,-1536.386301
164,-1548.150694
165,-1551.386301
166,-1554.625543
167,-1562.125543
168,-1573.888117
169,-1585.648876
170,-1597.407820
171,-1609.164950
172,-1616.664950
173,-1628.422081
174,-1640.179212
175,-1651.934531
176,-1663.684425
177,-1675.434318
178,-1682.934318
179,-1694.686019
180,-1706.439528
181,-1710.748378
182,-1722.498272
183,-1734.248166
184,-1745.998060
185,-1740.748378
186,-1752.491060
187,-1768.476423
188,-1780.215507
189,-1774.998254
190,-1786.744538
191,-1798.490823
192,-1810.235305
193,-1813.490823
194,-1820.990823
195,-1832.731705
196,-1844.470789
197,-1856.208077
198,-1867.943571
199,-1879.679064
200,-1891.419946
201,-1903.160828
202,-1914.898117
203,-1922.398117
204,-1934.130025
205,-1933.169788
206,-1944.899907
207,-1952.399907
208,-1964.122880
209,-1975.847637
210,-1987.574179
211,-1990.849422
212,-2004.687897
213,-2020.626716
214,-2036.561975
215,-2048.283165
216,-2060.006138
217,-2071.732681
218,-2076.061769
219,-2087.786526
220,-2099.509499
221,-2111.230689
222,-2122.950098
223,-2134.667728
224,-2149.549358
225,-2161.268768
226,-2175.099217
227,-2186.820408
228,-2194.320408
229,-2206.039817
230,-2213.539817
231,-2225.259226
232,-2232.759226
233,-2244.480417
234,-2256.201607
235,-2267.921016
236,-2275.421016
237,-2287.140425
238,-2298.861616
239,-2310.582806
240,-2313.861616
241,-2303.412086
242,-2310.912086
243,-2314.198011
244,-2325.913862
245,-2337.629714
246,-2349.343789
247,-2361.057864
248,-2368.557864
249,-2380.275494
250,-2391.993123
251,-2403.708975
252,-2406.996675
253,-2410.282600
254,-2422.000230
255,-2433.719639
256,-2445.440829
257,-2452.940829
258,-2456.216072
259,-2467.937263
260,-2475.437263
261,-2487.156672
262,-2498.876081
263,-2493.712510
264,-2505.426585
265,-2517.138885
266,-2524.638885
267,-2527.928359
268,-2543.852958
269,-2551.352958
270,-2563.063485
271,-2574.775785
272,-2586.489860
273,-2585.561710
274,-2597.279339
275,-2600.563488
276,-2612.281117
277,-2623.996969
278,-2631.496969
279,-2630.568819
280,-2642.286449
281,-2649.786449
282,-2661.502300
283,-2673.216375
284,-2684.928675
285,-2696.639202
286,-2708.347956
287,-2711.640972
288,-2714.932218
289,-2709.795318
290,-2713.088335
291,-2724.793549
292,-2736.500533
293,-2749.263137
294,-2760.975437
295,-2772.689512
296,-2786.517291
297,-2798.238481
298,-2805.738481
299,-2817.461454
300,-2833.410968
301,-2845.139298
302,-2856.869416
303,-2864.369416
304,-2867.637508
305,-2870.907389
306,-2874.179059
307,-2885.905602
308,-2889.177272
309,-2896.677272
310,-2899.950730
311,-2911.675487
312,-2923.400244
313,-2922.450730
314,-2936.278509
315,-2947.994360
316,-2959.711990
317,-2971.431399
318,-2983.150808
319,-2994.866660
320,-3006.578960
321,-3018.291260
322,-3034.219410
323,-3041.719410
324,-3053.437040
325,-3065.156449
326,-3076.877639
327,-3088.600612
328,-3100.325369
329,-3112.051912
330,-3123.780242
331,-3135.510360
332,-3147.242269
333,-3158.975969
334,-3170.711463
335,-3182.448751
336,-3194.187835
337,-3212.292289
338,-3224.036771
339,-3235.775855
340,-3243.275855
341,-3255.013144
342,-3266.748637
343,-3278.482337
344,-3290.214246
345,-3301.944364
346,-3313.670907
347,-3325.395664
348,-3337.118637
349,-3348.839827
350,-3355.284641
351,-3367.012971
352,-3378.743089
353,-3390.474998
354,-3402.206907
355,-3409.706907
356,-3421.438815
357,-3433.172515
358,-3432.201529
359,-3443.933437
360,-3459.904424
361,-3446.209002
362,-3457.939121
363,-3469.671029
364,-3481.402938
365,-3497.363175
366,-3509.091505
367,-3520.816262
368,-3515.641990
369,-3527.359620
370,-3543.291323
371,-3555.003623
372,-3558.291323
373,-3568.952213
374,-3589.099767
375,-3600.820958
376,-3591.429066
377,-3603.144917
378,-3606.427288
379,-3618.143139
380,-3634.078399
381,-3645.799589
382,-3657.522562
383,-3669.247319
384,-3680.973862
385,-3692.702192
386,-3704.432310
387,-3711.932310
388,-3725.776146
389,-3737.504476
390,-3745.004476
391,-3725.002889
392,-3740.938149
393,-3756.869852
394,-3772.798002
395,-3780.298002
396,-3796.226152
397,-3807.942003
398,-3819.657855
399,-3817.673189
400,-3825.173189
401,-3841.115569
402,-3852.840326
403,-3860.340326
404,-3876.286272
405,-3892.228653
406,-3903.948062
407,-3898.784491
408,-3914.741151
409,-3922.241151
410,-3933.973059
411,-3937.239359
412,-3944.739359
413,-3952.239359
414,-3968.213935
415,-3984.192104
416,-3991.692104
417,-3999.192104
418,-4015.163091
419,-4031.130492
420,-4047.094309
421,-4058.824427
422,-4070.554546
423,-4086.514783
424,-4102.471442
425,-4118.424528
426,-4121.699770
427,-4133.426313
428,-4140.926313
429,-4148.426313
430,-4164.379399
431,-4167.654641
432,-4183.607727
433,-4186.882970
434,-4198.611300
435,-4210.341418
436,-4222.075118
437,-4238.042519
438,-4254.006336
439,-4248.815981
440,-4256.315981
441,-4259.582280
442,-4271.323162
443,-4283.065844
444,-4294.812128
445,-4306.558413
446,-4322.550982
447,-4338.539946
448,-4354.525309
449,-4362.025309
450,-4378.003478
451,-4393.978054
452,-4397.244354
453,-4411.090874
454,-4427.051111
455,-4443.014928
456,-4454.748628
457,-4466.484121
458,-4478.219615
459,-4489.953315
460,-4504.855240
461,-4486.995983
462,-4486.021407
463,-4502.006770
464,-4513.753054
465,-4521.253054
466,-4537.245623
467,-4556.401870
468,-4563.901870
469,-4571.401870
470,-4587.372857
471,-4599.110145
472,-4615.081132
473,-4631.044949
474,-4647.001609
475,-4658.726366
476,-4670.449339
477,-4682.170529
478,-4693.888159
479,-4684.524753
480,-4683.571667
481,-4699.521181
482,-4715.474267
483,-4731.423781
484,-4747.380440
485,-4759.112349
486,-4766.612349
487,-4782.579750
488,-4797.491078
489,-4804.991078
490,-4818.832232
491,-4813.663313
492,-4829.623550
493,-4845.590951
494,-4861.565527
495,-4869.065527
496,-4882.928199
497,-4894.672682
498,-4902.172682
499,-4909.672682
500,-4912.928199
501,-4928.924376
502,-4941.740697
503,-4957.747716
504,-4973.751117
505,-4989.758135
506,-5001.509836
507,-5021.770363
508,-5037.784625
509,-5036.763108
510,-5048.518427
511,-5060.271936
512,-5072.025445
513,-5088.032464
514,-5104.035865
515,-5107.282356
516,-5123.292994
517,-5118.032467
518,-5121.286182
519,-5137.285970
520,-5136.278951
521,-5152.278739
522,-5168.285757
523,-5171.528627
524,-5187.539265
525,-5182.267873
526,-5182.307572
527,-5194.073784
528,-5210.106207
529,-5226.142272
530,-5242.171057
531,-5254.995303
532,-5271.013191
533,-5278.513191
534,-5268.970157
535,-5280.738189
536,-5288.238189
537,-5295.738189
538,-5307.504401
539,-5323.533186
540,-5339.554703
541,-5342.797572
542,-5356.690071
543,-5359.927497
544,-5375.959920
545,-5391.995985
546,-5403.762196
547,-5406.995985
548,-5405.959920
549,-5420.937754
550,-5436.981111
551,-5453.028120
552,-5456.256441
553,-5468.026296
554,-5484.062361
555,-5500.091145
556,-5494.803421
557,-5510.828571
558,-5509.796147
559,-5525.821297
560,-5529.056904
561,-5545.092969
562,-5561.132679
563,-5572.900711
564,-5584.668744
565,-5600.701167
566,-5616.729952
567,-5645.561010
568,-5648.802066
569,-5664.827215
570,-5680.856000
571,-5696.877516
572,-5700.118573
573,-5699.111554
574,-5698.093667
575,-5714.104305
576,-5730.118566
577,-5746.125585
578,-5762.125372
579,-5769.625372
580,-5777.125372
581,-5790.996152
582,-5806.992328
583,-5822.984897
584,-5826.236809
585,-5842.243827
586,-5858.258089
587,-5848.707790
588,-5856.207790
589,-5872.214809
590,-5871.211407
591,-5874.465123
592,-5890.461299
593,-5906.453868
594,-5922.450045
595,-5938.442614
596,-5954.442402
597,-5970.445803
598,-5986.445591
599,-5993.945591
600,-6001.445591
601,-6017.452609
602,-6033.466870
603,-6040.966870
604,-6056.988387
605,-6064.488387
606,-6080.513536
607,-6096.535053
608,-6104.035053
609,-6120.060202
610,-6136.081719
611,-6139.319144
612,-6155.351568
613,-6158.583535
614,-6170.353390
615,-6186.393100
616,-6189.621421
617,-6205.668430
618,-6221.708139
619,-6224.940107
620,-6240.972530
621,-6244.204497
622,-6260.244207
623,-6279.477540
624,-6295.517250
625,-6311.549673
626,-6323.312248
627,-6335.073006
628,-6346.831950
629,-6354.331950
630,-6370.349838
631,-6392.772029
632,-6404.541884
633,-6420.581594
634,-6434.485009
635,-6450.532017
636,-6453.754857
637,-6463.394810
638,-6479.452791
639,-6495.503453
640,-6507.276958
641,-6523.323966
642,-6539.363676
643,-6555.396099
644,-6558.631707
645,-6570.394281
646,-6586.423066
647,-6598.191098
648,-6605.691098
649,-6617.460953
650,-6630.292012
651,-6642.054586
652,-6658.079736
653,-6678.372913
654,-6694.394429
655,-6697.631855
656,-6713.664278
657,-6729.700343
658,-6745.732766
659,-6753.232766
660,-6769.272476
661,-6782.110364
662,-6798.146429
663,-6814.178852
664,-6830.214917
665,-6837.714917
666,-6845.214917
667,-6861.243702
668,-6877.268851
669,-6884.768851
670,-6883.740066
671,-6891.240066
672,-6907.276131
673,-6923.308554
674,-6926.538700
675,-6929.772488
676,-6945.812198
677,-6946.903311
678,-6962.943020
679,-6978.986378
680,-6995.022443
681,-7011.051227
682,-7027.072744
683,-7026.058483
684,-7033.558483
685,-7041.058483
686,-7061.346207
687,-7068.846207
688,-7072.078174
689,-7083.842566
690,-7099.871351
691,-7115.903774
692,-7127.668167
693,-7135.168167
694,-7138.401955
695,-7154.430740
696,-7166.198772
697,-7182.238482
698,-7198.285490
699,-7214.339810
700,-7230.397791
701,-7236.828386
702,-7244.328386
703,-7251.828386
704,-7267.882706
705,-7279.661696
706,-7299.998667
707,-7307.498667
708,-7323.563977
709,-7331.063977
710,-7347.136630
711,-7358.926635
712,-7392.166660
713,-7411.493346
714,-7423.288878
715,-7426.493346
716,-7416.818593
717,-7432.891246
718,-7448.967575
719,-7456.467575
720,-7472.536556
721,-7488.598199
722,-7504.659843
723,-7516.444333
724,-7528.230660
725,-7544.306989
726,-7547.516985
727,-7563.600676
728,-7579.680685
729,-7591.472530
730,-7607.556221
731,-7619.351754
732,-7626.851754
733,-7642.942819
734,-7659.030196
735,-7666.530196
736,-7678.327574
737,-7685.827574
738,-7697.623107
739,-7705.123107
740,-7721.214172
741,-7737.308929
742,-7757.701065
743,-7774.940271
744,-7793.269814
745,-7809.424076
746,-7832.065759
747,-7839.565759
748,-7855.723768
749,-7871.885526
750,-7886.958825
751,-7902.030485
752,-7909.530485
753,-7917.030485
754,-7933.181004
755,-7945.008135
756,-7952.508135
757,-7981.643791
758,-7997.816818
759,-8009.655212
760,-8025.828239
761,-8041.993751
762,-8049.493751
763,-8065.655509
764,-8081.824776
765,-8097.997803
766,-8114.167071
767,-8130.343860
768,-8146.524416
769,-8158.362811
770,-8170.201205
771,-8186.374232
772,-8202.539744
773,-8214.370623
774,-8226.201502
775,-8220.708864
776,-8223.885475
777,-8240.035994
778,-8264.829552
779,-8276.658556
780,-8288.487561
781,-8304.645569
782,-8316.470829
783,-8319.647439
784,-8327.147439
785,-8343.301702
786,-8359.455964
787,-8371.281223
788,-8378.781223
789,-8390.606483
790,-8406.753262
791,-8418.574783
792,-8434.721562
793,-8442.221562
794,-8458.375824
795,-8475.627693
796,-8491.800720
797,-8507.977510
798,-8524.146777
799,-8540.308536
800,-8545.644502
801,-8561.802511
802,-8577.960519
803,-8576.798761
804,-8579.964127
805,-8574.448943
806,-8586.281698
807,-8602.450966
808,-8614.287479
809,-8630.460506
810,-8646.641062
811,-8658.485110
812,-8631.232721
813,-8648.537711
814,-8661.481369
815,-8673.336770
816,-8688.454574
817,-8704.657794
818,-8716.511298
819,-8732.718307
820,-8748.917742
821,-8747.725869
822,-8763.925303
823,-8767.077477
824,-8765.885604
825,-8777.729653
826,-8793.917750
827,-8811.175963
828,-8830.597498
829,-8846.774288
830,-8858.610801
831,-8874.787591
832,-8890.975688
833,-8902.821624
834,-8910.321624
835,-8926.509722
836,-8942.690277
837,-8958.867067
838,-8970.707345
839,-8984.719175
840,-9000.903499
841,-9017.091597
842,-9033.283470
843,-9049.467795
844,-9065.648350
845,-9081.836447
846,-9080.644574
847,-9101.193726
848,-9099.982925
849,-9116.182359
850,-9132.378011
851,-9148.581232
852,-9164.788241
853,-9163.585021
854,-9179.780673
855,-9195.972546
856,-9203.472546
857,-9215.320372
858,-9228.259293
859,-9244.462513
860,-9260.658165
861,-9276.850038
862,-9284.350038
863,-9300.549473
864,-9316.756482
865,-9324.256482
866,-9336.109987
867,-9352.316996
868,-9364.166713
869,-9367.316996
870,-9366.109987
871,-9377.957813
872,-9394.149686
873,-9410.337783
874,-9404.811296
875,-9412.311296
876,-9419.811296
877,-9422.961579
878,-9430.461579
879,-9442.309405
880,-9454.161015
881,-9466.012625
882,-9482.219634
883,-9498.434231
884,-9510.295330
885,-9509.069326
886,-9512.212028
887,-9497.935024
888,-9509.779073
889,-9525.963398
890,-9537.801793
891,-9549.638306
892,-9561.472940
893,-9573.305696
894,-9585.136575
895,-9588.307570
896,-9595.807570
897,-9603.307570
898,-9615.140326
899,-9613.978568
900,-9625.815081
901,-9633.315081
902,-9645.153476
903,-9652.653476
904,-9664.493754
905,-9676.335916
906,-9688.179965
907,-9704.371838
908,-9707.524012
909,-9719.369948
910,-9731.217774
911,-9743.069384
912,-9759.276394
913,-9771.131794
914,-9782.985299
915,-9794.836909
916,-9806.686626
917,-9805.490974
918,-9817.344479
919,-9820.489078
920,-9832.342583
921,-9844.199881
922,-9856.059079
923,-9867.920178
924,-9880.875715
925,-9897.113155
926,-9908.983785
927,-9920.852505
928,-9937.086129
929,-9947.858023
930,-9966.258394
931,-9960.686499
932,-9972.538109
933,-9980.038109
934,-9978.838674
935,-9990.692179
936,-10002.543789
937,-10005.694072
938,-10008.842461
939,-10020.695966
940,-10032.547576
941,-10031.348142
942,-10038.848142
943,-10046.348142
944,-10058.201646
945,-10070.053256
946,-10081.902974
947,-10093.750800
948,-10105.596736
949,-10117.440785
950,-10129.281063
951,-10141.121340
952,-10157.305665
953,-10169.151602
954,-10180.999428
955,-10192.849145
956,-10200.349145
957,-10212.202650
958,-10224.058050
959,-10235.913451
960,-10247.770750
961,-10259.629947
962,-10254.046650
963,-10257.191250
964,-10269.044754
965,-10280.900155
966,-10292.757453
967,-10291.539058
968,-10303.392562
969,-10306.540952
970,-10314.040952
971,-10325.894457
972,-10324.691237
973,-10336.548535
974,-10348.407733
975,-10342.824436
976,-10350.324436
977,-10357.824436
978,-10360.967137
979,-10372.822538
980,-10393.394434
981,-10405.257435
982,-10417.122341
983,-10389.657306
984,-10401.512707
985,-10382.868916
986,-10394.714853
987,-10406.562679
988,-10418.412396
989,-10430.264006
990,-10424.703493
991,-10436.549429
992,-10448.393478
993,-10460.235640
994,-10475.323716
995,-10487.156472
996,-10498.987351
997,-10510.816355
998,-10522.643486
999,-10534.468746
1000,-10546.292135
1001,-10553.792135
1002,-10552.645356
1003,-10564.470616
1004,-10571.970616
1005,-10583.790270
1006,-10586.970616
1007,-10598.788405
1008,-10601.968751
1009,-10605.152825
1010,-10608.336899
1011,-10620.156554
1012,-10631.978075
1013,-10630.831296
1014,-10621.052678
1015,-10632.864882
1016,-10653.312659
1017,-10665.132313
1018,-10663.996735
1019,-10671.496735
1020,-10683.320124
1021,-10677.844346
1022,-10689.662135
1023,-10701.478061
1024,-10713.292125
1025,-10725.104328
1026,-10706.742259
1027,-10718.563780
1028,-10730.383435
1029,-10745.438750
1030,-10757.254676
1031,-10772.314888
1032,-10784.138277
1033,-10795.963537
1034,-10807.788796
1035,-10819.612186
1036,-10831.433707
1037,-10825.974744
1038,-10837.803748
1039,-10840.974744
1040,-10818.158590
1041,-10820.227939
1042,-10832.070102
1043,-10843.914150
1044,-10855.760087
1045,-10867.607913
1046,-10871.844560
1047,-10853.223533
1048,-10860.723533
1049,-10857.361052
1050,-10871.375710
1051,-10865.837900
1052,-10877.678178
1053,-10889.520340
1054,-10906.810398
1055,-10914.310398
1056,-10926.165799
1057,-10924.951202
1058,-10936.804706
1059,-10931.238504
1060,-10943.088222
1061,-10956.029510
1062,-10967.883015
1063,-10979.734625
1064,-10991.584342
1065,-10986.040864
1066,-10997.896264
1067,-11009.753563
1068,-11021.612761
1069,-11016.029464
1070,-11023.529464
1071,-11026.672165
1072,-11003.684360
1073,-10980.789224
1074,-10977.469055
1075,-10989.292444
1076,-11001.117704
1077,-11001.046044
1078,-11008.546044
1079,-11026.856854
1080,-11037.603959
1081,-11036.442201
1082,-11038.535042
1083,-11050.358431
1084,-11049.207912
1085,-11061.029433
1086,-11046.903136
1087,-11050.085346
1088,-11061.905001
1089,-11073.724655
1090,-11085.542445
1091,-11097.358370
1092,-11109.172434
1093,-11120.984638
1094,-11132.794983
1095,-11144.603470
1096,-11139.189135
1097,-11150.999480
1098,-11162.807968
1099,-11144.468175
1100,-11156.285964
1101,-11168.101890
1102,-11179.915954
1103,-11191.728157
1104,-11203.538502
1105,-11215.346990
1106,-11230.382785
1107,-11242.185711
1108,-11253.984937
1109,-11248.592801
1110,-11243.189575
1111,-11224.849782
1112,-11236.667571
1113,-11227.981103
1114,-11239.806363
1115,-11251.633494
1116,-11254.804489
1117,-11253.650227
1118,-11239.533279
1119,-11251.347343
1120,-11263.163269
1121,-11257.709901
1122,-11269.522105
1123,-11281.336169
1124,-11293.152094
1125,-11304.969884
1126,-11316.791405
1127,-11328.614794
1128,-11340.440054
1129,-11345.776956
1130,-11348.951697
1131,-11360.773218
1132,-11363.953564
1133,-11375.776953
1134,-11387.604084
1135,-11390.775080
1136,-11402.602211
1137,-11410.102211
1138,-11417.602211
1139,-11420.773207
1140,-11423.946076
1141,-11423.877690
1142,-11435.699211
1143,-11447.522600
1144,-11459.347860
1145,-11471.174991
1146,-11487.333000
1147,-11499.165755
1148,-11511.000389
1149,-11522.836903
1150,-11534.675297
1151,-11546.515575
1152,-11545.331250
1153,-11557.167764
1154,-11569.002397
1155,-11580.835153
1156,-11587.252082
1157,-11586.086570
1158,-11589.250057
1159,-11601.088452
1160,-11608.588452
1161,-11620.426846
1162,-11632.267124
1163,-11639.767124
1164,-11651.609287
1165,-11659.109287
1166,-11666.609287
1167,-11677.366969
1168,-11689.211018
1169,-11701.056954
1170,-11712.904781
1171,-11724.754498
1172,-11732.254498
1173,-11739.754498
1174,-11747.254498
1175,-11759.104215
1176,-11770.952041
1177,-11782.797978
1178,-11794.642026
1179,-11806.484189
1180,-11818.324467
1181,-11830.162861
1182,-11841.999375
1183,-11849.499375
1184,-11861.334009
1185,-11868.834009
1186,-11872.001253
1187,-11883.837766
1188,-11895.676161
1189,-11907.516439
1190,-11919.356717
1191,-11922.518322
1192,-11934.358600
1193,-11946.196994
1194,-11953.696994
1195,-11965.535389
1196,-11968.695111
1197,-11971.856717
1198,-11983.693230
1199,-11995.531625
1200,-12007.371903
1201,-12022.481425
1202,-12029.981425
1203,-12040.751180
1204,-12052.612279
1205,-12064.475281
1206,-12076.340187
1207,-12088.206999
1208,-12100.075719
1209,-12098.830638
1210,-12110.699358
1211,-12122.569988
1212,-12134.442528
1213,-12136.469074
1214,-12151.668997
1215,-12164.672575
1216,-12179.879280
1217,-12191.784566
1218,-12208.091259
1219,-12219.988796
1220,-12231.884401
1221,-12243.778074
1222,-12255.669817
1223,-12267.559633
1224,-12275.059633
1225,-12282.559633
1226,-12275.405471
1227,-12287.293361
1228,-12299.179326
1229,-12311.063368
1230,-12322.945489
1231,-12334.825690
1232,-12346.703974
1233,-12354.203974
1234,-12366.078427
1235,-12377.950968
1236,-12389.821597
1237,-12366.740557
1238,-12374.240557
1239,-12367.490859
1240,-12379.369142
1241,-12386.869142
1242,-12381.222779
1243,-12375.576417
1244,-12387.452784
1245,-12399.331068
1246,-12411.211269
1247,-12423.093390
1248,-12434.977432
1249,-12446.863397
1250,-12435.712821
1251,-12438.834538
1252,-12450.712821
1253,-12462.589189
1254,-12474.463642
1255,-12486.336183
1256,-12498.206812
1257,-12510.077441
1258,-12508.840001
1259,-12520.714455
1260,-12532.590822
1261,-12544.469106
1262,-12556.349307
1263,-12555.085066
1264,-12566.961433
1265,-12571.541725
1266,-12579.041725
1267,-12586.541725
1268,-12598.425767
1269,-12610.309809
1270,-12622.191930
1271,-12634.072132
1272,-12643.755061
1273,-12632.710281
1274,-12644.565682
1275,-12652.065682
1276,-12646.493786
1277,-12658.345396
1278,-12670.198901
1279,-12682.054302
1280,-12686.286684
1281,-12698.142085
1282,-12709.999383
1283,-12721.858581
1284,-12733.719680
1285,-12736.858581
1286,-12748.715879
1287,-12760.571280
1288,-12768.071280
1289,-12779.924785
1290,-12791.776395
1291,-12803.626112
1292,-12815.473938
1293,-12827.319875
1294,-12839.163923
1295,-12851.006086
1296,-12858.506086
1297,-12870.346363
1298,-12864.831179
1299,-12876.677116
1300,-12888.524942
1301,-12896.024942
1302,-12903.524942
1303,-12911.024942
1304,-12915.263008
1305,-12927.108945
1306,-12938.952994
1307,-12942.110831
1308,-12953.956768
1309,-12931.021985
1310,-12942.856619
1311,-12954.693132
1312,-12966.531527
1313,-12978.371805
1314,-12993.468115
1315,-13005.310278
1316,-13008.471883
1317,-13011.633488
1318,-13014.793210
1319,-13026.635373
1320,-13034.135373
1321,-13045.977535
1322,-13057.821584
1323,-13069.667520
1324,-13081.515346
1325,-13093.365064
1326,-13100.865064
1327,-13112.714781
1328,-13124.562607
1329,-13136.408544
1330,-13139.564495
1331,-13151.410432
1332,-13150.222334
1333,-13162.070160
1334,-13169.570160
1335,-13181.417986
1336,-13193.267704
1337,-13205.119314
1338,-13212.619314
1339,-13211.412305
1340,-13223.262022
1341,-13235.113632
1342,-13238.254434
1343,-13241.397136
1344,-13253.252536
1345,-13265.109835
1346,-13275.882443
1347,-13285.564420
1348,-13275.604795
1349,-13287.462094
1350,-13299.321292
1351,-13311.182391
1352,-13319.773022
1353,-13309.821015
1354,-13321.676416
1355,-13324.819117
1356,-13336.672622
1357,-13344.172622
1358,-13356.024232
1359,-13367.873949
1360,-13379.721775
1361,-13387.221775
1362,-13394.721775
1363,-13406.569601
1364,-13418.417428
1365,-13430.263364
1366,-13442.107413
1367,-13458.291738
1368,-13468.686094
1369,-13480.526371
1370,-13483.687977
1371,-13495.530139
1372,-13498.686090
1373,-13510.528253
1374,-13509.340155
