symbol,form,n_fills,n_busy,sum_net_bps,net_per_fill_bps,n_eaten,n_partial
1000PEPEUSDT,at-1to1-3600,25,0,-225.9,-9.03,0,0
1000PEPEUSDT,at-1to1-60,25,0,-225.9,-9.03,0,0
1000PEPEUSDT,at-1to1-600,25,0,-225.9,-9.03,0,0
1000PEPEUSDT,at-1to1-7200,25,0,-225.9,-9.03,0,0
1000PEPEUSDT,behind-1to1-3600,9,16,-63.4,-7.04,0,0
1000PEPEUSDT,behind-1to1-60,9,16,-68.9,-7.66,0,0
1000PEPEUSDT,behind-1to1-600,9,16,-63.4,-7.04,0,0
1000PEPEUSDT,behind-1to1-7200,9,16,-63.4,-7.04,0,0
1000PEPEUSDT,pct0.5-1to1-3600,3,22,122.2,40.72,0,0
1000PEPEUSDT,pct0.5-1to1-60,5,20,-8.4,-1.68,0,0
1000PEPEUSDT,pct0.5-1to1-600,3,22,-16.9,-5.62,0,0
1000PEPEUSDT,pct0.5-1to1-7200,3,22,139.8,46.60,0,0
1000PEPEUSDT,pct1-1to1-3600,3,22,116.1,38.69,0,0
1000PEPEUSDT,pct1-1to1-60,5,20,-8.4,-1.68,0,0
1000PEPEUSDT,pct1-1to1-600,3,22,-16.9,-5.62,0,0
1000PEPEUSDT,pct1-1to1-7200,3,22,81.2,27.06,0,0
1000PEPEUSDT,pct2-1to1-3600,3,22,116.1,38.69,0,0
1000PEPEUSDT,pct2-1to1-60,5,20,-8.4,-1.68,0,0
1000PEPEUSDT,pct2-1to1-600,3,22,-16.9,-5.62,0,0
1000PEPEUSDT,pct2-1to1-7200,3,22,138.9,46.29,0,0
1000PEPEUSDT,stack2-1to1-3600,5,20,-23.2,-4.64,0,0
1000PEPEUSDT,stack2-1to1-60,6,19,-14.7,-2.45,0,0
1000PEPEUSDT,stack2-1to1-600,5,20,-23.2,-4.64,0,0
1000PEPEUSDT,stack2-1to1-7200,5,20,-23.2,-4.64,0,0
ADAUSDT,at-1to1-3600,7,0,-79.5,-11.36,0,0
ADAUSDT,at-1to1-60,7,0,-79.5,-11.36,0,0
ADAUSDT,at-1to1-600,7,0,-79.5,-11.36,0,0
ADAUSDT,at-1to1-7200,7,0,-79.5,-11.36,0,0
ADAUSDT,behind-1to1-3600,3,4,-8.3,-2.78,0,0
ADAUSDT,behind-1to1-60,3,4,-3.6,-1.19,0,0
ADAUSDT,behind-1to1-600,3,4,-8.3,-2.78,0,0
ADAUSDT,behind-1to1-7200,3,4,-8.3,-2.78,0,0
ADAUSDT,pct0.5-1to1-3600,3,4,50.9,16.97,0,0
ADAUSDT,pct0.5-1to1-60,3,4,-3.6,-1.19,0,0
ADAUSDT,pct0.5-1to1-600,3,4,-28.4,-9.46,0,0
ADAUSDT,pct0.5-1to1-7200,3,4,35.6,11.88,0,0
ADAUSDT,pct1-1to1-3600,3,4,-101.9,-33.97,0,0
ADAUSDT,pct1-1to1-60,3,4,-3.6,-1.19,0,0
ADAUSDT,pct1-1to1-600,3,4,-28.4,-9.46,0,0
ADAUSDT,pct1-1to1-7200,3,4,-25.2,-8.41,0,0
ADAUSDT,pct2-1to1-3600,3,4,-111.8,-37.26,0,0
ADAUSDT,pct2-1to1-60,3,4,-3.6,-1.19,0,0
ADAUSDT,pct2-1to1-600,3,4,-28.4,-9.46,0,0
ADAUSDT,pct2-1to1-7200,3,4,-72.8,-24.25,0,0
ADAUSDT,stack2-1to1-3600,3,4,-33.6,-11.21,0,0
ADAUSDT,stack2-1to1-60,3,4,1.6,0.52,0,0
ADAUSDT,stack2-1to1-600,3,4,-33.6,-11.21,0,0
ADAUSDT,stack2-1to1-7200,3,4,-33.6,-11.21,0,0
ARBUSDT,at-1to1-3600,1,0,-13.6,-13.56,0,0
ARBUSDT,at-1to1-60,1,0,-13.6,-13.56,0,0
ARBUSDT,at-1to1-600,1,0,-13.6,-13.56,0,0
ARBUSDT,at-1to1-7200,1,0,-13.6,-13.56,0,0
ARBUSDT,behind-1to1-3600,1,0,-13.6,-13.56,0,0
ARBUSDT,behind-1to1-60,1,0,-13.6,-13.56,0,0
ARBUSDT,behind-1to1-600,1,0,-13.6,-13.56,0,0
ARBUSDT,behind-1to1-7200,1,0,-13.6,-13.56,0,0
ARBUSDT,pct0.5-1to1-3600,1,0,45.1,45.15,0,0
ARBUSDT,pct0.5-1to1-60,1,0,6.2,6.23,0,0
ARBUSDT,pct0.5-1to1-600,1,0,45.1,45.15,0,0
ARBUSDT,pct0.5-1to1-7200,1,0,45.1,45.15,0,0
ARBUSDT,pct1-1to1-3600,1,0,94.6,94.62,0,0
ARBUSDT,pct1-1to1-60,1,0,6.2,6.23,0,0
ARBUSDT,pct1-1to1-600,1,0,94.6,94.62,0,0
ARBUSDT,pct1-1to1-7200,1,0,94.6,94.62,0,0
ARBUSDT,pct2-1to1-3600,1,0,-208.8,-208.79,0,0
ARBUSDT,pct2-1to1-60,1,0,6.2,6.23,0,0
ARBUSDT,pct2-1to1-600,1,0,-22.1,-22.13,0,0
ARBUSDT,pct2-1to1-7200,1,0,-208.8,-208.79,0,0
ASTRUSDT,at-1to1-3600,1,0,-5.9,-5.95,0,0
ASTRUSDT,at-1to1-60,1,0,-5.9,-5.95,0,0
ASTRUSDT,at-1to1-600,1,0,-5.9,-5.95,0,0
ASTRUSDT,at-1to1-7200,1,0,-5.9,-5.95,0,0
ASTRUSDT,behind-1to1-3600,1,0,-16.7,-16.70,0,0
ASTRUSDT,behind-1to1-60,1,0,-16.7,-16.70,0,0
ASTRUSDT,behind-1to1-600,1,0,-16.7,-16.70,0,0
ASTRUSDT,behind-1to1-7200,1,0,-16.7,-16.70,0,0
ASTRUSDT,pct0.5-1to1-3600,1,0,-24.4,-24.37,0,0
ASTRUSDT,pct0.5-1to1-60,1,0,-25.9,-25.91,0,0
ASTRUSDT,pct0.5-1to1-600,1,0,-29.0,-28.98,0,0
ASTRUSDT,pct0.5-1to1-7200,1,0,-55.1,-55.09,0,0
ASTRUSDT,pct1-1to1-3600,1,0,-24.4,-24.37,0,0
ASTRUSDT,pct1-1to1-60,1,0,-25.9,-25.91,0,0
ASTRUSDT,pct1-1to1-600,1,0,-29.0,-28.98,0,0
ASTRUSDT,pct1-1to1-7200,1,0,-105.8,-105.76,0,0
ASTRUSDT,pct2-1to1-3600,1,0,-24.4,-24.37,0,0
ASTRUSDT,pct2-1to1-60,1,0,-25.9,-25.91,0,0
ASTRUSDT,pct2-1to1-600,1,0,-29.0,-28.98,0,0
ASTRUSDT,pct2-1to1-7200,1,0,-73.5,-73.51,0,0
ATOMUSDT,at-1to1-3600,2,0,-25.9,-12.93,0,0
ATOMUSDT,at-1to1-60,2,0,-25.9,-12.93,0,0
ATOMUSDT,at-1to1-600,2,0,-25.9,-12.93,0,0
ATOMUSDT,at-1to1-7200,2,0,-25.9,-12.93,0,0
ATOMUSDT,behind-1to1-3600,2,1,-39.1,-19.56,0,0
ATOMUSDT,behind-1to1-60,2,0,-12.5,-6.27,0,0
ATOMUSDT,behind-1to1-600,2,1,-39.1,-19.56,0,0
ATOMUSDT,behind-1to1-7200,2,1,-39.1,-19.56,0,0
ATOMUSDT,pct0.5-1to1-3600,2,1,-13.1,-6.56,0,0
ATOMUSDT,pct0.5-1to1-60,2,0,-12.5,-6.27,0,0
ATOMUSDT,pct0.5-1to1-600,2,1,26.8,13.42,0,0
ATOMUSDT,pct0.5-1to1-7200,2,1,-13.1,-6.56,0,0
ATOMUSDT,pct1-1to1-3600,1,2,99.2,99.24,0,0
ATOMUSDT,pct1-1to1-60,2,0,-12.5,-6.27,0,0
ATOMUSDT,pct1-1to1-600,2,1,26.8,13.42,0,0
ATOMUSDT,pct1-1to1-7200,1,2,99.2,99.24,0,0
ATOMUSDT,pct2-1to1-3600,1,2,112.4,112.43,0,0
ATOMUSDT,pct2-1to1-60,2,0,-12.5,-6.27,0,0
ATOMUSDT,pct2-1to1-600,2,1,26.8,13.42,0,0
ATOMUSDT,pct2-1to1-7200,1,2,86.0,86.05,0,0
ATOMUSDT,stack2-1to1-3600,2,1,-52.4,-26.19,0,0
ATOMUSDT,stack2-1to1-60,2,0,-12.5,-6.27,0,0
ATOMUSDT,stack2-1to1-600,2,1,-52.4,-26.19,0,0
ATOMUSDT,stack2-1to1-7200,2,1,-52.4,-26.19,0,0
BCHUSDT,at-1to1-3600,14,0,-148.6,-10.62,0,0
BCHUSDT,at-1to1-60,14,0,-148.6,-10.62,0,0
BCHUSDT,at-1to1-600,14,0,-148.6,-10.62,0,0
BCHUSDT,at-1to1-7200,14,0,-148.6,-10.62,0,0
BCHUSDT,behind-1to1-3600,6,10,-84.8,-14.14,0,0
BCHUSDT,behind-1to1-60,8,8,-88.9,-11.11,0,0
BCHUSDT,behind-1to1-600,6,10,-84.8,-14.14,0,0
BCHUSDT,behind-1to1-7200,6,10,-84.8,-14.14,0,0
BCHUSDT,pct0.5-1to1-3600,3,13,-87.5,-29.15,0,0
BCHUSDT,pct0.5-1to1-60,7,9,-96.3,-13.76,0,0
BCHUSDT,pct0.5-1to1-600,3,13,-123.6,-41.22,0,0
BCHUSDT,pct0.5-1to1-7200,3,13,-173.4,-57.80,0,0
BCHUSDT,pct1-1to1-3600,3,13,-108.8,-36.28,0,0
BCHUSDT,pct1-1to1-60,7,9,-96.3,-13.76,0,0
BCHUSDT,pct1-1to1-600,3,13,-127.9,-42.64,0,0
BCHUSDT,pct1-1to1-7200,3,13,-110.6,-36.86,0,0
BCHUSDT,pct2-1to1-3600,3,13,-108.8,-36.28,0,0
BCHUSDT,pct2-1to1-60,7,9,-96.3,-13.76,0,0
BCHUSDT,pct2-1to1-600,3,13,-127.9,-42.64,0,0
BCHUSDT,pct2-1to1-7200,3,13,-114.8,-38.28,0,0
BCHUSDT,stack2-1to1-3600,5,10,-96.2,-19.25,0,0
BCHUSDT,stack2-1to1-60,7,8,-96.0,-13.72,0,0
BCHUSDT,stack2-1to1-600,5,10,-96.2,-19.25,0,0
BCHUSDT,stack2-1to1-7200,5,10,-96.2,-19.25,0,0
BNBUSDT,at-1to1-3600,3,0,-23.1,-7.69,0,0
BNBUSDT,at-1to1-60,3,0,-23.1,-7.69,0,0
BNBUSDT,at-1to1-600,3,0,-23.1,-7.69,0,0
BNBUSDT,at-1to1-7200,3,0,-23.1,-7.69,0,0
BNBUSDT,behind-1to1-3600,2,1,-18.1,-9.06,0,0
BNBUSDT,behind-1to1-60,2,1,-15.3,-7.65,0,0
BNBUSDT,behind-1to1-600,2,1,-18.1,-9.06,0,0
BNBUSDT,behind-1to1-7200,2,1,-18.1,-9.06,0,0
BNBUSDT,pct0.5-1to1-3600,2,1,29.9,14.93,0,0
BNBUSDT,pct0.5-1to1-60,2,1,-18.0,-9.01,0,0
BNBUSDT,pct0.5-1to1-600,2,1,28.9,14.45,0,0
BNBUSDT,pct0.5-1to1-7200,2,1,88.1,44.06,0,0
BNBUSDT,pct1-1to1-3600,2,1,7.4,3.69,0,0
BNBUSDT,pct1-1to1-60,2,1,-18.0,-9.01,0,0
BNBUSDT,pct1-1to1-600,2,1,28.9,14.45,0,0
BNBUSDT,pct1-1to1-7200,2,1,15.6,7.79,0,0
BNBUSDT,pct2-1to1-3600,2,1,7.4,3.69,0,0
BNBUSDT,pct2-1to1-60,2,1,-18.0,-9.01,0,0
BNBUSDT,pct2-1to1-600,2,1,28.9,14.45,0,0
BNBUSDT,pct2-1to1-7200,2,1,15.6,7.79,0,0
BNBUSDT,stack2-1to1-3600,2,1,-12.4,-6.22,0,0
BNBUSDT,stack2-1to1-60,2,1,-16.7,-8.33,0,0
BNBUSDT,stack2-1to1-600,2,1,-12.4,-6.22,0,0
BNBUSDT,stack2-1to1-7200,2,1,-12.4,-6.22,0,0
BZUSDT,at-1to1-3600,12,0,-77.1,-6.42,0,0
BZUSDT,at-1to1-60,12,0,-77.1,-6.42,0,0
BZUSDT,at-1to1-600,12,0,-77.1,-6.42,0,0
BZUSDT,at-1to1-7200,12,0,-77.1,-6.42,0,0
BZUSDT,before-1to1-3600,1,0,-6.3,-6.30,0,0
BZUSDT,before-1to1-60,1,0,-6.3,-6.30,0,0
BZUSDT,before-1to1-600,1,0,-6.3,-6.30,0,0
BZUSDT,before-1to1-7200,1,0,-6.3,-6.30,0,0
BZUSDT,behind-1to1-3600,6,8,-28.3,-4.71,0,0
BZUSDT,behind-1to1-60,6,8,-32.2,-5.37,0,0
BZUSDT,behind-1to1-600,6,8,-28.3,-4.71,0,0
BZUSDT,behind-1to1-7200,6,8,-28.3,-4.71,0,0
BZUSDT,midfr-1to1-3600,1,0,-6.3,-6.30,0,0
BZUSDT,midfr-1to1-60,1,0,-6.3,-6.30,0,0
BZUSDT,midfr-1to1-600,1,0,-6.3,-6.30,0,0
BZUSDT,midfr-1to1-7200,1,0,-6.3,-6.30,0,0
BZUSDT,pct0.5-1to1-3600,4,11,79.7,19.93,0,0
BZUSDT,pct0.5-1to1-60,5,9,-20.9,-4.18,0,0
BZUSDT,pct0.5-1to1-600,4,11,18.4,4.60,0,0
BZUSDT,pct0.5-1to1-7200,4,11,131.0,32.74,0,0
BZUSDT,pct1-1to1-3600,4,11,104.6,26.14,0,0
BZUSDT,pct1-1to1-60,5,9,-20.9,-4.18,0,0
BZUSDT,pct1-1to1-600,4,11,18.4,4.60,0,0
BZUSDT,pct1-1to1-7200,3,12,-40.7,-13.56,0,0
BZUSDT,pct2-1to1-3600,4,11,104.6,26.14,0,0
BZUSDT,pct2-1to1-60,5,9,-20.9,-4.18,0,0
BZUSDT,pct2-1to1-600,4,11,18.4,4.60,0,0
BZUSDT,pct2-1to1-7200,3,12,-40.7,-13.56,0,0
BZUSDT,stack2-1to1-3600,5,9,-12.0,-2.40,0,0
BZUSDT,stack2-1to1-60,5,9,-24.9,-4.97,0,0
BZUSDT,stack2-1to1-600,5,9,-12.0,-2.40,0,0
BZUSDT,stack2-1to1-7200,5,9,-12.0,-2.40,0,0
COINUSDT,at-1to1-3600,7,0,-37.5,-5.36,0,0
COINUSDT,at-1to1-60,7,0,-37.5,-5.36,0,0
COINUSDT,at-1to1-600,7,0,-37.5,-5.36,0,0
COINUSDT,at-1to1-7200,7,0,-37.5,-5.36,0,0
COINUSDT,before-1to1-3600,1,0,-5.6,-5.57,0,0
COINUSDT,before-1to1-60,1,0,-5.6,-5.57,0,0
COINUSDT,before-1to1-600,1,0,-5.6,-5.57,0,0
COINUSDT,before-1to1-7200,1,0,-5.6,-5.57,0,0
COINUSDT,behind-1to1-3600,5,3,-41.1,-8.22,0,0
COINUSDT,behind-1to1-60,5,3,-41.1,-8.22,0,0
COINUSDT,behind-1to1-600,5,3,-41.1,-8.22,0,0
COINUSDT,behind-1to1-7200,5,3,-41.1,-8.22,0,0
COINUSDT,midfr-1to1-3600,1,0,-5.6,-5.57,0,0
COINUSDT,midfr-1to1-60,1,0,-5.6,-5.57,0,0
COINUSDT,midfr-1to1-600,1,0,-5.6,-5.57,0,0
COINUSDT,midfr-1to1-7200,1,0,-5.6,-5.57,0,0
COINUSDT,pct0.5-1to1-3600,2,6,-93.6,-46.82,0,0
COINUSDT,pct0.5-1to1-60,2,6,-14.7,-7.35,0,0
COINUSDT,pct0.5-1to1-600,2,6,-59.0,-29.49,0,0
COINUSDT,pct0.5-1to1-7200,2,6,-105.8,-52.89,0,0
COINUSDT,pct1-1to1-3600,2,6,-140.0,-70.00,0,0
COINUSDT,pct1-1to1-60,2,6,-14.7,-7.35,0,0
COINUSDT,pct1-1to1-600,2,6,-105.3,-52.67,0,0
COINUSDT,pct1-1to1-7200,2,6,-145.2,-72.60,0,0
COINUSDT,pct2-1to1-3600,2,6,-239.3,-119.67,0,0
COINUSDT,pct2-1to1-60,2,6,-14.7,-7.35,0,0
COINUSDT,pct2-1to1-600,2,6,75.9,37.94,0,0
COINUSDT,pct2-1to1-7200,2,6,-244.5,-122.27,0,0
COINUSDT,stack2-1to1-3600,2,2,-22.6,-11.30,0,0
COINUSDT,stack2-1to1-60,2,2,-38.8,-19.39,0,0
COINUSDT,stack2-1to1-600,2,2,-30.7,-15.34,0,0
COINUSDT,stack2-1to1-7200,2,2,-22.6,-11.30,0,0
CVCUSDT,at-1to1-3600,1,0,-6.3,-6.30,0,0
CVCUSDT,at-1to1-60,1,0,-6.3,-6.30,0,0
CVCUSDT,at-1to1-600,1,0,-6.3,-6.30,0,0
CVCUSDT,at-1to1-7200,1,0,-6.3,-6.30,0,0
CVCUSDT,behind-1to1-3600,1,0,1.0,1.04,0,0
CVCUSDT,behind-1to1-60,1,0,1.0,1.04,0,0
CVCUSDT,behind-1to1-600,1,0,1.0,1.04,0,0
CVCUSDT,behind-1to1-7200,1,0,1.0,1.04,0,0
CVCUSDT,pct0.5-1to1-3600,1,0,48.8,48.79,0,0
CVCUSDT,pct0.5-1to1-60,1,0,48.8,48.79,0,0
CVCUSDT,pct0.5-1to1-600,1,0,48.8,48.79,0,0
CVCUSDT,pct0.5-1to1-7200,1,0,48.8,48.79,0,0
CVCUSDT,pct1-1to1-3600,1,0,96.5,96.53,0,0
CVCUSDT,pct1-1to1-60,1,0,4.7,4.72,0,0
CVCUSDT,pct1-1to1-600,1,0,96.5,96.53,0,0
CVCUSDT,pct1-1to1-7200,1,0,96.5,96.53,0,0
CVCUSDT,pct2-1to1-3600,1,0,195.7,195.68,0,0
CVCUSDT,pct2-1to1-60,1,0,4.7,4.72,0,0
CVCUSDT,pct2-1to1-600,1,0,59.8,59.80,0,0
CVCUSDT,pct2-1to1-7200,1,0,195.7,195.68,0,0
CVCUSDT,stack2-1to1-3600,1,0,6.6,6.61,0,0
CVCUSDT,stack2-1to1-60,1,0,6.6,6.61,0,0
CVCUSDT,stack2-1to1-600,1,0,6.6,6.61,0,0
CVCUSDT,stack2-1to1-7200,1,0,6.6,6.61,0,0
DRAMUSDT,at-1to1-3600,99,14,-700.5,-7.08,0,0
DRAMUSDT,at-1to1-60,99,14,-700.5,-7.08,0,0
DRAMUSDT,at-1to1-600,99,14,-700.5,-7.08,0,0
DRAMUSDT,at-1to1-7200,99,14,-700.5,-7.08,0,0
DRAMUSDT,behind-1to1-3600,45,89,-314.1,-6.98,0,0
DRAMUSDT,behind-1to1-60,45,89,-310.7,-6.90,0,0
DRAMUSDT,behind-1to1-600,45,89,-314.1,-6.98,0,0
DRAMUSDT,behind-1to1-7200,45,89,-314.1,-6.98,0,0
DRAMUSDT,pct0.5-1to1-3600,4,156,-76.0,-19.00,0,0
DRAMUSDT,pct0.5-1to1-60,10,148,-92.0,-9.20,0,0
DRAMUSDT,pct0.5-1to1-600,5,154,-51.3,-10.26,0,0
DRAMUSDT,pct0.5-1to1-7200,4,156,-91.5,-22.88,0,0
DRAMUSDT,pct1-1to1-3600,4,156,-35.5,-8.87,0,0
DRAMUSDT,pct1-1to1-60,10,148,-92.0,-9.20,0,0
DRAMUSDT,pct1-1to1-600,5,154,-23.7,-4.73,0,0
DRAMUSDT,pct1-1to1-7200,4,156,23.2,5.80,0,0
DRAMUSDT,pct2-1to1-3600,4,156,-70.9,-17.73,0,0
DRAMUSDT,pct2-1to1-60,10,148,-92.0,-9.20,0,0
DRAMUSDT,pct2-1to1-600,5,154,-23.7,-4.73,0,0
DRAMUSDT,pct2-1to1-7200,4,156,17.9,4.47,0,0
DRAMUSDT,stack2-1to1-3600,28,115,-213.0,-7.61,0,0
DRAMUSDT,stack2-1to1-60,29,113,-222.7,-7.68,0,0
DRAMUSDT,stack2-1to1-600,28,115,-213.0,-7.61,0,0
DRAMUSDT,stack2-1to1-7200,28,115,-213.0,-7.61,0,0
EWYUSDT,at-1to1-3600,7,0,-40.4,-5.77,0,0
EWYUSDT,at-1to1-60,7,0,-40.4,-5.77,0,0
EWYUSDT,at-1to1-600,7,0,-40.4,-5.77,0,0
EWYUSDT,at-1to1-7200,7,0,-40.4,-5.77,0,0
EWYUSDT,behind-1to1-3600,7,0,-42.1,-6.01,0,0
EWYUSDT,behind-1to1-60,7,0,-42.1,-6.01,0,0
EWYUSDT,behind-1to1-600,7,0,-42.1,-6.01,0,0
EWYUSDT,behind-1to1-7200,7,0,-42.1,-6.01,0,0
EWYUSDT,pct0.5-1to1-3600,3,7,16.6,5.53,0,0
EWYUSDT,pct0.5-1to1-60,4,6,-42.6,-10.65,0,0
EWYUSDT,pct0.5-1to1-600,3,7,-32.7,-10.91,0,0
EWYUSDT,pct0.5-1to1-7200,3,7,37.2,12.41,0,0
EWYUSDT,pct1-1to1-3600,3,7,16.6,5.53,0,0
EWYUSDT,pct1-1to1-60,4,6,-42.6,-10.65,0,0
EWYUSDT,pct1-1to1-600,3,7,-32.7,-10.91,0,0
EWYUSDT,pct1-1to1-7200,3,7,40.6,13.52,0,0
EWYUSDT,pct2-1to1-3600,3,7,16.6,5.53,0,0
EWYUSDT,pct2-1to1-60,4,6,-42.6,-10.65,0,0
EWYUSDT,pct2-1to1-600,3,7,-32.7,-10.91,0,0
EWYUSDT,pct2-1to1-7200,3,7,40.6,13.52,0,0
EWYUSDT,stack2-1to1-3600,5,5,-44.3,-8.86,0,0
EWYUSDT,stack2-1to1-60,5,5,-41.5,-8.30,0,0
EWYUSDT,stack2-1to1-600,5,5,-44.3,-8.86,0,0
EWYUSDT,stack2-1to1-7200,5,5,-44.3,-8.86,0,0
GOOGLUSDT,at-1to1-3600,1,0,-4.7,-4.70,0,0
GOOGLUSDT,at-1to1-60,1,0,-4.7,-4.70,0,0
GOOGLUSDT,at-1to1-600,1,0,-4.7,-4.70,0,0
GOOGLUSDT,at-1to1-7200,1,0,-4.7,-4.70,0,0
GOOGLUSDT,behind-1to1-3600,1,0,-5.8,-5.85,0,0
GOOGLUSDT,behind-1to1-60,1,0,-5.8,-5.85,0,0
GOOGLUSDT,behind-1to1-600,1,0,-5.8,-5.85,0,0
GOOGLUSDT,behind-1to1-7200,1,0,-5.8,-5.85,0,0
GOOGLUSDT,pct0.5-1to1-3600,1,0,-8.2,-8.15,0,0
GOOGLUSDT,pct0.5-1to1-60,1,0,-10.2,-10.17,0,0
GOOGLUSDT,pct0.5-1to1-600,1,0,-11.0,-11.03,0,0
GOOGLUSDT,pct0.5-1to1-7200,1,0,-5.0,-4.99,0,0
GOOGLUSDT,pct1-1to1-3600,1,0,-8.2,-8.15,0,0
GOOGLUSDT,pct1-1to1-60,1,0,-10.2,-10.17,0,0
GOOGLUSDT,pct1-1to1-600,1,0,-11.0,-11.03,0,0
GOOGLUSDT,pct1-1to1-7200,1,0,-5.0,-4.99,0,0
GOOGLUSDT,pct2-1to1-3600,1,0,-8.2,-8.15,0,0
GOOGLUSDT,pct2-1to1-60,1,0,-10.2,-10.17,0,0
GOOGLUSDT,pct2-1to1-600,1,0,-11.0,-11.03,0,0
GOOGLUSDT,pct2-1to1-7200,1,0,-5.0,-4.99,0,0
GOOGLUSDT,stack2-1to1-3600,1,0,-8.2,-8.15,0,0
GOOGLUSDT,stack2-1to1-60,1,0,-10.2,-10.17,0,0
GOOGLUSDT,stack2-1to1-600,1,0,-11.0,-11.03,0,0
GOOGLUSDT,stack2-1to1-7200,1,0,-5.0,-4.99,0,0
HYPEUSDT,at-1to1-3600,1,0,-7.5,-7.47,0,0
HYPEUSDT,at-1to1-60,1,0,-7.5,-7.47,0,0
HYPEUSDT,at-1to1-600,1,0,-7.5,-7.47,0,0
HYPEUSDT,at-1to1-7200,1,0,-7.5,-7.47,0,0
HYPEUSDT,behind-1to1-3600,1,0,-8.6,-8.65,0,0
HYPEUSDT,behind-1to1-60,1,0,-8.6,-8.65,0,0
HYPEUSDT,behind-1to1-600,1,0,-8.6,-8.65,0,0
HYPEUSDT,behind-1to1-7200,1,0,-8.6,-8.65,0,0
HYPEUSDT,pct0.5-1to1-3600,1,0,45.4,45.39,0,0
HYPEUSDT,pct0.5-1to1-60,1,0,3.1,3.10,0,0
HYPEUSDT,pct0.5-1to1-600,1,0,45.4,45.39,0,0
HYPEUSDT,pct0.5-1to1-7200,1,0,45.4,45.39,0,0
HYPEUSDT,pct1-1to1-3600,1,0,94.7,94.73,0,0
HYPEUSDT,pct1-1to1-60,1,0,3.1,3.10,0,0
HYPEUSDT,pct1-1to1-600,1,0,39.5,39.52,0,0
HYPEUSDT,pct1-1to1-7200,1,0,94.7,94.73,0,0
HYPEUSDT,pct2-1to1-3600,1,0,134.7,134.68,0,0
HYPEUSDT,pct2-1to1-60,1,0,3.1,3.10,0,0
HYPEUSDT,pct2-1to1-600,1,0,39.5,39.52,0,0
HYPEUSDT,pct2-1to1-7200,1,0,194.6,194.59,0,0
HYPEUSDT,stack2-1to1-3600,1,0,-11.0,-11.00,0,0
HYPEUSDT,stack2-1to1-60,1,0,-11.0,-11.00,0,0
HYPEUSDT,stack2-1to1-600,1,0,-11.0,-11.00,0,0
HYPEUSDT,stack2-1to1-7200,1,0,-11.0,-11.00,0,0
ICPUSDT,at-1to1-3600,2,0,-20.3,-10.17,0,0
ICPUSDT,at-1to1-60,2,0,-20.3,-10.17,0,0
ICPUSDT,at-1to1-600,2,0,-20.3,-10.17,0,0
ICPUSDT,at-1to1-7200,2,0,-20.3,-10.17,0,0
ICPUSDT,behind-1to1-3600,1,1,-17.9,-17.92,0,0
ICPUSDT,behind-1to1-60,1,1,-17.9,-17.92,0,0
ICPUSDT,behind-1to1-600,1,1,-17.9,-17.92,0,0
ICPUSDT,behind-1to1-7200,1,1,-17.9,-17.92,0,0
ICPUSDT,pct0.5-1to1-3600,1,1,-56.7,-56.67,0,0
ICPUSDT,pct0.5-1to1-60,1,1,-33.4,-33.42,0,0
ICPUSDT,pct0.5-1to1-600,1,1,-29.5,-29.55,0,0
ICPUSDT,pct0.5-1to1-7200,1,1,-56.7,-56.67,0,0
ICPUSDT,pct1-1to1-3600,1,1,-107.0,-107.04,0,0
ICPUSDT,pct1-1to1-60,1,1,-33.4,-33.42,0,0
ICPUSDT,pct1-1to1-600,1,1,-29.5,-29.55,0,0
ICPUSDT,pct1-1to1-7200,1,1,-107.0,-107.04,0,0
ICPUSDT,pct2-1to1-3600,1,1,-60.5,-60.54,0,0
ICPUSDT,pct2-1to1-60,1,1,-33.4,-33.42,0,0
ICPUSDT,pct2-1to1-600,1,1,-29.5,-29.55,0,0
ICPUSDT,pct2-1to1-7200,1,1,-114.8,-114.79,0,0
JUPUSDT,at-1to1-3600,2,0,-18.1,-9.05,0,0
JUPUSDT,at-1to1-60,2,0,-18.1,-9.05,0,0
JUPUSDT,at-1to1-600,2,0,-18.1,-9.05,0,0
JUPUSDT,at-1to1-7200,2,0,-18.1,-9.05,0,0
JUPUSDT,behind-1to1-3600,1,1,-27.6,-27.60,0,0
JUPUSDT,behind-1to1-60,1,1,-9.0,-9.05,0,0
JUPUSDT,behind-1to1-600,1,1,-27.6,-27.60,0,0
JUPUSDT,behind-1to1-7200,1,1,-27.6,-27.60,0,0
JUPUSDT,pct0.5-1to1-3600,1,1,46.6,46.61,0,0
JUPUSDT,pct0.5-1to1-60,1,1,-9.0,-9.05,0,0
JUPUSDT,pct0.5-1to1-600,1,1,46.6,46.61,0,0
JUPUSDT,pct0.5-1to1-7200,1,1,46.6,46.61,0,0
JUPUSDT,pct1-1to1-3600,1,1,-23.0,-22.96,0,0
JUPUSDT,pct1-1to1-60,1,1,-9.0,-9.05,0,0
JUPUSDT,pct1-1to1-600,1,1,23.4,23.42,0,0
JUPUSDT,pct1-1to1-7200,1,1,-101.8,-101.81,0,0
JUPUSDT,pct2-1to1-3600,1,1,-23.0,-22.96,0,0
JUPUSDT,pct2-1to1-60,1,1,-9.0,-9.05,0,0
JUPUSDT,pct2-1to1-600,1,1,23.4,23.42,0,0
JUPUSDT,pct2-1to1-7200,1,1,-157.5,-157.47,0,0
JUPUSDT,stack2-1to1-3600,1,1,23.4,23.42,0,0
JUPUSDT,stack2-1to1-60,1,1,-9.0,-9.05,0,0
JUPUSDT,stack2-1to1-600,1,1,23.4,23.42,0,0
JUPUSDT,stack2-1to1-7200,1,1,23.4,23.42,0,0
KORUUSDT,at-1to1-3600,23,2,-242.7,-10.55,0,0
KORUUSDT,at-1to1-60,23,2,-242.7,-10.55,0,0
KORUUSDT,at-1to1-600,23,2,-242.7,-10.55,0,0
KORUUSDT,at-1to1-7200,23,2,-242.7,-10.55,0,0
KORUUSDT,behind-1to1-3600,8,17,-64.5,-8.07,0,0
KORUUSDT,behind-1to1-60,8,17,-64.5,-8.07,0,0
KORUUSDT,behind-1to1-600,8,17,-64.5,-8.07,0,0
KORUUSDT,behind-1to1-7200,8,17,-64.5,-8.07,0,0
KORUUSDT,pct0.5-1to1-3600,3,23,-64.7,-21.58,0,0
KORUUSDT,pct0.5-1to1-60,3,23,-27.5,-9.16,0,0
KORUUSDT,pct0.5-1to1-600,3,23,-64.7,-21.58,0,0
KORUUSDT,pct0.5-1to1-7200,3,23,-64.7,-21.58,0,0
KORUUSDT,pct1-1to1-3600,3,23,82.6,27.55,0,0
KORUUSDT,pct1-1to1-60,3,23,-29.2,-9.72,0,0
KORUUSDT,pct1-1to1-600,3,23,-45.1,-15.05,0,0
KORUUSDT,pct1-1to1-7200,3,23,82.6,27.55,0,0
KORUUSDT,pct2-1to1-3600,3,23,40.4,13.46,0,0
KORUUSDT,pct2-1to1-60,3,23,70.5,23.52,0,0
KORUUSDT,pct2-1to1-600,3,23,39.4,13.14,0,0
KORUUSDT,pct2-1to1-7200,3,23,-167.3,-55.76,0,0
KORUUSDT,stack2-1to1-3600,4,19,-1.0,-0.25,0,0
KORUUSDT,stack2-1to1-60,4,19,-1.0,-0.25,0,0
KORUUSDT,stack2-1to1-600,4,19,-1.0,-0.25,0,0
KORUUSDT,stack2-1to1-7200,4,19,-1.0,-0.25,0,0
LITUSDT,at-1to1-3600,3,0,-19.2,-6.40,0,0
LITUSDT,at-1to1-60,3,0,-19.2,-6.40,0,0
LITUSDT,at-1to1-600,3,0,-19.2,-6.40,0,0
LITUSDT,at-1to1-7200,3,0,-19.2,-6.40,0,0
LITUSDT,behind-1to1-3600,3,1,-2.7,-0.89,0,0
LITUSDT,behind-1to1-60,3,1,-2.7,-0.89,0,0
LITUSDT,behind-1to1-600,3,1,-2.7,-0.89,0,0
LITUSDT,behind-1to1-7200,3,1,-2.7,-0.89,0,0
LITUSDT,pct0.5-1to1-3600,2,3,-7.4,-3.72,0,0
LITUSDT,pct0.5-1to1-60,2,3,-21.7,-10.87,0,0
LITUSDT,pct0.5-1to1-600,2,3,-42.1,-21.04,0,0
LITUSDT,pct0.5-1to1-7200,2,3,-7.4,-3.72,0,0
LITUSDT,pct1-1to1-3600,2,3,-16.8,-8.38,0,0
LITUSDT,pct1-1to1-60,2,3,-21.7,-10.87,0,0
LITUSDT,pct1-1to1-600,2,3,-64.4,-32.22,0,0
LITUSDT,pct1-1to1-7200,2,3,-16.8,-8.38,0,0
LITUSDT,pct2-1to1-3600,2,3,68.7,34.35,0,0
LITUSDT,pct2-1to1-60,2,3,-21.7,-10.87,0,0
LITUSDT,pct2-1to1-600,2,3,-64.4,-32.22,0,0
LITUSDT,pct2-1to1-7200,2,3,-8.6,-4.29,0,0
MSFTUSDT,at-1to1-3600,4,0,-25.9,-6.47,0,0
MSFTUSDT,at-1to1-60,4,0,-25.9,-6.47,0,0
MSFTUSDT,at-1to1-600,4,0,-25.9,-6.47,0,0
MSFTUSDT,at-1to1-7200,4,0,-25.9,-6.47,0,0
MSFTUSDT,before-1to1-3600,3,0,-21.3,-7.08,0,0
MSFTUSDT,before-1to1-60,3,0,-21.3,-7.08,0,0
MSFTUSDT,before-1to1-600,3,0,-21.3,-7.08,0,0
MSFTUSDT,before-1to1-7200,3,0,-21.3,-7.08,0,0
MSFTUSDT,behind-1to1-3600,2,21,-6.2,-3.10,0,0
MSFTUSDT,behind-1to1-60,3,10,-14.9,-4.97,0,0
MSFTUSDT,behind-1to1-600,2,21,-7.8,-3.91,0,0
MSFTUSDT,behind-1to1-7200,2,21,-6.2,-3.10,0,0
MSFTUSDT,midfr-1to1-3600,3,0,-21.3,-7.08,0,0
MSFTUSDT,midfr-1to1-60,3,0,-21.3,-7.08,0,0
MSFTUSDT,midfr-1to1-600,3,0,-21.3,-7.08,0,0
MSFTUSDT,midfr-1to1-7200,3,0,-21.3,-7.08,0,0
MSFTUSDT,pct0.5-1to1-3600,2,21,-12.0,-6.02,0,0
MSFTUSDT,pct0.5-1to1-60,3,10,-14.3,-4.77,0,0
MSFTUSDT,pct0.5-1to1-600,2,21,-12.6,-6.32,0,0
MSFTUSDT,pct0.5-1to1-7200,1,0,-6.8,-6.82,0,0
MSFTUSDT,pct1-1to1-3600,2,21,-12.0,-6.02,0,0
MSFTUSDT,pct1-1to1-60,3,10,-14.3,-4.77,0,0
MSFTUSDT,pct1-1to1-600,2,21,-12.6,-6.32,0,0
MSFTUSDT,pct1-1to1-7200,1,0,-6.8,-6.82,0,0
MSFTUSDT,pct2-1to1-3600,2,21,-12.0,-6.02,0,0
MSFTUSDT,pct2-1to1-60,3,10,-14.3,-4.77,0,0
MSFTUSDT,pct2-1to1-600,2,21,-12.6,-6.32,0,0
MSFTUSDT,pct2-1to1-7200,1,0,-6.8,-6.82,0,0
MSFTUSDT,stack2-1to1-3600,2,21,5.3,2.63,0,0
MSFTUSDT,stack2-1to1-60,3,10,-14.3,-4.77,0,0
MSFTUSDT,stack2-1to1-600,2,21,-12.6,-6.32,0,0
MSFTUSDT,stack2-1to1-7200,2,21,5.3,2.63,0,0
MSTRUSDT,at-1to1-3600,2,0,-12.3,-6.13,0,0
MSTRUSDT,at-1to1-60,2,0,-12.3,-6.13,0,0
MSTRUSDT,at-1to1-600,2,0,-12.3,-6.13,0,0
MSTRUSDT,at-1to1-7200,2,0,-12.3,-6.13,0,0
MSTRUSDT,behind-1to1-3600,2,0,-13.0,-6.52,0,0
MSTRUSDT,behind-1to1-60,2,0,-13.0,-6.52,0,0
MSTRUSDT,behind-1to1-600,2,0,-13.0,-6.52,0,0
MSTRUSDT,behind-1to1-7200,2,0,-13.0,-6.52,0,0
MSTRUSDT,pct0.5-1to1-3600,2,0,19.6,9.82,0,0
MSTRUSDT,pct0.5-1to1-60,2,0,-31.8,-15.89,0,0
MSTRUSDT,pct0.5-1to1-600,2,0,-1.4,-0.68,0,0
MSTRUSDT,pct0.5-1to1-7200,2,0,90.7,45.34,0,0
MSTRUSDT,pct1-1to1-3600,2,0,22.0,10.99,0,0
MSTRUSDT,pct1-1to1-60,2,0,-31.8,-15.89,0,0
MSTRUSDT,pct1-1to1-600,2,0,-1.4,-0.68,0,0
MSTRUSDT,pct1-1to1-7200,2,0,4.2,2.08,0,0
MSTRUSDT,pct2-1to1-3600,2,0,22.0,10.99,0,0
MSTRUSDT,pct2-1to1-60,2,0,-31.8,-15.89,0,0
MSTRUSDT,pct2-1to1-600,2,0,-1.4,-0.68,0,0
MSTRUSDT,pct2-1to1-7200,2,0,4.2,2.08,0,0
MSTRUSDT,stack2-1to1-3600,2,0,-30.2,-15.10,0,0
MSTRUSDT,stack2-1to1-60,2,0,-30.2,-15.10,0,0
MSTRUSDT,stack2-1to1-600,2,0,-30.2,-15.10,0,0
MSTRUSDT,stack2-1to1-7200,2,0,-30.2,-15.10,0,0
MUUSDT,at-1to1-3600,5,0,-26.3,-5.27,0,0
MUUSDT,at-1to1-60,5,0,-26.3,-5.27,0,0
MUUSDT,at-1to1-600,5,0,-26.3,-5.27,0,0
MUUSDT,at-1to1-7200,5,0,-26.3,-5.27,0,0
MUUSDT,behind-1to1-3600,4,1,-23.6,-5.89,0,0
MUUSDT,behind-1to1-60,4,1,-21.9,-5.48,0,0
MUUSDT,behind-1to1-600,4,1,-23.6,-5.89,0,0
MUUSDT,behind-1to1-7200,4,1,-23.6,-5.89,0,0
MUUSDT,pct0.5-1to1-3600,2,0,-33.4,-16.68,0,0
MUUSDT,pct0.5-1to1-60,4,1,-7.2,-1.80,0,0
MUUSDT,pct0.5-1to1-600,3,2,-9.4,-3.12,0,0
MUUSDT,pct0.5-1to1-7200,2,0,-71.4,-35.71,0,0
MUUSDT,pct1-1to1-3600,2,0,-29.9,-14.95,0,0
MUUSDT,pct1-1to1-60,4,1,-7.2,-1.80,0,0
MUUSDT,pct1-1to1-600,3,2,-9.4,-3.12,0,0
MUUSDT,pct1-1to1-7200,2,0,-63.1,-31.54,0,0
MUUSDT,pct2-1to1-3600,2,0,-29.9,-14.95,0,0
MUUSDT,pct2-1to1-60,4,1,-7.2,-1.80,0,0
MUUSDT,pct2-1to1-600,3,2,-9.4,-3.12,0,0
MUUSDT,pct2-1to1-7200,2,0,-63.1,-31.54,0,0
MUUSDT,stack2-1to1-3600,2,1,-3.6,-1.78,0,0
MUUSDT,stack2-1to1-60,2,1,-10.4,-5.22,0,0
MUUSDT,stack2-1to1-600,2,1,-13.3,-6.65,0,0
MUUSDT,stack2-1to1-7200,2,1,-3.6,-1.78,0,0
NBISUSDT,at-1to1-3600,2,0,-10.3,-5.13,0,0
NBISUSDT,at-1to1-60,2,0,-10.3,-5.13,0,0
NBISUSDT,at-1to1-600,2,0,-10.3,-5.13,0,0
NBISUSDT,at-1to1-7200,2,0,-10.3,-5.13,0,0
NBISUSDT,before-1to1-3600,1,0,-5.4,-5.37,0,0
NBISUSDT,before-1to1-60,1,0,-5.4,-5.37,0,0
NBISUSDT,before-1to1-600,1,0,-5.4,-5.37,0,0
NBISUSDT,before-1to1-7200,1,0,-5.4,-5.37,0,0
NBISUSDT,behind-1to1-3600,1,2,-9.7,-9.67,0,0
NBISUSDT,behind-1to1-60,1,2,-9.7,-9.67,0,0
NBISUSDT,behind-1to1-600,1,2,-9.7,-9.67,0,0
NBISUSDT,behind-1to1-7200,1,2,-9.7,-9.67,0,0
NBISUSDT,midfr-1to1-3600,1,0,-5.4,-5.37,0,0
NBISUSDT,midfr-1to1-60,1,0,-5.4,-5.37,0,0
NBISUSDT,midfr-1to1-600,1,0,-5.4,-5.37,0,0
NBISUSDT,midfr-1to1-7200,1,0,-5.4,-5.37,0,0
NBISUSDT,pct0.5-1to1-3600,1,2,-22.1,-22.10,0,0
NBISUSDT,pct0.5-1to1-60,1,2,-9.2,-9.19,0,0
NBISUSDT,pct0.5-1to1-600,1,2,-2.5,-2.50,0,0
NBISUSDT,pct0.5-1to1-7200,1,2,-55.1,-55.08,0,0
NBISUSDT,pct1-1to1-3600,1,2,-22.1,-22.10,0,0
NBISUSDT,pct1-1to1-60,1,2,-9.2,-9.19,0,0
NBISUSDT,pct1-1to1-600,1,2,-2.5,-2.50,0,0
NBISUSDT,pct1-1to1-7200,1,2,-69.4,-69.42,0,0
NBISUSDT,pct2-1to1-3600,1,2,-22.1,-22.10,0,0
NBISUSDT,pct2-1to1-60,1,2,-9.2,-9.19,0,0
NBISUSDT,pct2-1to1-600,1,2,-2.5,-2.50,0,0
NBISUSDT,pct2-1to1-7200,1,2,-69.4,-69.42,0,0
NEARUSDT,at-1to1-3600,2,0,-21.4,-10.68,0,0
NEARUSDT,at-1to1-60,2,0,-21.4,-10.68,0,0
NEARUSDT,at-1to1-600,2,0,-21.4,-10.68,0,0
NEARUSDT,at-1to1-7200,2,0,-21.4,-10.68,0,0
NEARUSDT,behind-1to1-3600,2,0,-25.6,-12.82,0,0
NEARUSDT,behind-1to1-60,2,0,-25.6,-12.82,0,0
NEARUSDT,behind-1to1-600,2,0,-25.6,-12.82,0,0
NEARUSDT,behind-1to1-7200,2,0,-25.6,-12.82,0,0
NEARUSDT,pct0.5-1to1-3600,2,0,91.6,45.78,0,0
NEARUSDT,pct0.5-1to1-60,2,0,-35.2,-17.59,0,0
NEARUSDT,pct0.5-1to1-600,2,0,53.0,26.51,0,0
NEARUSDT,pct0.5-1to1-7200,2,0,91.6,45.78,0,0
NEARUSDT,pct1-1to1-3600,2,0,146.7,73.36,0,0
NEARUSDT,pct1-1to1-60,2,0,-35.2,-17.59,0,0
NEARUSDT,pct1-1to1-600,2,0,-23.3,-11.65,0,0
NEARUSDT,pct1-1to1-7200,2,0,-7.5,-3.73,0,0
NEARUSDT,pct2-1to1-3600,2,0,245.3,122.64,0,0
NEARUSDT,pct2-1to1-60,2,0,-35.2,-17.59,0,0
NEARUSDT,pct2-1to1-600,2,0,-23.3,-11.65,0,0
NEARUSDT,pct2-1to1-7200,2,0,39.7,19.86,0,0
NEARUSDT,stack2-1to1-3600,2,0,-33.1,-16.55,0,0
NEARUSDT,stack2-1to1-60,2,0,-33.1,-16.55,0,0
NEARUSDT,stack2-1to1-600,2,0,-33.1,-16.55,0,0
NEARUSDT,stack2-1to1-7200,2,0,-33.1,-16.55,0,0
ONDOUSDT,at-1to1-3600,4,0,-36.9,-9.22,0,0
ONDOUSDT,at-1to1-60,4,0,-36.9,-9.22,0,0
ONDOUSDT,at-1to1-600,4,0,-36.9,-9.22,0,0
ONDOUSDT,at-1to1-7200,4,0,-36.9,-9.22,0,0
ONDOUSDT,behind-1to1-3600,3,1,-39.4,-13.13,0,0
ONDOUSDT,behind-1to1-60,3,1,-39.4,-13.13,0,0
ONDOUSDT,behind-1to1-600,3,1,-39.4,-13.13,0,0
ONDOUSDT,behind-1to1-7200,3,1,-39.4,-13.13,0,0
ONDOUSDT,pct0.5-1to1-3600,2,2,75.8,37.90,0,0
ONDOUSDT,pct0.5-1to1-60,2,2,-13.3,-6.64,0,0
ONDOUSDT,pct0.5-1to1-600,2,2,51.4,25.70,0,0
ONDOUSDT,pct0.5-1to1-7200,2,2,91.0,45.52,0,0
ONDOUSDT,pct1-1to1-3600,2,2,124.7,62.37,0,0
ONDOUSDT,pct1-1to1-60,2,2,-13.3,-6.64,0,0
ONDOUSDT,pct1-1to1-600,2,2,88.8,44.41,0,0
ONDOUSDT,pct1-1to1-7200,2,2,191.8,95.90,0,0
ONDOUSDT,pct2-1to1-3600,2,2,136.2,68.12,0,0
ONDOUSDT,pct2-1to1-60,2,2,-13.3,-6.64,0,0
ONDOUSDT,pct2-1to1-600,2,2,88.8,44.41,0,0
ONDOUSDT,pct2-1to1-7200,2,2,329.1,164.57,0,0
ONDOUSDT,stack2-1to1-3600,2,2,-33.3,-16.63,0,0
ONDOUSDT,stack2-1to1-60,2,2,-33.3,-16.63,0,0
ONDOUSDT,stack2-1to1-600,2,2,-33.3,-16.63,0,0
ONDOUSDT,stack2-1to1-7200,2,2,-33.3,-16.63,0,0
SKHYUSDT,at-1to1-3600,2,0,-12.3,-6.17,0,0
SKHYUSDT,at-1to1-60,2,0,-12.3,-6.17,0,0
SKHYUSDT,at-1to1-600,2,0,-12.3,-6.17,0,0
SKHYUSDT,at-1to1-7200,2,0,-12.3,-6.17,0,0
SKHYUSDT,before-1to1-3600,2,0,-12.3,-6.17,0,0
SKHYUSDT,before-1to1-60,2,0,-12.3,-6.17,0,0
SKHYUSDT,before-1to1-600,2,0,-12.3,-6.17,0,0
SKHYUSDT,before-1to1-7200,2,0,-12.3,-6.17,0,0
SKHYUSDT,behind-1to1-3600,1,1,-7.9,-7.93,0,0
SKHYUSDT,behind-1to1-60,1,1,-7.9,-7.93,0,0
SKHYUSDT,behind-1to1-600,1,1,-7.9,-7.93,0,0
SKHYUSDT,behind-1to1-7200,1,1,-7.9,-7.93,0,0
SKHYUSDT,midfr-1to1-3600,2,0,-12.3,-6.17,0,0
SKHYUSDT,midfr-1to1-60,2,0,-12.3,-6.17,0,0
SKHYUSDT,midfr-1to1-600,2,0,-12.3,-6.17,0,0
SKHYUSDT,midfr-1to1-7200,2,0,-12.3,-6.17,0,0
SKHYUSDT,pct0.5-1to1-3600,1,1,-11.2,-11.19,0,0
SKHYUSDT,pct0.5-1to1-60,1,1,-24.2,-24.23,0,0
SKHYUSDT,pct0.5-1to1-600,1,1,-4.7,-4.67,0,0
SKHYUSDT,pct0.5-1to1-7200,1,1,-6.8,-6.84,0,0
SKHYUSDT,pct1-1to1-3600,1,1,-11.2,-11.19,0,0
SKHYUSDT,pct1-1to1-60,1,1,-24.2,-24.23,0,0
SKHYUSDT,pct1-1to1-600,1,1,-4.7,-4.67,0,0
SKHYUSDT,pct1-1to1-7200,1,1,-6.8,-6.84,0,0
SKHYUSDT,pct2-1to1-3600,1,1,-11.2,-11.19,0,0
SKHYUSDT,pct2-1to1-60,1,1,-24.2,-24.23,0,0
SKHYUSDT,pct2-1to1-600,1,1,-4.7,-4.67,0,0
SKHYUSDT,pct2-1to1-7200,1,1,-6.8,-6.84,0,0
SKHYUSDT,stack2-1to1-3600,1,1,-11.2,-11.19,0,0
SKHYUSDT,stack2-1to1-60,1,1,-11.2,-11.19,0,0
SKHYUSDT,stack2-1to1-600,1,1,-11.2,-11.19,0,0
SKHYUSDT,stack2-1to1-7200,1,1,-11.2,-11.19,0,0
SNXXUSDT,at-1to1-3600,79,1,-1039.3,-13.16,0,0
SNXXUSDT,at-1to1-60,79,1,-1039.3,-13.16,0,0
SNXXUSDT,at-1to1-600,79,1,-1039.3,-13.16,0,0
SNXXUSDT,at-1to1-7200,79,1,-1039.3,-13.16,0,0
SNXXUSDT,behind-1to1-3600,44,40,-579.6,-13.17,0,0
SNXXUSDT,behind-1to1-60,49,37,-629.8,-12.85,0,0
SNXXUSDT,behind-1to1-600,44,40,-602.1,-13.68,0,0
SNXXUSDT,behind-1to1-7200,44,40,-579.6,-13.17,0,0
SNXXUSDT,pct0.5-1to1-3600,11,83,-95.1,-8.65,0,0
SNXXUSDT,pct0.5-1to1-60,40,50,-516.8,-12.92,0,0
SNXXUSDT,pct0.5-1to1-600,18,77,-293.3,-16.30,0,0
SNXXUSDT,pct0.5-1to1-7200,11,84,-117.6,-10.69,0,0
SNXXUSDT,pct1-1to1-3600,7,89,-149.1,-21.30,0,0
SNXXUSDT,pct1-1to1-60,39,51,-532.7,-13.66,0,0
SNXXUSDT,pct1-1to1-600,17,78,-256.5,-15.09,0,0
SNXXUSDT,pct1-1to1-7200,5,92,-84.2,-16.84,0,0
SNXXUSDT,pct2-1to1-3600,7,89,-141.5,-20.21,0,0
SNXXUSDT,pct2-1to1-60,39,51,-532.7,-13.66,0,0
SNXXUSDT,pct2-1to1-600,17,78,-256.5,-15.09,0,0
SNXXUSDT,pct2-1to1-7200,5,92,95.0,19.00,0,0
SNXXUSDT,stack2-1to1-3600,29,63,-460.2,-15.87,0,0
SNXXUSDT,stack2-1to1-60,42,47,-581.3,-13.84,0,0
SNXXUSDT,stack2-1to1-600,30,62,-487.1,-16.24,0,0
SNXXUSDT,stack2-1to1-7200,29,63,-460.2,-15.87,0,0
SOXSUSDT,at-1to1-3600,2,0,-17.1,-8.54,0,0
SOXSUSDT,at-1to1-60,2,0,-17.1,-8.54,0,0
SOXSUSDT,at-1to1-600,2,0,-17.1,-8.54,0,0
SOXSUSDT,at-1to1-7200,2,0,-17.1,-8.54,0,0
SOXSUSDT,behind-1to1-3600,2,0,-19.0,-9.52,0,0
SOXSUSDT,behind-1to1-60,2,0,-19.0,-9.52,0,0
SOXSUSDT,behind-1to1-600,2,0,-19.0,-9.52,0,0
SOXSUSDT,behind-1to1-7200,2,0,-19.0,-9.52,0,0
SOXSUSDT,pct0.5-1to1-3600,2,0,-57.6,-28.80,0,0
SOXSUSDT,pct0.5-1to1-60,2,0,4.7,2.36,0,0
SOXSUSDT,pct0.5-1to1-600,2,0,-69.4,-34.68,0,0
SOXSUSDT,pct0.5-1to1-7200,2,0,-114.4,-57.22,0,0
SOXSUSDT,pct1-1to1-3600,2,0,-108.4,-54.21,0,0
SOXSUSDT,pct1-1to1-60,2,0,4.7,2.36,0,0
SOXSUSDT,pct1-1to1-600,2,0,-69.4,-34.68,0,0
SOXSUSDT,pct1-1to1-7200,2,0,-165.3,-82.63,0,0
SOXSUSDT,pct2-1to1-3600,2,0,-128.3,-64.16,0,0
SOXSUSDT,pct2-1to1-60,2,0,4.7,2.36,0,0
SOXSUSDT,pct2-1to1-600,2,0,-69.4,-34.68,0,0
SOXSUSDT,pct2-1to1-7200,2,0,-171.9,-85.95,0,0
SOXSUSDT,stack2-1to1-3600,1,0,-16.1,-16.10,0,0
SOXSUSDT,stack2-1to1-60,1,0,-16.1,-16.10,0,0
SOXSUSDT,stack2-1to1-600,1,0,-16.1,-16.10,0,0
SOXSUSDT,stack2-1to1-7200,1,0,-16.1,-16.10,0,0
SPCXUSDT,at-1to1-3600,3,0,-17.1,-5.71,0,0
SPCXUSDT,at-1to1-60,3,0,-17.1,-5.71,0,0
SPCXUSDT,at-1to1-600,3,0,-17.1,-5.71,0,0
SPCXUSDT,at-1to1-7200,3,0,-17.1,-5.71,0,0
SPCXUSDT,behind-1to1-3600,3,0,-14.0,-4.67,0,0
SPCXUSDT,behind-1to1-60,3,0,-14.0,-4.67,0,0
SPCXUSDT,behind-1to1-600,3,0,-14.0,-4.67,0,0
SPCXUSDT,behind-1to1-7200,3,0,-14.0,-4.67,0,0
SPCXUSDT,pct0.5-1to1-3600,3,0,16.1,5.36,0,0
SPCXUSDT,pct0.5-1to1-60,3,0,12.2,4.08,0,0
SPCXUSDT,pct0.5-1to1-600,3,0,5.3,1.76,0,0
SPCXUSDT,pct0.5-1to1-7200,3,0,48.6,16.21,0,0
SPCXUSDT,pct1-1to1-3600,3,0,-7.0,-2.32,0,0
SPCXUSDT,pct1-1to1-60,3,0,12.2,4.08,0,0
SPCXUSDT,pct1-1to1-600,3,0,5.3,1.76,0,0
SPCXUSDT,pct1-1to1-7200,3,0,20.0,6.65,0,0
SPCXUSDT,pct2-1to1-3600,3,0,-7.0,-2.32,0,0
SPCXUSDT,pct2-1to1-60,3,0,12.2,4.08,0,0
SPCXUSDT,pct2-1to1-600,3,0,5.3,1.76,0,0
SPCXUSDT,pct2-1to1-7200,3,0,20.0,6.65,0,0
SPCXUSDT,stack2-1to1-3600,3,0,-12.5,-4.18,0,0
SPCXUSDT,stack2-1to1-60,3,0,-3.5,-1.17,0,0
SPCXUSDT,stack2-1to1-600,3,0,-6.1,-2.03,0,0
SPCXUSDT,stack2-1to1-7200,3,0,-12.5,-4.18,0,0
TRUMPUSDT,at-1to1-3600,9,0,-98.3,-10.92,0,0
TRUMPUSDT,at-1to1-60,9,0,-98.3,-10.92,0,0
TRUMPUSDT,at-1to1-600,9,0,-98.3,-10.92,0,0
TRUMPUSDT,at-1to1-7200,9,0,-98.3,-10.92,0,0
TRUMPUSDT,behind-1to1-3600,6,4,-78.0,-13.00,0,0
TRUMPUSDT,behind-1to1-60,7,3,-92.8,-13.26,0,0
TRUMPUSDT,behind-1to1-600,6,4,-78.0,-13.00,0,0
TRUMPUSDT,behind-1to1-7200,6,4,-78.0,-13.00,0,0
TRUMPUSDT,pct0.5-1to1-3600,3,7,35.6,11.87,0,0
TRUMPUSDT,pct0.5-1to1-60,5,5,-85.6,-17.12,0,0
TRUMPUSDT,pct0.5-1to1-600,3,7,-69.0,-23.00,0,0
TRUMPUSDT,pct0.5-1to1-7200,3,7,35.6,11.87,0,0
TRUMPUSDT,pct1-1to1-3600,3,7,-37.0,-12.33,0,0
TRUMPUSDT,pct1-1to1-60,5,5,-85.6,-17.12,0,0
TRUMPUSDT,pct1-1to1-600,3,7,-53.5,-17.82,0,0
TRUMPUSDT,pct1-1to1-7200,3,7,-262.0,-87.32,0,0
TRUMPUSDT,pct2-1to1-3600,3,7,-37.0,-12.33,0,0
TRUMPUSDT,pct2-1to1-60,5,5,-85.6,-17.12,0,0
TRUMPUSDT,pct2-1to1-600,3,7,-53.5,-17.82,0,0
TRUMPUSDT,pct2-1to1-7200,3,7,-438.5,-146.17,0,0
TRUMPUSDT,stack2-1to1-3600,4,6,-23.0,-5.76,0,0
TRUMPUSDT,stack2-1to1-60,6,4,-76.2,-12.70,0,0
TRUMPUSDT,stack2-1to1-600,4,6,-23.0,-5.76,0,0
TRUMPUSDT,stack2-1to1-7200,4,6,-23.0,-5.76,0,0
TRXUSDT,at-1to1-3600,9,0,-81.8,-9.09,0,0
TRXUSDT,at-1to1-60,9,0,-81.8,-9.09,0,0
TRXUSDT,at-1to1-600,9,0,-81.8,-9.09,0,0
TRXUSDT,at-1to1-7200,9,0,-81.8,-9.09,0,0
TRXUSDT,behind-1to1-3600,6,3,-64.7,-10.79,0,0
TRXUSDT,behind-1to1-60,7,2,-69.2,-9.88,0,0
TRXUSDT,behind-1to1-600,6,3,-64.7,-10.79,0,0
TRXUSDT,behind-1to1-7200,6,3,-64.7,-10.79,0,0
TRXUSDT,pct0.5-1to1-3600,4,5,-31.1,-7.77,0,0
TRXUSDT,pct0.5-1to1-60,6,3,-50.9,-8.48,0,0
TRXUSDT,pct0.5-1to1-600,4,5,-31.2,-7.80,0,0
TRXUSDT,pct0.5-1to1-7200,4,5,-37.3,-9.32,0,0
TRXUSDT,pct1-1to1-3600,4,5,-31.1,-7.77,0,0
TRXUSDT,pct1-1to1-60,6,3,-50.9,-8.48,0,0
TRXUSDT,pct1-1to1-600,4,5,-31.2,-7.80,0,0
TRXUSDT,pct1-1to1-7200,4,5,-37.3,-9.32,0,0
TRXUSDT,pct2-1to1-3600,4,5,-31.1,-7.77,0,0
TRXUSDT,pct2-1to1-60,6,3,-50.9,-8.48,0,0
TRXUSDT,pct2-1to1-600,4,5,-31.2,-7.80,0,0
TRXUSDT,pct2-1to1-7200,4,5,-37.3,-9.32,0,0
TRXUSDT,stack2-1to1-3600,4,5,-43.1,-10.76,0,0
TRXUSDT,stack2-1to1-60,6,3,-50.9,-8.48,0,0
TRXUSDT,stack2-1to1-600,4,5,-25.1,-6.29,0,0
TRXUSDT,stack2-1to1-7200,4,5,-43.1,-10.76,0,0
WIFUSDT,at-1to1-3600,3,0,-33.3,-11.11,0,0
WIFUSDT,at-1to1-60,3,0,-33.3,-11.11,0,0
WIFUSDT,at-1to1-600,3,0,-33.3,-11.11,0,0
WIFUSDT,at-1to1-7200,3,0,-33.3,-11.11,0,0
WIFUSDT,behind-1to1-3600,2,1,-10.8,-5.41,0,0
WIFUSDT,behind-1to1-60,2,1,-5.4,-2.68,0,0
WIFUSDT,behind-1to1-600,2,1,-10.8,-5.41,0,0
WIFUSDT,behind-1to1-7200,2,1,-10.8,-5.41,0,0
WIFUSDT,pct0.5-1to1-3600,2,1,-11.2,-5.62,0,0
WIFUSDT,pct0.5-1to1-60,2,1,-10.8,-5.38,0,0
WIFUSDT,pct0.5-1to1-600,2,1,27.0,13.49,0,0
WIFUSDT,pct0.5-1to1-7200,2,1,-11.2,-5.62,0,0
WIFUSDT,pct1-1to1-3600,2,1,-6.3,-3.13,0,0
WIFUSDT,pct1-1to1-60,2,1,-10.8,-5.38,0,0
WIFUSDT,pct1-1to1-600,2,1,37.8,18.90,0,0
WIFUSDT,pct1-1to1-7200,2,1,-11.7,-5.86,0,0
WIFUSDT,pct2-1to1-3600,2,1,10.0,4.98,0,0
WIFUSDT,pct2-1to1-60,2,1,-10.8,-5.38,0,0
WIFUSDT,pct2-1to1-600,2,1,37.8,18.90,0,0
WIFUSDT,pct2-1to1-7200,2,1,-173.1,-86.53,0,0
WIFUSDT,stack2-1to1-3600,2,1,-10.9,-5.43,0,0
WIFUSDT,stack2-1to1-60,2,1,-10.8,-5.38,0,0
WIFUSDT,stack2-1to1-600,2,1,-10.9,-5.43,0,0
WIFUSDT,stack2-1to1-7200,2,1,-10.9,-5.43,0,0
XAGUSDT,at-1to1-3600,44,0,-336.8,-7.65,0,0
XAGUSDT,at-1to1-60,44,0,-336.8,-7.65,0,0
XAGUSDT,at-1to1-600,44,0,-336.8,-7.65,0,0
XAGUSDT,at-1to1-7200,44,0,-336.8,-7.65,0,0
XAGUSDT,behind-1to1-3600,22,22,-161.5,-7.34,0,0
XAGUSDT,behind-1to1-60,25,19,-194.5,-7.78,0,0
XAGUSDT,behind-1to1-600,22,22,-161.5,-7.34,0,0
XAGUSDT,behind-1to1-7200,22,22,-161.5,-7.34,0,0
XAGUSDT,pct0.5-1to1-3600,3,41,33.4,11.12,0,0
XAGUSDT,pct0.5-1to1-60,14,30,-119.4,-8.53,0,0
XAGUSDT,pct0.5-1to1-600,5,39,6.1,1.22,0,0
XAGUSDT,pct0.5-1to1-7200,3,41,76.3,25.42,0,0
XAGUSDT,pct1-1to1-3600,3,41,38.0,12.65,0,0
XAGUSDT,pct1-1to1-60,14,30,-119.4,-8.53,0,0
XAGUSDT,pct1-1to1-600,5,39,6.1,1.22,0,0
XAGUSDT,pct1-1to1-7200,3,41,124.9,41.63,0,0
XAGUSDT,pct2-1to1-3600,3,41,38.0,12.65,0,0
XAGUSDT,pct2-1to1-60,14,30,-119.4,-8.53,0,0
XAGUSDT,pct2-1to1-600,5,39,6.1,1.22,0,0
XAGUSDT,pct2-1to1-7200,3,41,64.9,21.63,0,0
XAGUSDT,stack2-1to1-3600,12,32,-78.1,-6.51,0,0
XAGUSDT,stack2-1to1-60,17,27,-120.8,-7.11,0,0
XAGUSDT,stack2-1to1-600,12,32,-78.1,-6.51,0,0
XAGUSDT,stack2-1to1-7200,12,32,-78.1,-6.51,0,0
XAUTUSDT,at-1to1-3600,1,0,-6.5,-6.53,0,0
XAUTUSDT,at-1to1-60,1,0,-6.5,-6.53,0,0
XAUTUSDT,at-1to1-600,1,0,-6.5,-6.53,0,0
XAUTUSDT,at-1to1-7200,1,0,-6.5,-6.53,0,0
XAUTUSDT,behind-1to1-3600,1,0,-5.6,-5.60,0,0
XAUTUSDT,behind-1to1-60,1,0,-6.5,-6.53,0,0
XAUTUSDT,behind-1to1-600,1,0,-5.6,-5.60,0,0
XAUTUSDT,behind-1to1-7200,1,0,-5.6,-5.60,0,0
XAUTUSDT,pct0.5-1to1-3600,1,0,-7.5,-7.47,0,0
XAUTUSDT,pct0.5-1to1-60,1,0,-6.5,-6.53,0,0
XAUTUSDT,pct0.5-1to1-600,1,0,-7.2,-7.23,0,0
XAUTUSDT,pct0.5-1to1-7200,1,0,-6.8,-6.77,0,0
XAUTUSDT,pct1-1to1-3600,1,0,-7.5,-7.47,0,0
XAUTUSDT,pct1-1to1-60,1,0,-6.5,-6.53,0,0
XAUTUSDT,pct1-1to1-600,1,0,-7.2,-7.23,0,0
XAUTUSDT,pct1-1to1-7200,1,0,-6.8,-6.77,0,0
XAUTUSDT,pct2-1to1-3600,1,0,-7.5,-7.47,0,0
XAUTUSDT,pct2-1to1-60,1,0,-6.5,-6.53,0,0
XAUTUSDT,pct2-1to1-600,1,0,-7.2,-7.23,0,0
XAUTUSDT,pct2-1to1-7200,1,0,-6.8,-6.77,0,0
XAUTUSDT,stack2-1to1-3600,1,0,-2.1,-2.10,0,0
XAUTUSDT,stack2-1to1-60,1,0,-6.5,-6.53,0,0
XAUTUSDT,stack2-1to1-600,1,0,-2.1,-2.10,0,0
XAUTUSDT,stack2-1to1-7200,1,0,-2.1,-2.10,0,0
XLMUSDT,at-1to1-3600,16,0,-187.5,-11.72,0,0
XLMUSDT,at-1to1-60,16,0,-187.5,-11.72,0,0
XLMUSDT,at-1to1-600,16,0,-187.5,-11.72,0,0
XLMUSDT,at-1to1-7200,16,0,-187.5,-11.72,0,0
XLMUSDT,behind-1to1-3600,5,11,-43.3,-8.67,0,0
XLMUSDT,behind-1to1-60,6,10,-82.3,-13.72,0,0
XLMUSDT,behind-1to1-600,5,11,-43.3,-8.67,0,0
XLMUSDT,behind-1to1-7200,5,11,-43.3,-8.67,0,0
XLMUSDT,pct0.5-1to1-3600,3,13,38.8,12.95,0,0
XLMUSDT,pct0.5-1to1-60,5,11,-59.2,-11.84,0,0
XLMUSDT,pct0.5-1to1-600,3,13,-21.2,-7.06,0,0
XLMUSDT,pct0.5-1to1-7200,3,13,38.8,12.95,0,0
XLMUSDT,pct1-1to1-3600,3,13,73.7,24.58,0,0
XLMUSDT,pct1-1to1-60,5,11,-59.2,-11.84,0,0
XLMUSDT,pct1-1to1-600,3,13,39.9,13.30,0,0
XLMUSDT,pct1-1to1-7200,3,13,-88.9,-29.63,0,0
XLMUSDT,pct2-1to1-3600,3,13,8.5,2.83,0,0
XLMUSDT,pct2-1to1-60,5,11,-59.2,-11.84,0,0
XLMUSDT,pct2-1to1-600,3,13,39.9,13.30,0,0
XLMUSDT,pct2-1to1-7200,3,13,-203.6,-67.86,0,0
XLMUSDT,stack2-1to1-3600,4,12,-57.9,-14.47,0,0
XLMUSDT,stack2-1to1-60,6,10,-54.1,-9.02,0,0
XLMUSDT,stack2-1to1-600,4,12,-57.9,-14.47,0,0
XLMUSDT,stack2-1to1-7200,4,12,-57.9,-14.47,0,0
XPLUSDT,at-1to1-3600,3,0,-19.4,-6.46,0,0
XPLUSDT,at-1to1-60,3,0,-19.4,-6.46,0,0
XPLUSDT,at-1to1-600,3,0,-19.4,-6.46,0,0
XPLUSDT,at-1to1-7200,3,0,-19.4,-6.46,0,0
XPLUSDT,behind-1to1-3600,3,0,-7.3,-2.43,0,0
XPLUSDT,behind-1to1-60,3,0,-7.3,-2.43,0,0
XPLUSDT,behind-1to1-600,3,0,-7.3,-2.43,0,0
XPLUSDT,behind-1to1-7200,3,0,-7.3,-2.43,0,0
XPLUSDT,pct0.5-1to1-3600,2,2,107.7,53.86,0,0
XPLUSDT,pct0.5-1to1-60,2,2,-8.8,-4.42,0,0
XPLUSDT,pct0.5-1to1-600,2,2,107.7,53.86,0,0
XPLUSDT,pct0.5-1to1-7200,2,2,107.7,53.86,0,0
XPLUSDT,pct1-1to1-3600,2,2,111.0,55.52,0,0
XPLUSDT,pct1-1to1-60,2,2,-8.8,-4.42,0,0
XPLUSDT,pct1-1to1-600,2,2,119.7,59.84,0,0
XPLUSDT,pct1-1to1-7200,2,2,-8.9,-4.44,0,0
XPLUSDT,pct2-1to1-3600,2,2,106.4,53.22,0,0
XPLUSDT,pct2-1to1-60,2,2,-8.8,-4.42,0,0
XPLUSDT,pct2-1to1-600,2,2,115.1,57.55,0,0
XPLUSDT,pct2-1to1-7200,2,2,104.6,52.32,0,0
