symbol,stop_pct,deadline,mmr_pct,max_leverage,risk_limit_usd,adverse_p99_bps,adverse_n,adverse_source,lev_by_stop_k,lev_by_adverse_p99,leverage,margin_per_10k_usd,liq_distance_pct,funding_abs_mean_bps_8h,funding_abs_max_bps_8h
HYPEUSDT,0.5,3600s,0.67,75.0,5000.0,54.6,1,coin,59.9,82.2,59,169.5,1.02,0.706,1.463
HYPEUSDT,1.0,3600s,0.67,75.0,5000.0,54.6,1,coin,37.5,82.2,37,270.3,2.03,0.706,1.463
HYPEUSDT,2.0,3600s,0.67,75.0,5000.0,54.6,1,coin,21.4,82.2,21,476.2,4.09,0.706,1.463
LSKUSDT,0.5,3600s,2.0,25.0,5000.0,233.0,0,pool,33.3,23.1,23,434.8,2.35,34.567,200.0
LSKUSDT,1.0,3600s,2.0,25.0,5000.0,233.0,0,pool,25.0,23.1,23,434.8,2.35,34.567,200.0
LSKUSDT,2.0,3600s,2.0,25.0,5000.0,233.0,0,pool,16.7,23.1,16,625.0,4.25,34.567,200.0
NEARUSDT,0.5,3600s,0.67,75.0,10000.0,85.6,5,coin,59.9,65.5,59,169.5,1.02,0.898,2.156
NEARUSDT,1.0,3600s,0.67,75.0,10000.0,85.6,5,coin,37.5,65.5,37,270.3,2.03,0.898,2.156
NEARUSDT,2.0,3600s,0.67,75.0,10000.0,85.6,5,coin,21.4,65.5,21,476.2,4.09,0.898,2.156
DOGEUSDT,0.5,3600s,0.75,75.0,250000.0,233.0,0,pool,57.1,32.5,32,312.5,2.38,0.52,1.0
DOGEUSDT,1.0,3600s,0.75,75.0,250000.0,233.0,0,pool,36.4,32.5,32,312.5,2.38,0.52,1.0
DOGEUSDT,2.0,3600s,0.75,75.0,250000.0,233.0,0,pool,21.1,32.5,21,476.2,4.01,0.52,1.0
AKEUSDT,0.5,3600s,2.0,25.0,5000.0,233.0,0,pool,33.3,23.1,23,434.8,2.35,5.01,46.688
AKEUSDT,1.0,3600s,2.0,25.0,5000.0,233.0,0,pool,25.0,23.1,23,434.8,2.35,5.01,46.688
AKEUSDT,2.0,3600s,2.0,25.0,5000.0,233.0,0,pool,16.7,23.1,16,625.0,4.25,5.01,46.688
ENAUSDT,0.5,3600s,1.0,50.0,100000.0,233.0,0,pool,50.0,30.0,30,333.3,2.33,0.498,1.862
ENAUSDT,1.0,3600s,1.0,50.0,100000.0,233.0,0,pool,33.3,30.0,30,333.3,2.33,0.498,1.862
ENAUSDT,2.0,3600s,1.0,50.0,100000.0,233.0,0,pool,20.0,30.0,20,500.0,4.0,0.498,1.862
SUIUSDT,0.5,3600s,1.0,50.0,200000.0,40.7,2,coin,50.0,71.1,50,200.0,1.0,0.733,1.014
SUIUSDT,1.0,3600s,1.0,50.0,200000.0,40.7,2,coin,33.3,71.1,33,303.0,2.03,0.733,1.014
SUIUSDT,2.0,3600s,1.0,50.0,200000.0,40.7,2,coin,20.0,71.1,20,500.0,4.0,0.733,1.014
ADAUSDT,0.5,3600s,0.75,75.0,200000.0,71.7,5,coin,57.1,68.2,57,175.4,1.0,0.73,1.964
ADAUSDT,1.0,3600s,0.75,75.0,200000.0,71.7,5,coin,36.4,68.2,36,277.8,2.03,0.73,1.964
ADAUSDT,2.0,3600s,0.75,75.0,200000.0,71.7,5,coin,21.1,68.2,21,476.2,4.01,0.73,1.964
CAPUSDT,0.5,3600s,5.0,10.0,10000.0,233.0,0,pool,16.7,13.6,10,1000.0,5.0,8.374,134.574
CAPUSDT,1.0,3600s,5.0,10.0,10000.0,233.0,0,pool,14.3,13.6,10,1000.0,5.0,8.374,134.574
CAPUSDT,2.0,3600s,5.0,10.0,10000.0,233.0,0,pool,11.1,13.6,10,1000.0,5.0,8.374,134.574
POWERUSDT,0.5,3600s,2.5,20.0,5000.0,233.0,0,pool,28.6,20.7,20,500.0,2.5,1.041,7.58
POWERUSDT,1.0,3600s,2.5,20.0,5000.0,233.0,0,pool,22.2,20.7,20,500.0,2.5,1.041,7.58
POWERUSDT,2.0,3600s,2.5,20.0,5000.0,233.0,0,pool,15.4,20.7,15,666.7,4.17,1.041,7.58
SPCXUSDT,0.5,3600s,0.7,100.0,10000.0,15.1,3,coin,58.8,117.5,58,172.4,1.02,0.209,4.055
SPCXUSDT,1.0,3600s,0.7,100.0,10000.0,15.1,3,coin,37.0,117.5,37,270.3,2.0,0.209,4.055
SPCXUSDT,2.0,3600s,0.7,100.0,10000.0,15.1,3,coin,21.3,117.5,21,476.2,4.06,0.209,4.055
BNBUSDT,0.5,3600s,0.67,75.0,10000.0,38.6,4,coin,59.9,94.7,59,169.5,1.02,0.752,2.35
BNBUSDT,1.0,3600s,0.67,75.0,10000.0,38.6,4,coin,37.5,94.7,37,270.3,2.03,0.752,2.35
BNBUSDT,2.0,3600s,0.67,75.0,10000.0,38.6,4,coin,21.4,94.7,21,476.2,4.09,0.752,2.35
UNIUSDT,0.5,3600s,0.67,75.0,10000.0,233.0,0,pool,59.9,33.3,33,303.0,2.36,0.811,2.251
UNIUSDT,1.0,3600s,0.67,75.0,10000.0,233.0,0,pool,37.5,33.3,33,303.0,2.36,0.811,2.251
UNIUSDT,2.0,3600s,0.67,75.0,10000.0,233.0,0,pool,21.4,33.3,21,476.2,4.09,0.811,2.251
1000PEPEUSDT,0.5,3600s,1.0,50.0,200000.0,53.2,23,coin,50.0,65.3,50,200.0,1.0,0.846,1.888
1000PEPEUSDT,1.0,3600s,1.0,50.0,200000.0,53.2,23,coin,33.3,65.3,33,303.0,2.03,0.846,1.888
1000PEPEUSDT,2.0,3600s,1.0,50.0,200000.0,53.2,23,coin,20.0,65.3,20,500.0,4.0,0.846,1.888
BRUSDT,0.5,3600s,10.0,5.0,5000.0,233.0,0,pool,9.1,8.1,5,2000.0,10.0,0.621,3.657
BRUSDT,1.0,3600s,10.0,5.0,5000.0,233.0,0,pool,8.3,8.1,5,2000.0,10.0,0.621,3.657
BRUSDT,2.0,3600s,10.0,5.0,5000.0,233.0,0,pool,7.1,8.1,5,2000.0,10.0,0.621,3.657
KORUUSDT,0.5,3600s,1.25,50.0,10000.0,227.3,45,coin,44.4,28.4,28,357.1,2.32,1.036,25.198
KORUUSDT,1.0,3600s,1.25,50.0,10000.0,227.3,45,coin,30.8,28.4,28,357.1,2.32,1.036,25.198
KORUUSDT,2.0,3600s,1.25,50.0,10000.0,227.3,45,coin,19.0,28.4,19,526.3,4.01,1.036,25.198
PUMPFUNUSDT,0.5,3600s,1.0,75.0,5000.0,79.6,2,coin,50.0,55.7,50,200.0,1.0,0.502,2.017
PUMPFUNUSDT,1.0,3600s,1.0,75.0,5000.0,79.6,2,coin,33.3,55.7,33,303.0,2.03,0.502,2.017
PUMPFUNUSDT,2.0,3600s,1.0,75.0,5000.0,79.6,2,coin,20.0,55.7,20,500.0,4.0,0.502,2.017
XLMUSDT,0.5,3600s,0.67,75.0,10000.0,168.6,19,coin,59.9,42.4,42,238.1,1.71,0.875,2.107
XLMUSDT,1.0,3600s,0.67,75.0,10000.0,168.6,19,coin,37.5,42.4,37,270.3,2.03,0.875,2.107
XLMUSDT,2.0,3600s,0.67,75.0,10000.0,168.6,19,coin,21.4,42.4,21,476.2,4.09,0.875,2.107
SKHYNIXUSDT,0.5,3600s,0.7,100.0,10000.0,233.0,0,pool,58.8,33.0,33,303.0,2.33,2.093,18.558
SKHYNIXUSDT,1.0,3600s,0.7,100.0,10000.0,233.0,0,pool,37.0,33.0,33,303.0,2.33,2.093,18.558
SKHYNIXUSDT,2.0,3600s,0.7,100.0,10000.0,233.0,0,pool,21.3,33.0,21,476.2,4.06,2.093,18.558
LINKUSDT,0.5,3600s,0.67,75.0,10000.0,38.0,1,coin,59.9,95.2,59,169.5,1.02,0.599,1.0
LINKUSDT,1.0,3600s,0.67,75.0,10000.0,38.0,1,coin,37.5,95.2,37,270.3,2.03,0.599,1.0
LINKUSDT,2.0,3600s,0.67,75.0,10000.0,38.0,1,coin,21.4,95.2,21,476.2,4.09,0.599,1.0
BZUSDT,0.5,3600s,0.5,100.0,50000.0,24.6,15,coin,66.7,134.0,66,151.5,1.02,4.958,36.322
BZUSDT,1.0,3600s,0.5,100.0,50000.0,24.6,15,coin,40.0,134.0,40,250.0,2.0,4.958,36.322
BZUSDT,2.0,3600s,0.5,100.0,50000.0,24.6,15,coin,22.2,134.0,22,454.5,4.05,4.958,36.322
SKHYUSDT,0.5,3600s,0.7,100.0,10000.0,233.0,0,pool,58.8,33.0,33,303.0,2.33,0.58,23.713
SKHYUSDT,1.0,3600s,0.7,100.0,10000.0,233.0,0,pool,37.0,33.0,33,303.0,2.33,0.58,23.713
SKHYUSDT,2.0,3600s,0.7,100.0,10000.0,233.0,0,pool,21.3,33.0,21,476.2,4.06,0.58,23.713
ARBUSDT,0.5,3600s,1.0,50.0,200000.0,222.3,1,coin,50.0,31.0,31,322.6,2.23,0.828,2.339
ARBUSDT,1.0,3600s,1.0,50.0,200000.0,222.3,1,coin,33.3,31.0,31,322.6,2.23,0.828,2.339
ARBUSDT,2.0,3600s,1.0,50.0,200000.0,222.3,1,coin,20.0,31.0,20,500.0,4.0,0.828,2.339
LITUSDT,0.5,3600s,1.0,75.0,5000.0,32.5,1,coin,50.0,75.5,50,200.0,1.0,0.464,1.192
LITUSDT,1.0,3600s,1.0,75.0,5000.0,32.5,1,coin,33.3,75.5,33,303.0,2.03,0.464,1.192
LITUSDT,2.0,3600s,1.0,75.0,5000.0,32.5,1,coin,20.0,75.5,20,500.0,4.0,0.464,1.192
TAOUSDT,0.5,3600s,0.8,50.0,40000.0,34.0,3,coin,55.6,87.7,50,200.0,1.2,0.475,0.5
TAOUSDT,1.0,3600s,0.8,50.0,40000.0,34.0,3,coin,35.7,87.7,35,285.7,2.06,0.475,0.5
TAOUSDT,2.0,3600s,0.8,50.0,40000.0,34.0,3,coin,20.8,87.7,20,500.0,4.2,0.475,0.5
XAUTUSDT,0.5,3600s,0.75,75.0,250000.0,12.8,1,coin,57.1,113.9,57,175.4,1.0,0.316,0.854
XAUTUSDT,1.0,3600s,0.75,75.0,250000.0,12.8,1,coin,36.4,113.9,36,277.8,2.03,0.316,0.854
XAUTUSDT,2.0,3600s,0.75,75.0,250000.0,12.8,1,coin,21.1,113.9,21,476.2,4.01,0.316,0.854
WLDUSDT,0.5,3600s,0.8,50.0,40000.0,16.1,3,coin,55.6,104.1,50,200.0,1.2,0.826,2.106
WLDUSDT,1.0,3600s,0.8,50.0,40000.0,16.1,3,coin,35.7,104.1,35,285.7,2.06,0.826,2.106
WLDUSDT,2.0,3600s,0.8,50.0,40000.0,16.1,3,coin,20.8,104.1,20,500.0,4.2,0.826,2.106
AAVEUSDT,0.5,3600s,0.75,75.0,200000.0,233.0,0,pool,57.1,32.5,32,312.5,2.38,0.586,1.027
AAVEUSDT,1.0,3600s,0.75,75.0,200000.0,233.0,0,pool,36.4,32.5,32,312.5,2.38,0.586,1.027
AAVEUSDT,2.0,3600s,0.75,75.0,200000.0,233.0,0,pool,21.1,32.5,21,476.2,4.01,0.586,1.027
FILUSDT,0.5,3600s,2.0,25.0,200000.0,233.0,0,pool,33.3,23.1,23,434.8,2.35,0.701,1.282
FILUSDT,1.0,3600s,2.0,25.0,200000.0,233.0,0,pool,25.0,23.1,23,434.8,2.35,0.701,1.282
FILUSDT,2.0,3600s,2.0,25.0,200000.0,233.0,0,pool,16.7,23.1,16,625.0,4.25,0.701,1.282
MUUSDT,0.5,3600s,0.7,100.0,10000.0,25.0,3,coin,58.8,105.3,58,172.4,1.02,0.69,8.679
MUUSDT,1.0,3600s,0.7,100.0,10000.0,25.0,3,coin,37.0,105.3,37,270.3,2.0,0.69,8.679
MUUSDT,2.0,3600s,0.7,100.0,10000.0,25.0,3,coin,21.3,105.3,21,476.2,4.06,0.69,8.679
ONDOUSDT,0.5,3600s,0.8,50.0,40000.0,184.2,10,coin,55.6,37.9,37,270.3,1.9,0.494,1.604
ONDOUSDT,1.0,3600s,0.8,50.0,40000.0,184.2,10,coin,35.7,37.9,35,285.7,2.06,0.494,1.604
ONDOUSDT,2.0,3600s,0.8,50.0,40000.0,184.2,10,coin,20.8,37.9,20,500.0,4.2,0.494,1.604
BTWUSDT,0.5,3600s,5.0,10.0,10000.0,233.0,0,pool,16.7,13.6,10,1000.0,5.0,2.293,9.831
BTWUSDT,1.0,3600s,5.0,10.0,10000.0,233.0,0,pool,14.3,13.6,10,1000.0,5.0,2.293,9.831
BTWUSDT,2.0,3600s,5.0,10.0,10000.0,233.0,0,pool,11.1,13.6,10,1000.0,5.0,2.293,9.831
USELESSUSDT,0.5,3600s,4.0,12.5,15000.0,233.0,0,pool,20.0,15.8,12,833.3,4.33,1.982,15.527
USELESSUSDT,1.0,3600s,4.0,12.5,15000.0,233.0,0,pool,16.7,15.8,12,833.3,4.33,1.982,15.527
USELESSUSDT,2.0,3600s,4.0,12.5,15000.0,233.0,0,pool,12.5,15.8,12,833.3,4.33,1.982,15.527
FFUSDT,0.5,3600s,2.5,20.0,5000.0,233.0,0,pool,28.6,20.7,20,500.0,2.5,0.518,2.529
FFUSDT,1.0,3600s,2.5,20.0,5000.0,233.0,0,pool,22.2,20.7,20,500.0,2.5,0.518,2.529
FFUSDT,2.0,3600s,2.5,20.0,5000.0,233.0,0,pool,15.4,20.7,15,666.7,4.17,0.518,2.529
TUSDT,0.5,3600s,2.0,25.0,25000.0,233.0,0,pool,33.3,23.1,23,434.8,2.35,11.191,200.0
TUSDT,1.0,3600s,2.0,25.0,25000.0,233.0,0,pool,25.0,23.1,23,434.8,2.35,11.191,200.0
TUSDT,2.0,3600s,2.0,25.0,25000.0,233.0,0,pool,16.7,23.1,16,625.0,4.25,11.191,200.0
MSTRUSDT,0.5,3600s,1.25,50.0,10000.0,25.4,2,coin,44.4,66.5,44,227.3,1.02,1.621,19.41
MSTRUSDT,1.0,3600s,1.25,50.0,10000.0,25.4,2,coin,30.8,66.5,30,333.3,2.08,1.621,19.41
MSTRUSDT,2.0,3600s,1.25,50.0,10000.0,25.4,2,coin,19.0,66.5,19,526.3,4.01,1.621,19.41
CVCUSDT,0.5,3600s,2.0,25.0,5000.0,66.1,2,coin,33.3,37.6,25,400.0,2.0,5.979,54.837
CVCUSDT,1.0,3600s,2.0,25.0,5000.0,66.1,2,coin,25.0,37.6,25,400.0,2.0,5.979,54.837
CVCUSDT,2.0,3600s,2.0,25.0,5000.0,66.1,2,coin,16.7,37.6,16,625.0,4.25,5.979,54.837
AVAXUSDT,0.5,3600s,0.67,75.0,10000.0,233.0,0,pool,59.9,33.3,33,303.0,2.36,0.62,1.064
AVAXUSDT,1.0,3600s,0.67,75.0,10000.0,233.0,0,pool,37.5,33.3,33,303.0,2.36,0.62,1.064
AVAXUSDT,2.0,3600s,0.67,75.0,10000.0,233.0,0,pool,21.4,33.3,21,476.2,4.09,0.62,1.064
TRUMPUSDT,0.5,3600s,1.0,50.0,10000.0,69.9,15,coin,50.0,58.9,50,200.0,1.0,0.576,3.927
TRUMPUSDT,1.0,3600s,1.0,50.0,10000.0,69.9,15,coin,33.3,58.9,33,303.0,2.03,0.576,3.927
TRUMPUSDT,2.0,3600s,1.0,50.0,10000.0,69.9,15,coin,20.0,58.9,20,500.0,4.0,0.576,3.927
XAGUSDT,0.5,3600s,0.4,150.0,10000.0,43.9,46,coin,71.4,119.2,71,140.8,1.01,0.313,2.136
XAGUSDT,1.0,3600s,0.4,150.0,10000.0,43.9,46,coin,41.7,119.2,41,243.9,2.04,0.313,2.136
XAGUSDT,2.0,3600s,0.4,150.0,10000.0,43.9,46,coin,22.7,119.2,22,454.5,4.15,0.313,2.136
CRCLUSDT,0.5,3600s,1.25,50.0,10000.0,233.0,0,pool,44.4,27.9,27,370.4,2.45,1.161,10.571
CRCLUSDT,1.0,3600s,1.25,50.0,10000.0,233.0,0,pool,30.8,27.9,27,370.4,2.45,1.161,10.571
CRCLUSDT,2.0,3600s,1.25,50.0,10000.0,233.0,0,pool,19.0,27.9,19,526.3,4.01,1.161,10.571
VVVUSDT,0.5,3600s,2.5,20.0,5000.0,233.0,0,pool,28.6,20.7,20,500.0,2.5,0.718,4.607
VVVUSDT,1.0,3600s,2.5,20.0,5000.0,233.0,0,pool,22.2,20.7,20,500.0,2.5,0.718,4.607
VVVUSDT,2.0,3600s,2.5,20.0,5000.0,233.0,0,pool,15.4,20.7,15,666.7,4.17,0.718,4.607
OPUSDT,0.5,3600s,1.0,75.0,10000.0,233.0,0,pool,50.0,30.0,30,333.3,2.33,0.935,2.772
OPUSDT,1.0,3600s,1.0,75.0,10000.0,233.0,0,pool,33.3,30.0,30,333.3,2.33,0.935,2.772
OPUSDT,2.0,3600s,1.0,75.0,10000.0,233.0,0,pool,20.0,30.0,20,500.0,4.0,0.935,2.772
XPLUSDT,0.5,3600s,1.0,75.0,5000.0,53.2,2,coin,50.0,65.3,50,200.0,1.0,0.511,1.32
XPLUSDT,1.0,3600s,1.0,75.0,5000.0,53.2,2,coin,33.3,65.3,33,303.0,2.03,0.511,1.32
XPLUSDT,2.0,3600s,1.0,75.0,5000.0,53.2,2,coin,20.0,65.3,20,500.0,4.0,0.511,1.32
LTCUSDT,0.5,3600s,0.67,75.0,10000.0,30.3,5,coin,59.9,102.8,59,169.5,1.02,0.643,1.0
LTCUSDT,1.0,3600s,0.67,75.0,10000.0,30.3,5,coin,37.5,102.8,37,270.3,2.03,0.643,1.0
LTCUSDT,2.0,3600s,0.67,75.0,10000.0,30.3,5,coin,21.4,102.8,21,476.2,4.09,0.643,1.0
SNXXUSDT,0.5,3600s,1.25,50.0,10000.0,124.0,104,coin,44.4,40.2,40,250.0,1.25,2.335,29.002
SNXXUSDT,1.0,3600s,1.25,50.0,10000.0,124.0,104,coin,30.8,40.2,30,333.3,2.08,2.335,29.002
SNXXUSDT,2.0,3600s,1.25,50.0,10000.0,124.0,104,coin,19.0,40.2,19,526.3,4.01,2.335,29.002
ARKUSDT,0.5,3600s,2.0,25.0,5000.0,233.0,0,pool,33.3,23.1,23,434.8,2.35,10.219,200.0
ARKUSDT,1.0,3600s,2.0,25.0,5000.0,233.0,0,pool,25.0,23.1,23,434.8,2.35,10.219,200.0
ARKUSDT,2.0,3600s,2.0,25.0,5000.0,233.0,0,pool,16.7,23.1,16,625.0,4.25,10.219,200.0
HBARUSDT,0.5,3600s,0.67,75.0,10000.0,17.6,1,coin,59.9,118.2,59,169.5,1.02,0.749,2.113
HBARUSDT,1.0,3600s,0.67,75.0,10000.0,17.6,1,coin,37.5,118.2,37,270.3,2.03,0.749,2.113
HBARUSDT,2.0,3600s,0.67,75.0,10000.0,17.6,1,coin,21.4,118.2,21,476.2,4.09,0.749,2.113
FARTCOINUSDT,0.5,3600s,1.5,50.0,10000.0,233.0,0,pool,40.0,26.1,26,384.6,2.35,0.806,4.934
FARTCOINUSDT,1.0,3600s,1.5,50.0,10000.0,233.0,0,pool,28.6,26.1,26,384.6,2.35,0.806,4.934
FARTCOINUSDT,2.0,3600s,1.5,50.0,10000.0,233.0,0,pool,18.2,26.1,18,555.6,4.06,0.806,4.934
XMRUSDT,0.5,3600s,1.0,75.0,5000.0,233.0,0,pool,50.0,30.0,30,333.3,2.33,2.879,18.598
XMRUSDT,1.0,3600s,1.0,75.0,5000.0,233.0,0,pool,33.3,30.0,30,333.3,2.33,2.879,18.598
XMRUSDT,2.0,3600s,1.0,75.0,5000.0,233.0,0,pool,20.0,30.0,20,500.0,4.0,2.879,18.598
CASHCATUSDT,0.5,3600s,5.0,10.0,10000.0,233.0,0,pool,16.7,13.6,10,1000.0,5.0,0.563,2.806
CASHCATUSDT,1.0,3600s,5.0,10.0,10000.0,233.0,0,pool,14.3,13.6,10,1000.0,5.0,0.563,2.806
CASHCATUSDT,2.0,3600s,5.0,10.0,10000.0,233.0,0,pool,11.1,13.6,10,1000.0,5.0,0.563,2.806
FLOCKUSDT,0.5,3600s,2.5,20.0,5000.0,233.0,0,pool,28.6,20.7,20,500.0,2.5,1.911,23.656
FLOCKUSDT,1.0,3600s,2.5,20.0,5000.0,233.0,0,pool,22.2,20.7,20,500.0,2.5,1.911,23.656
FLOCKUSDT,2.0,3600s,2.5,20.0,5000.0,233.0,0,pool,15.4,20.7,15,666.7,4.17,1.911,23.656
APTUSDT,0.5,3600s,1.0,50.0,200000.0,233.0,0,pool,50.0,30.0,30,333.3,2.33,0.797,2.763
APTUSDT,1.0,3600s,1.0,50.0,200000.0,233.0,0,pool,33.3,30.0,30,333.3,2.33,0.797,2.763
APTUSDT,2.0,3600s,1.0,50.0,200000.0,233.0,0,pool,20.0,30.0,20,500.0,4.0,0.797,2.763
INJUSDT,0.5,3600s,1.0,50.0,200000.0,233.0,0,pool,50.0,30.0,30,333.3,2.33,1.038,9.376
INJUSDT,1.0,3600s,1.0,50.0,200000.0,233.0,0,pool,33.3,30.0,30,333.3,2.33,1.038,9.376
INJUSDT,2.0,3600s,1.0,50.0,200000.0,233.0,0,pool,20.0,30.0,20,500.0,4.0,1.038,9.376
PENDLEUSDT,0.5,3600s,1.0,50.0,5000.0,233.0,0,pool,50.0,30.0,30,333.3,2.33,0.928,1.895
PENDLEUSDT,1.0,3600s,1.0,50.0,5000.0,233.0,0,pool,33.3,30.0,30,333.3,2.33,0.928,1.895
PENDLEUSDT,2.0,3600s,1.0,50.0,5000.0,233.0,0,pool,20.0,30.0,20,500.0,4.0,0.928,1.895
ASTRUSDT,0.5,3600s,2.0,25.0,25000.0,233.0,0,pool,33.3,23.1,23,434.8,2.35,5.774,129.168
ASTRUSDT,1.0,3600s,2.0,25.0,25000.0,233.0,0,pool,25.0,23.1,23,434.8,2.35,5.774,129.168
ASTRUSDT,2.0,3600s,2.0,25.0,25000.0,233.0,0,pool,16.7,23.1,16,625.0,4.25,5.774,129.168
UAIUSDT,0.5,3600s,2.5,20.0,5000.0,233.0,0,pool,28.6,20.7,20,500.0,2.5,0.805,9.905
UAIUSDT,1.0,3600s,2.5,20.0,5000.0,233.0,0,pool,22.2,20.7,20,500.0,2.5,0.805,9.905
UAIUSDT,2.0,3600s,2.5,20.0,5000.0,233.0,0,pool,15.4,20.7,15,666.7,4.17,0.805,9.905
BCHUSDT,0.5,3600s,0.67,75.0,10000.0,83.2,14,coin,59.9,66.6,59,169.5,1.02,0.748,2.027
BCHUSDT,1.0,3600s,0.67,75.0,10000.0,83.2,14,coin,37.5,66.6,37,270.3,2.03,0.748,2.027
BCHUSDT,2.0,3600s,0.67,75.0,10000.0,83.2,14,coin,21.4,66.6,21,476.2,4.09,0.748,2.027
WLFIUSDT,0.5,3600s,1.0,75.0,5000.0,233.0,0,pool,50.0,30.0,30,333.3,2.33,0.515,1.592
WLFIUSDT,1.0,3600s,1.0,75.0,5000.0,233.0,0,pool,33.3,30.0,30,333.3,2.33,0.515,1.592
WLFIUSDT,2.0,3600s,1.0,75.0,5000.0,233.0,0,pool,20.0,30.0,20,500.0,4.0,0.515,1.592
DOTUSDT,0.5,3600s,1.0,75.0,10000.0,233.0,0,pool,50.0,30.0,30,333.3,2.33,0.891,2.287
DOTUSDT,1.0,3600s,1.0,75.0,10000.0,233.0,0,pool,33.3,30.0,30,333.3,2.33,0.891,2.287
DOTUSDT,2.0,3600s,1.0,75.0,10000.0,233.0,0,pool,20.0,30.0,20,500.0,4.0,0.891,2.287
AVAAIUSDT,0.5,3600s,2.5,20.0,5000.0,233.0,0,pool,28.6,20.7,20,500.0,2.5,0.764,3.175
AVAAIUSDT,1.0,3600s,2.5,20.0,5000.0,233.0,0,pool,22.2,20.7,20,500.0,2.5,0.764,3.175
AVAAIUSDT,2.0,3600s,2.5,20.0,5000.0,233.0,0,pool,15.4,20.7,15,666.7,4.17,0.764,3.175
PENGUUSDT,0.5,3600s,0.67,75.0,5000.0,233.0,0,pool,59.9,33.3,33,303.0,2.36,0.489,1.407
PENGUUSDT,1.0,3600s,0.67,75.0,5000.0,233.0,0,pool,37.5,33.3,33,303.0,2.36,0.489,1.407
PENGUUSDT,2.0,3600s,0.67,75.0,5000.0,233.0,0,pool,21.4,33.3,21,476.2,4.09,0.489,1.407
INTCUSDT,0.5,3600s,1.0,50.0,30000.0,233.0,0,pool,50.0,30.0,30,333.3,2.33,0.981,6.307
INTCUSDT,1.0,3600s,1.0,50.0,30000.0,233.0,0,pool,33.3,30.0,30,333.3,2.33,0.981,6.307
INTCUSDT,2.0,3600s,1.0,50.0,30000.0,233.0,0,pool,20.0,30.0,20,500.0,4.0,0.981,6.307
WIFUSDT,0.5,3600s,1.0,50.0,5000.0,106.5,15,coin,50.0,48.4,48,208.3,1.08,0.555,2.244
WIFUSDT,1.0,3600s,1.0,50.0,5000.0,106.5,15,coin,33.3,48.4,33,303.0,2.03,0.555,2.244
WIFUSDT,2.0,3600s,1.0,50.0,5000.0,106.5,15,coin,20.0,48.4,20,500.0,4.0,0.555,2.244
DELLUSDT,0.5,3600s,1.25,50.0,10000.0,233.0,0,pool,44.4,27.9,27,370.4,2.45,0.872,8.017
DELLUSDT,1.0,3600s,1.25,50.0,10000.0,233.0,0,pool,30.8,27.9,27,370.4,2.45,0.872,8.017
DELLUSDT,2.0,3600s,1.25,50.0,10000.0,233.0,0,pool,19.0,27.9,19,526.3,4.01,0.872,8.017
NVDAUSDT,0.5,3600s,0.5,100.0,5000.0,233.0,0,pool,66.7,35.3,35,285.7,2.36,0.303,3.247
NVDAUSDT,1.0,3600s,0.5,100.0,5000.0,233.0,0,pool,40.0,35.3,35,285.7,2.36,0.303,3.247
NVDAUSDT,2.0,3600s,0.5,100.0,5000.0,233.0,0,pool,22.2,35.3,22,454.5,4.05,0.303,3.247
DASHUSDT,0.5,3600s,1.0,75.0,5000.0,233.0,0,pool,50.0,30.0,30,333.3,2.33,1.028,2.224
DASHUSDT,1.0,3600s,1.0,75.0,5000.0,233.0,0,pool,33.3,30.0,30,333.3,2.33,1.028,2.224
DASHUSDT,2.0,3600s,1.0,75.0,5000.0,233.0,0,pool,20.0,30.0,20,500.0,4.0,1.028,2.224
ETHFIUSDT,0.5,3600s,2.0,25.0,25000.0,233.0,0,pool,33.3,23.1,23,434.8,2.35,0.583,2.635
ETHFIUSDT,1.0,3600s,2.0,25.0,25000.0,233.0,0,pool,25.0,23.1,23,434.8,2.35,0.583,2.635
ETHFIUSDT,2.0,3600s,2.0,25.0,25000.0,233.0,0,pool,16.7,23.1,16,625.0,4.25,0.583,2.635
DRAMUSDT,0.5,3600s,0.7,100.0,10000.0,130.8,160,coin,58.8,49.8,49,204.1,1.34,0.375,17.627
DRAMUSDT,1.0,3600s,0.7,100.0,10000.0,130.8,160,coin,37.0,49.8,37,270.3,2.0,0.375,17.627
DRAMUSDT,2.0,3600s,0.7,100.0,10000.0,130.8,160,coin,21.3,49.8,21,476.2,4.06,0.375,17.627
STEEMUSDT,0.5,3600s,4.0,12.5,15000.0,233.0,0,pool,20.0,15.8,12,833.3,4.33,22.298,210.047
STEEMUSDT,1.0,3600s,4.0,12.5,15000.0,233.0,0,pool,16.7,15.8,12,833.3,4.33,22.298,210.047
STEEMUSDT,2.0,3600s,4.0,12.5,15000.0,233.0,0,pool,12.5,15.8,12,833.3,4.33,22.298,210.047
SOXSUSDT,0.5,3600s,1.25,50.0,10000.0,29.4,1,coin,44.4,64.8,44,227.3,1.02,0.543,10.047
SOXSUSDT,1.0,3600s,1.25,50.0,10000.0,29.4,1,coin,30.8,64.8,30,333.3,2.08,0.543,10.047
SOXSUSDT,2.0,3600s,1.25,50.0,10000.0,29.4,1,coin,19.0,64.8,19,526.3,4.01,0.543,10.047
SAMSUNGUSDT,0.5,3600s,0.7,100.0,10000.0,233.0,0,pool,58.8,33.0,33,303.0,2.33,1.222,16.773
SAMSUNGUSDT,1.0,3600s,0.7,100.0,10000.0,233.0,0,pool,37.0,33.0,33,303.0,2.33,1.222,16.773
SAMSUNGUSDT,2.0,3600s,0.7,100.0,10000.0,233.0,0,pool,21.3,33.0,21,476.2,4.06,1.222,16.773
ASTERUSDT,0.5,3600s,1.0,75.0,5000.0,233.0,0,pool,50.0,30.0,30,333.3,2.33,0.459,1.103
ASTERUSDT,1.0,3600s,1.0,75.0,5000.0,233.0,0,pool,33.3,30.0,30,333.3,2.33,0.459,1.103
ASTERUSDT,2.0,3600s,1.0,75.0,5000.0,233.0,0,pool,20.0,30.0,20,500.0,4.0,0.459,1.103
VIRTUALUSDT,0.5,3600s,1.5,50.0,10000.0,233.0,0,pool,40.0,26.1,26,384.6,2.35,0.53,1.59
VIRTUALUSDT,1.0,3600s,1.5,50.0,10000.0,233.0,0,pool,28.6,26.1,26,384.6,2.35,0.53,1.59
VIRTUALUSDT,2.0,3600s,1.5,50.0,10000.0,233.0,0,pool,18.2,26.1,18,555.6,4.06,0.53,1.59
TIAUSDT,0.5,3600s,1.0,50.0,200000.0,233.0,0,pool,50.0,30.0,30,333.3,2.33,0.506,2.184
TIAUSDT,1.0,3600s,1.0,50.0,200000.0,233.0,0,pool,33.3,30.0,30,333.3,2.33,0.506,2.184
TIAUSDT,2.0,3600s,1.0,50.0,200000.0,233.0,0,pool,20.0,30.0,20,500.0,4.0,0.506,2.184
MTLUSDT,0.5,3600s,2.0,25.0,5000.0,233.0,0,pool,33.3,23.1,23,434.8,2.35,6.958,83.047
MTLUSDT,1.0,3600s,2.0,25.0,5000.0,233.0,0,pool,25.0,23.1,23,434.8,2.35,6.958,83.047
MTLUSDT,2.0,3600s,2.0,25.0,5000.0,233.0,0,pool,16.7,23.1,16,625.0,4.25,6.958,83.047
METAUSDT,0.5,3600s,0.5,100.0,5000.0,27.5,1,coin,66.7,129.0,66,151.5,1.02,0.386,4.345
METAUSDT,1.0,3600s,0.5,100.0,5000.0,27.5,1,coin,40.0,129.0,40,250.0,2.0,0.386,4.345
METAUSDT,2.0,3600s,0.5,100.0,5000.0,27.5,1,coin,22.2,129.0,22,454.5,4.05,0.386,4.345
COINUSDT,0.5,3600s,1.25,50.0,10000.0,237.8,9,coin,44.4,27.6,27,370.4,2.45,0.716,8.816
COINUSDT,1.0,3600s,1.25,50.0,10000.0,237.8,9,coin,30.8,27.6,27,370.4,2.45,0.716,8.816
COINUSDT,2.0,3600s,1.25,50.0,10000.0,237.8,9,coin,19.0,27.6,19,526.3,4.01,0.716,8.816
ATOMUSDT,0.5,3600s,0.67,75.0,5000.0,138.5,12,coin,59.9,48.7,48,208.3,1.41,1.039,4.175
ATOMUSDT,1.0,3600s,0.67,75.0,5000.0,138.5,12,coin,37.5,48.7,37,270.3,2.03,1.039,4.175
ATOMUSDT,2.0,3600s,0.67,75.0,5000.0,138.5,12,coin,21.4,48.7,21,476.2,4.09,1.039,4.175
CRVUSDT,0.5,3600s,0.67,75.0,5000.0,153.3,2,coin,59.9,45.4,45,222.2,1.55,0.832,1.231
CRVUSDT,1.0,3600s,0.67,75.0,5000.0,153.3,2,coin,37.5,45.4,37,270.3,2.03,0.832,1.231
CRVUSDT,2.0,3600s,0.67,75.0,5000.0,153.3,2,coin,21.4,45.4,21,476.2,4.09,0.832,1.231
ACEUSDT,0.5,3600s,2.0,25.0,5000.0,233.0,0,pool,33.3,23.1,23,434.8,2.35,14.159,121.275
ACEUSDT,1.0,3600s,2.0,25.0,5000.0,233.0,0,pool,25.0,23.1,23,434.8,2.35,14.159,121.275
ACEUSDT,2.0,3600s,2.0,25.0,5000.0,233.0,0,pool,16.7,23.1,16,625.0,4.25,14.159,121.275
EWYUSDT,0.5,3600s,0.7,100.0,10000.0,15.0,1,coin,58.8,117.6,58,172.4,1.02,0.241,8.162
EWYUSDT,1.0,3600s,0.7,100.0,10000.0,15.0,1,coin,37.0,117.6,37,270.3,2.0,0.241,8.162
EWYUSDT,2.0,3600s,0.7,100.0,10000.0,15.0,1,coin,21.3,117.6,21,476.2,4.06,0.241,8.162
ICPUSDT,0.5,3600s,1.0,75.0,5000.0,112.4,2,coin,50.0,47.1,47,212.8,1.13,0.847,1.996
ICPUSDT,1.0,3600s,1.0,75.0,5000.0,112.4,2,coin,33.3,47.1,33,303.0,2.03,0.847,1.996
ICPUSDT,2.0,3600s,1.0,75.0,5000.0,112.4,2,coin,20.0,47.1,20,500.0,4.0,0.847,1.996
LAUSDT,0.5,3600s,2.0,25.0,5000.0,233.0,0,pool,33.3,23.1,23,434.8,2.35,10.146,68.003
LAUSDT,1.0,3600s,2.0,25.0,5000.0,233.0,0,pool,25.0,23.1,23,434.8,2.35,10.146,68.003
LAUSDT,2.0,3600s,2.0,25.0,5000.0,233.0,0,pool,16.7,23.1,16,625.0,4.25,10.146,68.003
AEROUSDT,0.5,3600s,2.0,25.0,25000.0,233.0,0,pool,33.3,23.1,23,434.8,2.35,0.532,1.946
AEROUSDT,1.0,3600s,2.0,25.0,25000.0,233.0,0,pool,25.0,23.1,23,434.8,2.35,0.532,1.946
AEROUSDT,2.0,3600s,2.0,25.0,25000.0,233.0,0,pool,16.7,23.1,16,625.0,4.25,0.532,1.946
CYSUSDT,0.5,3600s,4.0,12.5,15000.0,233.0,0,pool,20.0,15.8,12,833.3,4.33,1.673,24.891
CYSUSDT,1.0,3600s,4.0,12.5,15000.0,233.0,0,pool,16.7,15.8,12,833.3,4.33,1.673,24.891
CYSUSDT,2.0,3600s,4.0,12.5,15000.0,233.0,0,pool,12.5,15.8,12,833.3,4.33,1.673,24.891
JUPUSDT,0.5,3600s,1.0,50.0,5000.0,34.8,2,coin,50.0,74.2,50,200.0,1.0,0.462,1.596
JUPUSDT,1.0,3600s,1.0,50.0,5000.0,34.8,2,coin,33.3,74.2,33,303.0,2.03,0.462,1.596
JUPUSDT,2.0,3600s,1.0,50.0,5000.0,34.8,2,coin,20.0,74.2,20,500.0,4.0,0.462,1.596
ZROUSDT,0.5,3600s,1.5,50.0,10000.0,233.0,0,pool,40.0,26.1,26,384.6,2.35,0.494,1.143
ZROUSDT,1.0,3600s,1.5,50.0,10000.0,233.0,0,pool,28.6,26.1,26,384.6,2.35,0.494,1.143
ZROUSDT,2.0,3600s,1.5,50.0,10000.0,233.0,0,pool,18.2,26.1,18,555.6,4.06,0.494,1.143
SHIB1000USDT,0.5,3600s,1.0,50.0,200000.0,233.0,0,pool,50.0,30.0,30,333.3,2.33,0.745,1.754
SHIB1000USDT,1.0,3600s,1.0,50.0,200000.0,233.0,0,pool,33.3,30.0,30,333.3,2.33,0.745,1.754
SHIB1000USDT,2.0,3600s,1.0,50.0,200000.0,233.0,0,pool,20.0,30.0,20,500.0,4.0,0.745,1.754
1000BONKUSDT,0.5,3600s,1.0,50.0,200000.0,91.6,1,coin,50.0,52.2,50,200.0,1.0,0.597,2.902
1000BONKUSDT,1.0,3600s,1.0,50.0,200000.0,91.6,1,coin,33.3,52.2,33,303.0,2.03,0.597,2.902
1000BONKUSDT,2.0,3600s,1.0,50.0,200000.0,91.6,1,coin,20.0,52.2,20,500.0,4.0,0.597,2.902
GOOGLUSDT,0.5,3600s,0.5,100.0,5000.0,25.9,1,coin,66.7,131.8,66,151.5,1.02,0.563,4.243
GOOGLUSDT,1.0,3600s,0.5,100.0,5000.0,25.9,1,coin,40.0,131.8,40,250.0,2.0,0.563,4.243
GOOGLUSDT,2.0,3600s,0.5,100.0,5000.0,25.9,1,coin,22.2,131.8,22,454.5,4.05,0.563,4.243
SENTUSDT,0.5,3600s,1.5,50.0,5000.0,233.0,0,pool,40.0,26.1,26,384.6,2.35,0.557,7.791
SENTUSDT,1.0,3600s,1.5,50.0,5000.0,233.0,0,pool,28.6,26.1,26,384.6,2.35,0.557,7.791
SENTUSDT,2.0,3600s,1.5,50.0,5000.0,233.0,0,pool,18.2,26.1,18,555.6,4.06,0.557,7.791
RAYDIUMUSDT,0.5,3600s,2.0,25.0,25000.0,233.0,0,pool,33.3,23.1,23,434.8,2.35,1.251,18.502
RAYDIUMUSDT,1.0,3600s,2.0,25.0,25000.0,233.0,0,pool,25.0,23.1,23,434.8,2.35,1.251,18.502
RAYDIUMUSDT,2.0,3600s,2.0,25.0,25000.0,233.0,0,pool,16.7,23.1,16,625.0,4.25,1.251,18.502
AXLUSDT,0.5,3600s,2.0,25.0,5000.0,233.0,0,pool,33.3,23.1,23,434.8,2.35,1.305,48.316
AXLUSDT,1.0,3600s,2.0,25.0,5000.0,233.0,0,pool,25.0,23.1,23,434.8,2.35,1.305,48.316
AXLUSDT,2.0,3600s,2.0,25.0,5000.0,233.0,0,pool,16.7,23.1,16,625.0,4.25,1.305,48.316
TRXUSDT,0.5,3600s,0.75,75.0,200000.0,21.0,8,coin,57.1,104.2,57,175.4,1.0,1.657,15.02
TRXUSDT,1.0,3600s,0.75,75.0,200000.0,21.0,8,coin,36.4,104.2,36,277.8,2.03,1.657,15.02
TRXUSDT,2.0,3600s,0.75,75.0,200000.0,21.0,8,coin,21.1,104.2,21,476.2,4.01,1.657,15.02
HIVEUSDT,0.5,3600s,2.0,25.0,5000.0,233.0,0,pool,33.3,23.1,23,434.8,2.35,8.989,122.098
HIVEUSDT,1.0,3600s,2.0,25.0,5000.0,233.0,0,pool,25.0,23.1,23,434.8,2.35,8.989,122.098
HIVEUSDT,2.0,3600s,2.0,25.0,5000.0,233.0,0,pool,16.7,23.1,16,625.0,4.25,8.989,122.098
MSFTUSDT,0.5,3600s,0.5,100.0,5000.0,3.6,1,coin,66.7,186.6,66,151.5,1.02,0.024,2.086
MSFTUSDT,1.0,3600s,0.5,100.0,5000.0,3.6,1,coin,40.0,186.6,40,250.0,2.0,0.024,2.086
MSFTUSDT,2.0,3600s,0.5,100.0,5000.0,3.6,1,coin,22.2,186.6,22,454.5,4.05,0.024,2.086
PUFFERUSDT,0.5,3600s,10.0,5.0,5000.0,233.0,0,pool,9.1,8.1,5,2000.0,10.0,15.502,115.024
PUFFERUSDT,1.0,3600s,10.0,5.0,5000.0,233.0,0,pool,8.3,8.1,5,2000.0,10.0,15.502,115.024
PUFFERUSDT,2.0,3600s,10.0,5.0,5000.0,233.0,0,pool,7.1,8.1,5,2000.0,10.0,15.502,115.024
STORJUSDT,0.5,3600s,2.0,25.0,5000.0,233.0,0,pool,33.3,23.1,23,434.8,2.35,51.15,200.0
STORJUSDT,1.0,3600s,2.0,25.0,5000.0,233.0,0,pool,25.0,23.1,23,434.8,2.35,51.15,200.0
STORJUSDT,2.0,3600s,2.0,25.0,5000.0,233.0,0,pool,16.7,23.1,16,625.0,4.25,51.15,200.0
NBISUSDT,0.5,3600s,1.25,50.0,10000.0,20.1,4,coin,44.4,68.9,44,227.3,1.02,1.073,10.548
NBISUSDT,1.0,3600s,1.25,50.0,10000.0,20.1,4,coin,30.8,68.9,30,333.3,2.08,1.073,10.548
NBISUSDT,2.0,3600s,1.25,50.0,10000.0,20.1,4,coin,19.0,68.9,19,526.3,4.01,1.073,10.548
