mode,cell,month,trades,usd_month,kpi_share_gt5d,defined
B2,B1,2026-02,138,-55.5,0.3157,1
B2,B1,2026-03,242,-14.3,0.5001,1
B2,B1,2026-04,184,-1.8,0.4541,1
B2,B1,2026-05,157,-46.3,0.8387,1
B2,B1,2026-06,218,-33.7,0.3273,1
B2,B1,2026-07,214,49.0,0.1194,1
B2,B1,2026-08,167,48.1,0.3073,1
B2,B1,2026-09,151,75.9,0.0878,1
B2,B1,2026-10,3,-3.1,0.0,0
B2,g04-k20,2026-02,74,-83.7,0.726,1
B2,g04-k20,2026-03,170,-12.9,0.3313,1
B2,g04-k20,2026-04,112,40.8,0.2905,1
B2,g04-k20,2026-05,87,-20.5,0.514,1
B2,g04-k20,2026-06,130,-34.8,0.5145,1
B2,g04-k20,2026-07,110,20.2,0.3478,1
B2,g04-k20,2026-08,106,18.3,0.5649,1
B2,g04-k20,2026-09,84,20.0,0.2259,1
B2,g04-k20,2026-10,1,-2.9,0.0,0
B2,g04-k33,2026-02,94,-99.4,0.726,1
B2,g04-k33,2026-03,202,-2.9,0.5207,1
B2,g04-k33,2026-04,145,56.5,0.0023,1
B2,g04-k33,2026-05,122,16.9,0.514,1
B2,g04-k33,2026-06,153,-31.3,0.5098,1
B2,g04-k33,2026-07,145,89.0,0.024,1
B2,g04-k33,2026-08,129,7.9,0.5623,1
B2,g04-k33,2026-09,106,46.6,0.1007,1
B2,g04-k33,2026-10,1,-6.4,0.0,0
B2,g04-k50,2026-02,108,-49.8,0.3686,1
B2,g04-k50,2026-03,215,12.7,0.3391,1
B2,g04-k50,2026-04,161,-14.8,0.5935,1
B2,g04-k50,2026-05,145,-48.0,0.6774,1
B2,g04-k50,2026-06,178,-36.5,0.4143,1
B2,g04-k50,2026-07,170,60.9,0.257,1
B2,g04-k50,2026-08,143,27.3,0.4496,1
B2,g04-k50,2026-09,128,74.0,0.0878,1
B2,g04-k50,2026-10,2,-6.3,0.0,0
B2,g04-k67,2026-02,115,-53.8,0.4645,1
B2,g04-k67,2026-03,226,2.3,0.5042,1
B2,g04-k67,2026-04,175,9.0,0.2469,1
B2,g04-k67,2026-05,147,-65.1,0.8387,1
B2,g04-k67,2026-06,198,28.1,0.2907,1
B2,g04-k67,2026-07,192,32.0,0.326,1
B2,g04-k67,2026-08,156,22.9,0.5023,1
B2,g04-k67,2026-09,145,111.1,0.0878,1
B2,g04-k67,2026-10,2,-6.3,0.0,0
B2,g04-k80,2026-02,121,-72.5,0.4645,1
B2,g04-k80,2026-03,230,-9.4,0.3622,1
B2,g04-k80,2026-04,178,10.4,0.3758,1
B2,g04-k80,2026-05,155,-55.5,0.8387,1
B2,g04-k80,2026-06,207,-39.1,0.3347,1
B2,g04-k80,2026-07,201,17.2,0.3475,1
B2,g04-k80,2026-08,161,50.6,0.3109,1
B2,g04-k80,2026-09,147,77.6,0.0878,1
B2,g04-k80,2026-10,2,-6.3,0.0,0
B2,g05-c1,2026-02,86,-69.4,0.3307,1
B2,g05-c1,2026-03,198,-88.5,0.6828,1
B2,g05-c1,2026-04,140,31.6,0.6512,1
B2,g05-c1,2026-05,114,19.1,0.6359,1
B2,g05-c1,2026-06,141,-15.3,0.7814,1
B2,g05-c1,2026-07,152,-27.7,0.5269,1
B2,g05-c1,2026-08,119,24.7,0.2969,1
B2,g05-c1,2026-09,78,-2.7,0.4528,1
B2,g05-c1,2026-10,1,-7.0,0.0,0
B2,g05-c3,2026-02,65,-36.5,0.2042,1
B2,g05-c3,2026-03,175,-89.3,0.6836,1
B2,g05-c3,2026-04,120,-10.9,0.6577,1
B2,g05-c3,2026-05,81,-5.1,0.6405,1
B2,g05-c3,2026-06,103,-2.2,0.118,1
B2,g05-c3,2026-07,121,-49.5,0.527,1
B2,g05-c3,2026-08,99,-19.8,0.3212,1
B2,g05-c3,2026-09,56,-26.8,0.6667,1
B2,g05-c3,2026-10,1,-7.0,0.0,0
B2,g06-slow,2026-02,106,-28.7,0.3428,1
B2,g06-slow,2026-03,222,-11.2,0.5001,1
B2,g06-slow,2026-04,174,-25.6,0.5775,1
B2,g06-slow,2026-05,142,-54.7,0.8387,1
B2,g06-slow,2026-06,178,-115.6,0.8198,1
B2,g06-slow,2026-07,201,19.4,0.3475,1
B2,g06-slow,2026-08,145,7.7,0.406,1
B2,g06-slow,2026-09,130,57.1,0.0878,1
B2,g06-slow,2026-10,3,-3.1,0.0,0
B2,g100-micro0,2026-02,78,-114.6,0.7269,1
B2,g100-micro0,2026-03,196,-103.3,0.2768,1
B2,g100-micro0,2026-04,144,42.4,0.3049,1
B2,g100-micro0,2026-05,108,-17.7,0.5299,1
B2,g100-micro0,2026-06,163,-27.1,0.5092,1
B2,g100-micro0,2026-07,183,-0.2,0.19,1
B2,g100-micro0,2026-08,137,-12.4,0.4386,1
B2,g100-micro0,2026-09,125,83.7,0.1007,1
B2,g100-micro0,2026-10,3,-3.1,0.0,0
B2,g139-k20,2026-02,63,-52.0,0.7368,1
B2,g139-k20,2026-03,142,6.8,0.4972,1
B2,g139-k20,2026-04,74,76.3,0.1399,1
B2,g139-k20,2026-05,79,-30.2,0.6678,1
B2,g139-k20,2026-06,112,-45.9,0.3221,1
B2,g139-k20,2026-07,135,10.3,0.5219,1
B2,g139-k20,2026-08,109,30.5,0.2931,1
B2,g139-k20,2026-09,49,39.7,0.1574,1
B2,g139-k20,2026-10,1,-7.0,0.0,0
B2,g139-k33,2026-02,75,-51.7,0.7368,1
B2,g139-k33,2026-03,180,-10.4,0.4953,1
B2,g139-k33,2026-04,121,76.1,0.0361,1
B2,g139-k33,2026-05,109,-16.0,0.8387,1
B2,g139-k33,2026-06,154,-35.7,0.3235,1
B2,g139-k33,2026-07,179,73.0,0.1904,1
B2,g139-k33,2026-08,125,-12.3,0.3394,1
B2,g139-k33,2026-09,66,27.2,0.0994,1
B2,g139-k33,2026-10,1,-7.0,0.0,0
B2,g139-k50,2026-02,86,-57.0,0.5536,1
B2,g139-k50,2026-03,208,20.5,0.2876,1
B2,g139-k50,2026-04,150,45.1,0.2601,1
B2,g139-k50,2026-05,131,-59.7,0.8387,1
B2,g139-k50,2026-06,175,-35.2,0.3324,1
B2,g139-k50,2026-07,196,69.3,0.3249,1
B2,g139-k50,2026-08,139,-7.9,0.4204,1
B2,g139-k50,2026-09,87,35.5,0.1149,1
B2,g139-k50,2026-10,1,-7.0,0.0,0
B2,g139-k67,2026-02,108,-29.8,0.326,1
B2,g139-k67,2026-03,222,43.6,0.4978,1
B2,g139-k67,2026-04,174,38.1,0.3914,1
B2,g139-k67,2026-05,144,-64.5,0.8387,1
B2,g139-k67,2026-06,198,-19.8,0.311,1
B2,g139-k67,2026-07,204,38.8,0.3249,1
B2,g139-k67,2026-08,142,14.9,0.3394,1
B2,g139-k67,2026-09,107,17.0,0.123,1
B2,g139-k67,2026-10,1,-7.0,0.0,0
B2,g139-k80,2026-02,120,-12.6,0.3157,1
B2,g139-k80,2026-03,232,20.6,0.5113,1
B2,g139-k80,2026-04,179,29.9,0.0386,1
B2,g139-k80,2026-05,150,-60.9,0.8387,1
B2,g139-k80,2026-06,205,-47.8,0.311,1
B2,g139-k80,2026-07,209,18.7,0.3475,1
B2,g139-k80,2026-08,151,18.3,0.4226,1
B2,g139-k80,2026-09,119,41.2,0.1604,1
B2,g139-k80,2026-10,2,-5.6,0.0,0
B2,g34-notmoved,2026-02,138,-55.5,0.3157,1
B2,g34-notmoved,2026-03,242,-14.1,0.5001,1
B2,g34-notmoved,2026-04,184,-1.8,0.4541,1
B2,g34-notmoved,2026-05,157,-46.3,0.8387,1
B2,g34-notmoved,2026-06,218,-33.7,0.3273,1
B2,g34-notmoved,2026-07,214,49.0,0.1194,1
B2,g34-notmoved,2026-08,167,48.1,0.3073,1
B2,g34-notmoved,2026-09,150,83.8,0.0878,1
B2,g34-notmoved,2026-10,3,-3.1,0.0,0
B2,g35-k20,2026-02,57,-64.9,0.5583,1
B2,g35-k20,2026-03,154,-36.9,0.5193,1
B2,g35-k20,2026-04,116,61.4,0.2774,1
B2,g35-k20,2026-05,61,-9.1,0.3763,1
B2,g35-k20,2026-06,106,-74.0,0.4287,1
B2,g35-k20,2026-07,156,-25.6,0.3961,1
B2,g35-k20,2026-08,105,28.9,0.5926,1
B2,g35-k20,2026-09,86,98.7,0.0265,1
B2,g35-k20,2026-10,1,1.4,0.0,0
B2,g35-k33,2026-02,68,-26.7,0.532,1
B2,g35-k33,2026-03,183,-32.2,0.6657,1
B2,g35-k33,2026-04,144,-1.9,0.5974,1
B2,g35-k33,2026-05,89,24.6,0.2479,1
B2,g35-k33,2026-06,137,-64.9,0.3891,1
B2,g35-k33,2026-07,175,-60.4,0.4927,1
B2,g35-k33,2026-08,121,16.4,0.5926,1
B2,g35-k33,2026-09,109,89.6,0.0,1
B2,g35-k33,2026-10,3,-3.1,0.0,0
B2,g35-k50,2026-02,86,-15.4,0.3933,1
B2,g35-k50,2026-03,215,-34.7,0.4977,1
B2,g35-k50,2026-04,163,-6.7,0.8152,1
B2,g35-k50,2026-05,109,41.6,0.2931,1
B2,g35-k50,2026-06,168,-62.7,0.4562,1
B2,g35-k50,2026-07,197,-4.1,0.3478,1
B2,g35-k50,2026-08,141,16.3,0.4281,1
B2,g35-k50,2026-09,129,51.7,0.1007,1
B2,g35-k50,2026-10,3,-3.1,0.0,0
B2,g35-k67,2026-02,104,-53.0,0.3723,1
B2,g35-k67,2026-03,222,-52.6,0.5057,1
B2,g35-k67,2026-04,171,-43.6,0.8152,1
B2,g35-k67,2026-05,134,22.6,0.509,1
B2,g35-k67,2026-06,193,-102.0,0.8198,1
B2,g35-k67,2026-07,204,30.4,0.3478,1
B2,g35-k67,2026-08,149,19.3,0.2912,1
B2,g35-k67,2026-09,139,56.5,0.218,1
B2,g35-k67,2026-10,3,-3.1,0.0,0
B2,g35-k80,2026-02,118,-43.4,0.3157,1
B2,g35-k80,2026-03,233,-39.9,0.3361,1
B2,g35-k80,2026-04,178,-54.9,0.8152,1
B2,g35-k80,2026-05,145,8.3,0.6774,1
B2,g35-k80,2026-06,206,-39.5,0.5086,1
B2,g35-k80,2026-07,211,41.6,0.3478,1
B2,g35-k80,2026-08,156,28.1,0.3891,1
B2,g35-k80,2026-09,148,67.2,0.1007,1
B2,g35-k80,2026-10,3,-3.1,0.0,0
B2,g39-k20,2026-02,74,-105.6,0.7363,1
B2,g39-k20,2026-03,143,-145.1,0.6641,1
B2,g39-k20,2026-04,94,-30.7,0.8155,1
B2,g39-k20,2026-05,58,-21.0,0.6774,1
B2,g39-k20,2026-06,56,-31.2,0.6202,1
B2,g39-k20,2026-07,128,-81.6,0.6882,1
B2,g39-k20,2026-08,95,43.5,0.1717,1
B2,g39-k20,2026-09,43,-6.5,0.6141,1
B2,g39-k20,2026-10,1,-4.8,0.0,0
B2,g39-k33,2026-02,97,-55.5,0.4748,1
B2,g39-k33,2026-03,182,-155.8,0.6641,1
B2,g39-k33,2026-04,127,-36.7,0.8155,1
B2,g39-k33,2026-05,76,-34.8,0.8387,1
B2,g39-k33,2026-06,86,-47.7,0.6178,1
B2,g39-k33,2026-07,148,-39.0,0.6882,1
B2,g39-k33,2026-08,113,26.1,0.2866,1
B2,g39-k33,2026-09,73,2.1,0.4875,1
B2,g39-k33,2026-10,2,-5.0,0.0,0
B2,g39-k50,2026-02,109,-33.4,0.4748,1
B2,g39-k50,2026-03,212,-85.1,0.666,1
B2,g39-k50,2026-04,148,28.6,0.5895,1
B2,g39-k50,2026-05,98,-24.8,0.8387,1
B2,g39-k50,2026-06,113,-83.5,0.7942,1
B2,g39-k50,2026-07,172,-65.1,0.5266,1
B2,g39-k50,2026-08,134,-18.6,0.5176,1
B2,g39-k50,2026-09,97,44.4,0.068,1
B2,g39-k50,2026-10,2,-5.5,0.0,0
B2,g39-k67,2026-02,117,-66.8,0.3157,1
B2,g39-k67,2026-03,225,-33.1,0.3382,1
B2,g39-k67,2026-04,168,28.1,0.4273,1
B2,g39-k67,2026-05,125,-84.7,0.6774,1
B2,g39-k67,2026-06,149,-111.2,0.7942,1
B2,g39-k67,2026-07,188,-40.0,0.3478,1
B2,g39-k67,2026-08,144,-21.9,0.348,1
B2,g39-k67,2026-09,117,70.8,0.0976,1
B2,g39-k67,2026-10,2,-5.5,0.0,0
B2,g39-k80,2026-02,123,-57.0,0.3157,1
B2,g39-k80,2026-03,234,-27.0,0.4995,1
B2,g39-k80,2026-04,173,20.7,0.2333,1
B2,g39-k80,2026-05,142,-56.1,0.6753,1
B2,g39-k80,2026-06,173,-39.4,0.7942,1
B2,g39-k80,2026-07,199,29.5,0.2338,1
B2,g39-k80,2026-08,148,1.7,0.3326,1
B2,g39-k80,2026-09,131,72.6,0.1373,1
B2,g39-k80,2026-10,3,-3.1,0.0,0
B2,g40-retest,2026-02,0,0.0,0.8214,0
B2,g40-retest,2026-03,0,0.0,0.8387,0
B2,g40-retest,2026-04,0,0.0,0.8333,0
B2,g40-retest,2026-05,0,0.0,0.8387,0
B2,g40-retest,2026-06,0,0.0,0.8333,0
B2,g40-retest,2026-07,1,-10.3,0.8387,0
B2,g40-retest,2026-08,2,6.3,0.5243,0
B2,g40-retest,2026-09,2,4.7,0.6667,0
B2,g40-retest,2026-10,0,0.0,0.0,0
B2,g42-k20,2026-02,84,-36.3,0.3657,1
B2,g42-k20,2026-03,141,-55.7,0.4958,1
B2,g42-k20,2026-04,97,17.0,0.5144,1
B2,g42-k20,2026-05,62,14.9,0.4558,1
B2,g42-k20,2026-06,106,-17.9,0.5808,1
B2,g42-k20,2026-07,114,62.2,0.3475,1
B2,g42-k20,2026-08,98,57.9,0.2536,1
B2,g42-k20,2026-09,93,62.5,0.1903,1
B2,g42-k20,2026-10,0,0.0,0.0,0
B2,g42-k33,2026-02,103,-69.2,0.5426,1
B2,g42-k33,2026-03,182,-100.0,0.6828,1
B2,g42-k33,2026-04,114,-21.4,0.8242,1
B2,g42-k33,2026-05,89,14.4,0.5142,1
B2,g42-k33,2026-06,128,-67.0,0.7814,1
B2,g42-k33,2026-07,151,-16.5,0.4049,1
B2,g42-k33,2026-08,111,59.9,0.1377,1
B2,g42-k33,2026-09,109,96.1,0.1903,1
B2,g42-k33,2026-10,0,0.0,0.0,0
B2,g42-k50,2026-02,112,-25.3,0.4688,1
B2,g42-k50,2026-03,215,-116.9,0.6712,1
B2,g42-k50,2026-04,146,29.6,0.3423,1
B2,g42-k50,2026-05,114,-2.5,0.4558,1
B2,g42-k50,2026-06,159,-21.4,0.6101,1
B2,g42-k50,2026-07,177,-1.4,0.3414,1
B2,g42-k50,2026-08,130,66.9,0.1992,1
B2,g42-k50,2026-09,117,83.4,0.1967,1
B2,g42-k50,2026-10,2,-5.5,0.0,0
B2,g42-k67,2026-02,120,-21.8,0.4577,1
B2,g42-k67,2026-03,223,-55.5,0.5078,1
B2,g42-k67,2026-04,164,-6.0,0.8152,1
B2,g42-k67,2026-05,130,-8.0,0.4773,1
B2,g42-k67,2026-06,180,-77.7,0.6038,1
B2,g42-k67,2026-07,194,45.4,0.3414,1
B2,g42-k67,2026-08,144,67.5,0.2147,1
B2,g42-k67,2026-09,129,107.9,0.1204,1
B2,g42-k67,2026-10,3,-3.1,0.0,0
B2,g42-k80,2026-02,122,-26.6,0.4684,1
B2,g42-k80,2026-03,230,-15.4,0.3342,1
B2,g42-k80,2026-04,168,7.9,0.8152,1
B2,g42-k80,2026-05,139,-25.3,0.6405,1
B2,g42-k80,2026-06,197,-50.7,0.3157,1
B2,g42-k80,2026-07,204,23.3,0.3249,1
B2,g42-k80,2026-08,155,72.5,0.1912,1
B2,g42-k80,2026-09,133,91.4,0.1204,1
B2,g42-k80,2026-10,3,-3.1,0.0,0
B2,g43-best_move_10s_cbps-k20,2026-02,43,-15.5,0.6428,1
B2,g43-best_move_10s_cbps-k20,2026-03,137,-33.1,0.3358,1
B2,g43-best_move_10s_cbps-k20,2026-04,109,21.8,0.3748,1
B2,g43-best_move_10s_cbps-k20,2026-05,70,9.4,0.4264,1
B2,g43-best_move_10s_cbps-k20,2026-06,130,4.0,0.6029,1
B2,g43-best_move_10s_cbps-k20,2026-07,135,-32.1,0.326,1
B2,g43-best_move_10s_cbps-k20,2026-08,115,-3.0,0.3437,1
B2,g43-best_move_10s_cbps-k20,2026-09,67,42.4,0.216,1
B2,g43-best_move_10s_cbps-k20,2026-10,2,3.3,0.0,0
B2,g43-best_move_10s_cbps-k33,2026-02,107,-101.9,0.726,1
B2,g43-best_move_10s_cbps-k33,2026-03,227,-66.0,0.3626,1
B2,g43-best_move_10s_cbps-k33,2026-04,132,30.4,0.3748,1
B2,g43-best_move_10s_cbps-k33,2026-05,138,-41.5,0.8387,1
B2,g43-best_move_10s_cbps-k33,2026-06,180,-81.0,0.8198,1
B2,g43-best_move_10s_cbps-k33,2026-07,201,-14.3,0.1194,1
B2,g43-best_move_10s_cbps-k33,2026-08,158,33.1,0.3257,1
B2,g43-best_move_10s_cbps-k33,2026-09,135,61.1,0.2402,1
B2,g43-best_move_10s_cbps-k33,2026-10,3,-3.7,0.0,0
B2,g43-best_move_10s_cbps-k50,2026-02,107,-101.9,0.726,1
B2,g43-best_move_10s_cbps-k50,2026-03,227,-66.0,0.3626,1
B2,g43-best_move_10s_cbps-k50,2026-04,176,-23.9,0.5433,1
B2,g43-best_move_10s_cbps-k50,2026-05,138,-41.5,0.8387,1
B2,g43-best_move_10s_cbps-k50,2026-06,180,-81.0,0.8198,1
B2,g43-best_move_10s_cbps-k50,2026-07,201,-14.3,0.1194,1
B2,g43-best_move_10s_cbps-k50,2026-08,158,33.1,0.3257,1
B2,g43-best_move_10s_cbps-k50,2026-09,135,61.1,0.2402,1
B2,g43-best_move_10s_cbps-k50,2026-10,3,-3.7,0.0,0
B2,g43-best_move_10s_cbps-k67,2026-02,110,-106.2,0.726,1
B2,g43-best_move_10s_cbps-k67,2026-03,229,-52.3,0.3626,1
B2,g43-best_move_10s_cbps-k67,2026-04,176,-23.9,0.5433,1
B2,g43-best_move_10s_cbps-k67,2026-05,138,-41.5,0.8387,1
B2,g43-best_move_10s_cbps-k67,2026-06,180,-81.0,0.8198,1
B2,g43-best_move_10s_cbps-k67,2026-07,201,-14.3,0.1194,1
B2,g43-best_move_10s_cbps-k67,2026-08,158,33.1,0.3257,1
B2,g43-best_move_10s_cbps-k67,2026-09,135,61.1,0.2402,1
B2,g43-best_move_10s_cbps-k67,2026-10,3,-3.7,0.0,0
B2,g43-best_move_10s_cbps-k80,2026-02,121,-71.6,0.4801,1
B2,g43-best_move_10s_cbps-k80,2026-03,233,-53.3,0.3647,1
B2,g43-best_move_10s_cbps-k80,2026-04,176,-24.6,0.7442,1
B2,g43-best_move_10s_cbps-k80,2026-05,143,-25.7,0.8387,1
B2,g43-best_move_10s_cbps-k80,2026-06,190,-79.2,0.6499,1
B2,g43-best_move_10s_cbps-k80,2026-07,202,31.2,0.1412,1
B2,g43-best_move_10s_cbps-k80,2026-08,159,55.5,0.3264,1
B2,g43-best_move_10s_cbps-k80,2026-09,135,76.4,0.1241,1
B2,g43-best_move_10s_cbps-k80,2026-10,3,-3.7,0.0,0
B2,g43-best_move_1s_cbps-k20,2026-02,10,0.6,0.2566,1
B2,g43-best_move_1s_cbps-k20,2026-03,43,-47.0,0.5466,1
B2,g43-best_move_1s_cbps-k20,2026-04,44,50.3,0.0011,1
B2,g43-best_move_1s_cbps-k20,2026-05,20,22.3,0.1645,1
B2,g43-best_move_1s_cbps-k20,2026-06,50,53.6,0.2912,1
B2,g43-best_move_1s_cbps-k20,2026-07,82,-7.7,0.2823,1
B2,g43-best_move_1s_cbps-k20,2026-08,64,-5.3,0.354,1
B2,g43-best_move_1s_cbps-k20,2026-09,25,21.4,0.14,1
B2,g43-best_move_1s_cbps-k20,2026-10,0,0.0,0.0,0
B2,g43-best_move_1s_cbps-k33,2026-02,17,22.5,0.2016,1
B2,g43-best_move_1s_cbps-k33,2026-03,91,-103.5,0.5302,1
B2,g43-best_move_1s_cbps-k33,2026-04,52,46.8,0.0648,1
B2,g43-best_move_1s_cbps-k33,2026-05,27,32.6,0.1465,1
B2,g43-best_move_1s_cbps-k33,2026-06,53,72.4,0.2912,1
B2,g43-best_move_1s_cbps-k33,2026-07,94,-8.6,0.2002,1
B2,g43-best_move_1s_cbps-k33,2026-08,67,-14.5,0.1653,1
B2,g43-best_move_1s_cbps-k33,2026-09,29,21.4,0.4338,1
B2,g43-best_move_1s_cbps-k33,2026-10,0,0.0,0.0,0
B2,g43-best_move_1s_cbps-k50,2026-02,34,-1.1,0.2714,1
B2,g43-best_move_1s_cbps-k50,2026-03,108,-97.7,0.3689,1
B2,g43-best_move_1s_cbps-k50,2026-04,75,40.6,0.0501,1
B2,g43-best_move_1s_cbps-k50,2026-05,46,19.2,0.4731,1
B2,g43-best_move_1s_cbps-k50,2026-06,70,88.2,0.2017,1
B2,g43-best_move_1s_cbps-k50,2026-07,110,-0.2,0.3874,1
B2,g43-best_move_1s_cbps-k50,2026-08,80,-13.4,0.2626,1
B2,g43-best_move_1s_cbps-k50,2026-09,32,27.3,0.306,1
B2,g43-best_move_1s_cbps-k50,2026-10,0,0.0,0.0,0
B2,g43-best_move_1s_cbps-k67,2026-02,131,-66.9,0.3157,1
B2,g43-best_move_1s_cbps-k67,2026-03,237,-37.4,0.526,1
B2,g43-best_move_1s_cbps-k67,2026-04,181,-16.2,0.6143,1
B2,g43-best_move_1s_cbps-k67,2026-05,153,-26.8,0.6774,1
B2,g43-best_move_1s_cbps-k67,2026-06,215,0.1,0.3201,1
B2,g43-best_move_1s_cbps-k67,2026-07,210,68.6,0.1194,1
B2,g43-best_move_1s_cbps-k67,2026-08,163,56.4,0.3811,1
B2,g43-best_move_1s_cbps-k67,2026-09,143,51.6,0.142,1
B2,g43-best_move_1s_cbps-k67,2026-10,3,-3.1,0.0,0
B2,g43-best_move_1s_cbps-k80,2026-02,134,-71.1,0.3157,1
B2,g43-best_move_1s_cbps-k80,2026-03,238,-48.4,0.526,1
B2,g43-best_move_1s_cbps-k80,2026-04,183,-6.8,0.6031,1
B2,g43-best_move_1s_cbps-k80,2026-05,154,-32.5,0.6774,1
B2,g43-best_move_1s_cbps-k80,2026-06,217,-6.9,0.3262,1
B2,g43-best_move_1s_cbps-k80,2026-07,212,47.2,0.1194,1
B2,g43-best_move_1s_cbps-k80,2026-08,165,63.9,0.3495,1
B2,g43-best_move_1s_cbps-k80,2026-09,145,61.1,0.1241,1
B2,g43-best_move_1s_cbps-k80,2026-10,3,-3.1,0.0,0
B2,g43-best_move_1s_cbps-nz,2026-02,43,-8.1,0.2445,1
B2,g43-best_move_1s_cbps-nz,2026-03,109,-87.2,0.3689,1
B2,g43-best_move_1s_cbps-nz,2026-04,75,40.1,0.0538,1
B2,g43-best_move_1s_cbps-nz,2026-05,46,19.2,0.4731,1
B2,g43-best_move_1s_cbps-nz,2026-06,70,88.2,0.2017,1
B2,g43-best_move_1s_cbps-nz,2026-07,110,-0.2,0.3874,1
B2,g43-best_move_1s_cbps-nz,2026-08,80,-13.4,0.2626,1
B2,g43-best_move_1s_cbps-nz,2026-09,32,27.3,0.306,1
B2,g43-best_move_1s_cbps-nz,2026-10,0,0.0,0.0,0
B2,g44-k20,2026-02,59,-12.9,0.5483,1
B2,g44-k20,2026-03,161,-43.8,0.6658,1
B2,g44-k20,2026-04,74,55.3,0.6067,1
B2,g44-k20,2026-05,52,4.5,0.8341,1
B2,g44-k20,2026-06,98,-117.5,0.8145,1
B2,g44-k20,2026-07,126,-36.4,0.6296,1
B2,g44-k20,2026-08,110,73.2,0.1625,1
B2,g44-k20,2026-09,74,39.6,0.41,1
B2,g44-k20,2026-10,2,-5.6,0.0,0
B2,g44-k33,2026-02,78,-12.7,0.5156,1
B2,g44-k33,2026-03,196,-12.3,0.2764,1
B2,g44-k33,2026-04,110,13.8,0.7787,1
B2,g44-k33,2026-05,73,-40.2,0.8387,1
B2,g44-k33,2026-06,127,-72.7,0.6385,1
B2,g44-k33,2026-07,164,-32.2,0.2539,1
B2,g44-k33,2026-08,130,43.4,0.3028,1
B2,g44-k33,2026-09,91,66.4,0.3633,1
B2,g44-k33,2026-10,3,-3.1,0.0,0
B2,g44-k50,2026-02,97,-24.5,0.2059,1
B2,g44-k50,2026-03,216,2.4,0.3032,1
B2,g44-k50,2026-04,141,14.5,0.8152,1
B2,g44-k50,2026-05,99,-53.6,0.8387,1
B2,g44-k50,2026-06,150,-47.2,0.4753,1
B2,g44-k50,2026-07,185,38.7,0.1215,1
B2,g44-k50,2026-08,145,-4.8,0.3245,1
B2,g44-k50,2026-09,111,55.2,0.3994,1
B2,g44-k50,2026-10,3,-3.1,0.0,0
B2,g44-k67,2026-02,112,-49.6,0.3275,1
B2,g44-k67,2026-03,227,-1.1,0.3207,1
B2,g44-k67,2026-04,167,7.7,0.8152,1
B2,g44-k67,2026-05,125,-49.3,0.675,1
B2,g44-k67,2026-06,175,-86.4,0.8333,1
B2,g44-k67,2026-07,198,2.5,0.1194,1
B2,g44-k67,2026-08,153,29.9,0.2992,1
B2,g44-k67,2026-09,126,50.5,0.0868,1
B2,g44-k67,2026-10,3,-3.1,0.0,0
B2,g44-k80,2026-02,118,-52.7,0.316,1
B2,g44-k80,2026-03,235,33.3,0.3207,1
B2,g44-k80,2026-04,174,9.2,0.5775,1
B2,g44-k80,2026-05,138,-53.6,0.675,1
B2,g44-k80,2026-06,196,-65.6,0.6531,1
B2,g44-k80,2026-07,202,16.8,0.3478,1
B2,g44-k80,2026-08,162,7.8,0.4002,1
B2,g44-k80,2026-09,132,74.5,0.0878,1
B2,g44-k80,2026-10,3,-3.1,0.0,0
B2,g58-cancel0,2026-02,138,-55.5,0.3157,1
B2,g58-cancel0,2026-03,242,-14.3,0.5001,1
B2,g58-cancel0,2026-04,184,-1.8,0.4541,1
B2,g58-cancel0,2026-05,157,-46.3,0.8387,1
B2,g58-cancel0,2026-06,218,-33.7,0.3273,1
B2,g58-cancel0,2026-07,214,49.0,0.1194,1
B2,g58-cancel0,2026-08,167,48.1,0.3073,1
B2,g58-cancel0,2026-09,151,75.9,0.0878,1
B2,g58-cancel0,2026-10,3,-3.1,0.0,0
B2,g59-tape_press_lots_15s-k20,2026-02,81,11.0,0.5317,1
B2,g59-tape_press_lots_15s-k20,2026-03,159,37.3,0.1378,1
B2,g59-tape_press_lots_15s-k20,2026-04,126,25.4,0.4731,1
B2,g59-tape_press_lots_15s-k20,2026-05,76,19.8,0.5343,1
B2,g59-tape_press_lots_15s-k20,2026-06,115,-69.5,0.6635,1
B2,g59-tape_press_lots_15s-k20,2026-07,145,-58.6,0.6881,1
B2,g59-tape_press_lots_15s-k20,2026-08,106,-22.8,0.5923,1
B2,g59-tape_press_lots_15s-k20,2026-09,71,75.6,0.1031,1
B2,g59-tape_press_lots_15s-k20,2026-10,0,0.0,0.0,0
B2,g59-tape_press_lots_15s-k33,2026-02,106,-11.1,0.3532,1
B2,g59-tape_press_lots_15s-k33,2026-03,196,31.7,0.2862,1
B2,g59-tape_press_lots_15s-k33,2026-04,148,60.6,0.0714,1
B2,g59-tape_press_lots_15s-k33,2026-05,102,7.2,0.6054,1
B2,g59-tape_press_lots_15s-k33,2026-06,152,-140.2,0.8333,1
B2,g59-tape_press_lots_15s-k33,2026-07,170,-95.0,0.8387,1
B2,g59-tape_press_lots_15s-k33,2026-08,123,16.0,0.4278,1
B2,g59-tape_press_lots_15s-k33,2026-09,93,112.8,0.0158,1
B2,g59-tape_press_lots_15s-k33,2026-10,0,0.0,0.0,0
B2,g59-tape_press_lots_15s-k50,2026-02,117,-40.8,0.1858,1
B2,g59-tape_press_lots_15s-k50,2026-03,217,-28.3,0.3365,1
B2,g59-tape_press_lots_15s-k50,2026-04,160,31.6,0.4332,1
B2,g59-tape_press_lots_15s-k50,2026-05,122,-3.7,0.6774,1
B2,g59-tape_press_lots_15s-k50,2026-06,183,-152.3,0.8333,1
B2,g59-tape_press_lots_15s-k50,2026-07,188,-43.4,0.5258,1
B2,g59-tape_press_lots_15s-k50,2026-08,138,16.6,0.3458,1
B2,g59-tape_press_lots_15s-k50,2026-09,117,119.8,0.1007,1
B2,g59-tape_press_lots_15s-k50,2026-10,2,-5.6,0.0,0
B2,g59-tape_press_lots_15s-k67,2026-02,125,-55.1,0.1858,1
B2,g59-tape_press_lots_15s-k67,2026-03,228,25.4,0.287,1
B2,g59-tape_press_lots_15s-k67,2026-04,176,36.3,0.3761,1
B2,g59-tape_press_lots_15s-k67,2026-05,137,-5.3,0.8387,1
B2,g59-tape_press_lots_15s-k67,2026-06,196,-121.8,0.8198,1
B2,g59-tape_press_lots_15s-k67,2026-07,203,-4.8,0.5074,1
B2,g59-tape_press_lots_15s-k67,2026-08,157,10.4,0.2938,1
B2,g59-tape_press_lots_15s-k67,2026-09,133,113.9,0.1007,1
B2,g59-tape_press_lots_15s-k67,2026-10,3,-3.7,0.0,0
B2,g59-tape_press_lots_15s-k80,2026-02,132,-56.3,0.3157,1
B2,g59-tape_press_lots_15s-k80,2026-03,233,6.2,0.3387,1
B2,g59-tape_press_lots_15s-k80,2026-04,178,-9.5,0.6039,1
B2,g59-tape_press_lots_15s-k80,2026-05,146,-53.0,0.8387,1
B2,g59-tape_press_lots_15s-k80,2026-06,204,-83.9,0.8198,1
B2,g59-tape_press_lots_15s-k80,2026-07,207,5.5,0.5897,1
B2,g59-tape_press_lots_15s-k80,2026-08,160,-0.8,0.4073,1
B2,g59-tape_press_lots_15s-k80,2026-09,145,65.9,0.1007,1
B2,g59-tape_press_lots_15s-k80,2026-10,3,-3.7,0.0,0
B2,g59-tape_press_lots_30s-k20,2026-02,79,8.8,0.393,1
B2,g59-tape_press_lots_30s-k20,2026-03,163,84.5,0.0758,1
B2,g59-tape_press_lots_30s-k20,2026-04,124,26.8,0.4231,1
B2,g59-tape_press_lots_30s-k20,2026-05,81,-3.1,0.8387,1
B2,g59-tape_press_lots_30s-k20,2026-06,113,-57.6,0.6346,1
B2,g59-tape_press_lots_30s-k20,2026-07,142,-75.3,0.6881,1
B2,g59-tape_press_lots_30s-k20,2026-08,112,41.1,0.3425,1
B2,g59-tape_press_lots_30s-k20,2026-09,74,66.7,0.1736,1
B2,g59-tape_press_lots_30s-k20,2026-10,0,0.0,0.0,0
B2,g59-tape_press_lots_30s-k33,2026-02,104,-17.9,0.3299,1
B2,g59-tape_press_lots_30s-k33,2026-03,191,23.5,0.1216,1
B2,g59-tape_press_lots_30s-k33,2026-04,148,36.4,0.3725,1
B2,g59-tape_press_lots_30s-k33,2026-05,107,-2.9,0.8387,1
B2,g59-tape_press_lots_30s-k33,2026-06,152,-110.6,0.8333,1
B2,g59-tape_press_lots_30s-k33,2026-07,164,-34.6,0.6882,1
B2,g59-tape_press_lots_30s-k33,2026-08,126,25.0,0.6268,1
B2,g59-tape_press_lots_30s-k33,2026-09,95,74.2,0.0158,1
B2,g59-tape_press_lots_30s-k33,2026-10,1,-7.0,0.0,0
B2,g59-tape_press_lots_30s-k50,2026-02,115,-32.9,0.3204,1
B2,g59-tape_press_lots_30s-k50,2026-03,220,-17.3,0.3365,1
B2,g59-tape_press_lots_30s-k50,2026-04,164,19.2,0.3882,1
B2,g59-tape_press_lots_30s-k50,2026-05,124,2.6,0.7768,1
B2,g59-tape_press_lots_30s-k50,2026-06,180,-143.7,0.8333,1
B2,g59-tape_press_lots_30s-k50,2026-07,189,-22.2,0.452,1
B2,g59-tape_press_lots_30s-k50,2026-08,142,34.3,0.3537,1
B2,g59-tape_press_lots_30s-k50,2026-09,117,101.4,0.1007,1
B2,g59-tape_press_lots_30s-k50,2026-10,2,-5.6,0.0,0
B2,g59-tape_press_lots_30s-k67,2026-02,126,-63.5,0.3204,1
B2,g59-tape_press_lots_30s-k67,2026-03,229,-22.8,0.3387,1
B2,g59-tape_press_lots_30s-k67,2026-04,175,-31.0,0.8152,1
B2,g59-tape_press_lots_30s-k67,2026-05,139,-21.2,0.8387,1
B2,g59-tape_press_lots_30s-k67,2026-06,192,-153.5,0.8198,1
B2,g59-tape_press_lots_30s-k67,2026-07,201,-11.3,0.6019,1
B2,g59-tape_press_lots_30s-k67,2026-08,158,0.7,0.4225,1
B2,g59-tape_press_lots_30s-k67,2026-09,139,116.6,0.1007,1
B2,g59-tape_press_lots_30s-k67,2026-10,2,-5.6,0.0,0
B2,g59-tape_press_lots_30s-k80,2026-02,132,-57.6,0.3157,1
B2,g59-tape_press_lots_30s-k80,2026-03,232,-4.6,0.3387,1
B2,g59-tape_press_lots_30s-k80,2026-04,177,-13.6,0.6128,1
B2,g59-tape_press_lots_30s-k80,2026-05,146,-74.4,0.8387,1
B2,g59-tape_press_lots_30s-k80,2026-06,203,-127.2,0.8198,1
B2,g59-tape_press_lots_30s-k80,2026-07,207,23.8,0.3478,1
B2,g59-tape_press_lots_30s-k80,2026-08,162,10.0,0.3731,1
B2,g59-tape_press_lots_30s-k80,2026-09,146,72.7,0.1007,1
B2,g59-tape_press_lots_30s-k80,2026-10,3,-3.1,0.0,0
B2,g59-tape_press_lots_60s-k20,2026-02,74,-32.9,0.726,1
B2,g59-tape_press_lots_60s-k20,2026-03,171,75.2,0.2893,1
B2,g59-tape_press_lots_60s-k20,2026-04,126,33.5,0.3718,1
B2,g59-tape_press_lots_60s-k20,2026-05,84,-1.9,0.7058,1
B2,g59-tape_press_lots_60s-k20,2026-06,116,-40.0,0.6009,1
B2,g59-tape_press_lots_60s-k20,2026-07,139,-61.9,0.4587,1
B2,g59-tape_press_lots_60s-k20,2026-08,112,10.6,0.4306,1
B2,g59-tape_press_lots_60s-k20,2026-09,80,45.4,0.0589,1
B2,g59-tape_press_lots_60s-k20,2026-10,0,0.0,0.0,0
B2,g59-tape_press_lots_60s-k33,2026-02,101,22.7,0.3299,1
B2,g59-tape_press_lots_60s-k33,2026-03,193,7.8,0.2955,1
B2,g59-tape_press_lots_60s-k33,2026-04,150,57.0,0.283,1
B2,g59-tape_press_lots_60s-k33,2026-05,109,-15.8,0.8387,1
B2,g59-tape_press_lots_60s-k33,2026-06,151,-87.6,0.6518,1
B2,g59-tape_press_lots_60s-k33,2026-07,162,-53.6,0.6882,1
B2,g59-tape_press_lots_60s-k33,2026-08,127,9.2,0.6288,1
B2,g59-tape_press_lots_60s-k33,2026-09,93,84.0,0.0158,1
B2,g59-tape_press_lots_60s-k33,2026-10,2,-6.3,0.0,0
B2,g59-tape_press_lots_60s-k50,2026-02,113,14.9,0.1858,1
B2,g59-tape_press_lots_60s-k50,2026-03,215,8.3,0.1304,1
B2,g59-tape_press_lots_60s-k50,2026-04,171,51.7,0.3675,1
B2,g59-tape_press_lots_60s-k50,2026-05,129,18.9,0.5522,1
B2,g59-tape_press_lots_60s-k50,2026-06,178,-110.1,0.8198,1
B2,g59-tape_press_lots_60s-k50,2026-07,184,-34.9,0.7904,1
B2,g59-tape_press_lots_60s-k50,2026-08,146,5.3,0.4213,1
B2,g59-tape_press_lots_60s-k50,2026-09,117,89.4,0.0,1
B2,g59-tape_press_lots_60s-k50,2026-10,2,-6.3,0.0,0
B2,g59-tape_press_lots_60s-k67,2026-02,128,-51.5,0.3204,1
B2,g59-tape_press_lots_60s-k67,2026-03,227,-12.1,0.2877,1
B2,g59-tape_press_lots_60s-k67,2026-04,176,-19.5,0.8152,1
B2,g59-tape_press_lots_60s-k67,2026-05,141,-30.6,0.6447,1
B2,g59-tape_press_lots_60s-k67,2026-06,192,-115.0,0.8198,1
B2,g59-tape_press_lots_60s-k67,2026-07,199,-0.3,0.5895,1
B2,g59-tape_press_lots_60s-k67,2026-08,155,14.4,0.2477,1
B2,g59-tape_press_lots_60s-k67,2026-09,133,78.3,0.1007,1
B2,g59-tape_press_lots_60s-k67,2026-10,2,-5.6,0.0,0
B2,g59-tape_press_lots_60s-k80,2026-02,133,-62.9,0.3157,1
B2,g59-tape_press_lots_60s-k80,2026-03,234,7.9,0.3387,1
B2,g59-tape_press_lots_60s-k80,2026-04,179,-0.7,0.6029,1
B2,g59-tape_press_lots_60s-k80,2026-05,146,-43.6,0.8387,1
B2,g59-tape_press_lots_60s-k80,2026-06,199,-125.6,0.8198,1
B2,g59-tape_press_lots_60s-k80,2026-07,207,32.9,0.3478,1
B2,g59-tape_press_lots_60s-k80,2026-08,160,28.7,0.3922,1
B2,g59-tape_press_lots_60s-k80,2026-09,143,83.5,0.1007,1
B2,g59-tape_press_lots_60s-k80,2026-10,3,-3.1,0.0,0
B2,g61-5to20,2026-02,26,-4.4,0.2582,1
B2,g61-5to20,2026-03,71,-18.2,0.3016,1
B2,g61-5to20,2026-04,47,2.9,0.1512,1
B2,g61-5to20,2026-05,30,-16.5,0.3757,1
B2,g61-5to20,2026-06,78,43.1,0.2423,1
B2,g61-5to20,2026-07,67,-5.8,0.2079,1
B2,g61-5to20,2026-08,57,61.9,0.3111,1
B2,g61-5to20,2026-09,35,-11.2,0.5364,1
B2,g61-5to20,2026-10,2,-0.8,0.0,0
B2,g61-le60,2026-02,85,-63.7,0.333,1
B2,g61-le60,2026-03,159,-29.7,0.5028,1
B2,g61-le60,2026-04,96,-13.7,0.317,1
B2,g61-le60,2026-05,69,-56.1,0.6774,1
B2,g61-le60,2026-06,147,67.4,0.2189,1
B2,g61-le60,2026-07,146,28.9,0.2056,1
B2,g61-le60,2026-08,117,68.4,0.0527,1
B2,g61-le60,2026-09,92,32.1,0.3633,1
B2,g61-le60,2026-10,2,-0.8,0.0,0
B2,g63-k20,2026-02,77,15.0,0.3105,1
B2,g63-k20,2026-03,170,-4.5,0.292,1
B2,g63-k20,2026-04,127,75.9,0.2843,1
B2,g63-k20,2026-05,68,17.2,0.4581,1
B2,g63-k20,2026-06,119,10.4,0.176,1
B2,g63-k20,2026-07,148,-1.6,0.1847,1
B2,g63-k20,2026-08,120,77.5,0.1168,1
B2,g63-k20,2026-09,94,109.5,0.0065,1
B2,g63-k20,2026-10,1,-7.0,0.0,0
B2,g63-k33,2026-02,103,-24.2,0.4128,1
B2,g63-k33,2026-03,198,1.4,0.2987,1
B2,g63-k33,2026-04,154,49.8,0.279,1
B2,g63-k33,2026-05,102,42.2,0.4545,1
B2,g63-k33,2026-06,152,-36.7,0.283,1
B2,g63-k33,2026-07,173,29.4,0.4451,1
B2,g63-k33,2026-08,141,65.6,0.3297,1
B2,g63-k33,2026-09,120,109.7,0.0461,1
B2,g63-k33,2026-10,1,-7.0,0.0,0
B2,g63-k50,2026-02,113,-44.7,0.3299,1
B2,g63-k50,2026-03,222,23.4,0.3336,1
B2,g63-k50,2026-04,168,2.2,0.5117,1
B2,g63-k50,2026-05,124,-11.8,0.6243,1
B2,g63-k50,2026-06,178,-80.1,0.8333,1
B2,g63-k50,2026-07,190,13.5,0.131,1
B2,g63-k50,2026-08,152,62.1,0.3503,1
B2,g63-k50,2026-09,137,70.2,0.1241,1
B2,g63-k50,2026-10,3,-3.7,0.0,0
B2,g63-k67,2026-02,122,-32.2,0.3204,1
B2,g63-k67,2026-03,233,25.3,0.3504,1
B2,g63-k67,2026-04,179,-28.4,0.6123,1
B2,g63-k67,2026-05,139,-15.0,0.6774,1
B2,g63-k67,2026-06,197,-64.4,0.8198,1
B2,g63-k67,2026-07,206,-6.3,0.2986,1
B2,g63-k67,2026-08,158,10.2,0.5745,1
B2,g63-k67,2026-09,142,36.0,0.1193,1
B2,g63-k67,2026-10,3,-3.7,0.0,0
B2,g63-k80,2026-02,127,-43.0,0.4473,1
B2,g63-k80,2026-03,236,32.3,0.5117,1
B2,g63-k80,2026-04,180,-12.4,0.6141,1
B2,g63-k80,2026-05,147,-30.1,0.8387,1
B2,g63-k80,2026-06,208,-60.4,0.8198,1
B2,g63-k80,2026-07,212,33.5,0.1194,1
B2,g63-k80,2026-08,161,36.2,0.5554,1
B2,g63-k80,2026-09,146,50.9,0.0878,1
B2,g63-k80,2026-10,3,-3.1,0.0,0
B2,g64-drift-k20,2026-02,87,-68.1,0.3314,1
B2,g64-drift-k20,2026-03,176,-38.3,0.5005,1
B2,g64-drift-k20,2026-04,118,-3.5,0.1124,1
B2,g64-drift-k20,2026-05,85,-47.5,0.8387,1
B2,g64-drift-k20,2026-06,155,43.7,0.2308,1
B2,g64-drift-k20,2026-07,154,28.4,0.1586,1
B2,g64-drift-k20,2026-08,130,78.4,0.0527,1
B2,g64-drift-k20,2026-09,111,11.1,0.3633,1
B2,g64-drift-k20,2026-10,2,-1.7,0.0,0
B2,g64-drift-k33,2026-02,95,-70.1,0.5483,1
B2,g64-drift-k33,2026-03,195,-52.6,0.3246,1
B2,g64-drift-k33,2026-04,132,38.3,0.1569,1
B2,g64-drift-k33,2026-05,108,-53.1,0.6231,1
B2,g64-drift-k33,2026-06,165,25.8,0.2855,1
B2,g64-drift-k33,2026-07,163,-1.0,0.1492,1
B2,g64-drift-k33,2026-08,137,44.6,0.1861,1
B2,g64-drift-k33,2026-09,118,14.3,0.3633,1
B2,g64-drift-k33,2026-10,2,-5.3,0.0,0
B2,g64-drift-k50,2026-02,109,-69.8,0.3215,1
B2,g64-drift-k50,2026-03,205,-65.1,0.3226,1
B2,g64-drift-k50,2026-04,154,30.6,0.1451,1
B2,g64-drift-k50,2026-05,123,-37.7,0.6593,1
B2,g64-drift-k50,2026-06,180,25.2,0.2473,1
B2,g64-drift-k50,2026-07,175,43.8,0.1275,1
B2,g64-drift-k50,2026-08,146,24.0,0.1996,1
B2,g64-drift-k50,2026-09,132,11.4,0.3633,1
B2,g64-drift-k50,2026-10,2,-5.8,0.0,0
B2,g64-drift-k67,2026-02,113,-87.1,0.5483,1
B2,g64-drift-k67,2026-03,217,-65.1,0.4982,1
B2,g64-drift-k67,2026-04,170,54.9,0.1024,1
B2,g64-drift-k67,2026-05,134,-32.3,0.6671,1
B2,g64-drift-k67,2026-06,194,-6.7,0.2644,1
B2,g64-drift-k67,2026-07,188,17.0,0.3478,1
B2,g64-drift-k67,2026-08,152,38.7,0.2041,1
B2,g64-drift-k67,2026-09,136,40.2,0.1838,1
B2,g64-drift-k67,2026-10,3,-3.1,0.0,0
B2,g64-drift-k80,2026-02,121,-71.3,0.3235,1
B2,g64-drift-k80,2026-03,230,-81.2,0.6712,1
B2,g64-drift-k80,2026-04,179,39.3,0.0818,1
B2,g64-drift-k80,2026-05,144,-14.8,0.6593,1
B2,g64-drift-k80,2026-06,208,24.9,0.3096,1
B2,g64-drift-k80,2026-07,195,23.3,0.3478,1
B2,g64-drift-k80,2026-08,153,39.6,0.1422,1
B2,g64-drift-k80,2026-09,144,38.2,0.1838,1
B2,g64-drift-k80,2026-10,3,-3.1,0.0,0
B2,g67-best_flips_15s-k20,2026-02,73,-2.8,0.3688,1
B2,g67-best_flips_15s-k20,2026-03,187,5.9,0.1239,1
B2,g67-best_flips_15s-k20,2026-04,159,34.1,0.5117,1
B2,g67-best_flips_15s-k20,2026-05,103,26.4,0.5375,1
B2,g67-best_flips_15s-k20,2026-06,144,-71.5,0.8333,1
B2,g67-best_flips_15s-k20,2026-07,181,-17.2,0.2023,1
B2,g67-best_flips_15s-k20,2026-08,139,3.8,0.4216,1
B2,g67-best_flips_15s-k20,2026-09,102,46.5,0.4065,1
B2,g67-best_flips_15s-k20,2026-10,2,-5.6,0.0,0
B2,g67-best_flips_15s-k33,2026-02,90,-23.4,0.4101,1
B2,g67-best_flips_15s-k33,2026-03,205,26.1,0.1084,1
B2,g67-best_flips_15s-k33,2026-04,159,34.1,0.5117,1
B2,g67-best_flips_15s-k33,2026-05,103,26.4,0.5375,1
B2,g67-best_flips_15s-k33,2026-06,144,-71.5,0.8333,1
B2,g67-best_flips_15s-k33,2026-07,181,-17.2,0.2023,1
B2,g67-best_flips_15s-k33,2026-08,139,3.8,0.4216,1
B2,g67-best_flips_15s-k33,2026-09,127,61.9,0.1967,1
B2,g67-best_flips_15s-k33,2026-10,3,-3.1,0.0,0
B2,g67-best_flips_15s-k50,2026-02,101,-1.6,0.3022,1
B2,g67-best_flips_15s-k50,2026-03,217,10.6,0.1059,1
B2,g67-best_flips_15s-k50,2026-04,168,15.0,0.3622,1
B2,g67-best_flips_15s-k50,2026-05,127,-34.9,0.8387,1
B2,g67-best_flips_15s-k50,2026-06,161,-108.3,0.8333,1
B2,g67-best_flips_15s-k50,2026-07,191,18.8,0.1194,1
B2,g67-best_flips_15s-k50,2026-08,147,47.1,0.4837,1
B2,g67-best_flips_15s-k50,2026-09,132,89.1,0.1241,1
B2,g67-best_flips_15s-k50,2026-10,3,-3.1,0.0,0
B2,g67-best_flips_15s-k67,2026-02,109,-17.4,0.2789,1
B2,g67-best_flips_15s-k67,2026-03,230,30.9,0.1291,1
B2,g67-best_flips_15s-k67,2026-04,172,-6.9,0.3851,1
B2,g67-best_flips_15s-k67,2026-05,138,-55.5,0.8387,1
B2,g67-best_flips_15s-k67,2026-06,188,-91.0,0.8084,1
B2,g67-best_flips_15s-k67,2026-07,194,27.4,0.1194,1
B2,g67-best_flips_15s-k67,2026-08,150,45.2,0.2477,1
B2,g67-best_flips_15s-k67,2026-09,140,93.8,0.1007,1
B2,g67-best_flips_15s-k67,2026-10,3,-3.1,0.0,0
B2,g67-best_flips_15s-k80,2026-02,123,-29.5,0.458,1
B2,g67-best_flips_15s-k80,2026-03,234,32.8,0.5001,1
B2,g67-best_flips_15s-k80,2026-04,174,-4.0,0.4541,1
B2,g67-best_flips_15s-k80,2026-05,145,-58.0,0.8387,1
B2,g67-best_flips_15s-k80,2026-06,196,-69.0,0.8198,1
B2,g67-best_flips_15s-k80,2026-07,199,19.2,0.1276,1
B2,g67-best_flips_15s-k80,2026-08,156,22.7,0.3537,1
B2,g67-best_flips_15s-k80,2026-09,143,67.0,0.1007,1
B2,g67-best_flips_15s-k80,2026-10,3,-3.1,0.0,0
B2,g67-best_flips_60s-k20,2026-02,39,-63.5,0.726,1
B2,g67-best_flips_60s-k20,2026-03,174,37.3,0.0966,1
B2,g67-best_flips_60s-k20,2026-04,147,31.9,0.5296,1
B2,g67-best_flips_60s-k20,2026-05,79,13.7,0.6888,1
B2,g67-best_flips_60s-k20,2026-06,104,-71.5,0.6428,1
B2,g67-best_flips_60s-k20,2026-07,162,-60.4,0.6774,1
B2,g67-best_flips_60s-k20,2026-08,125,-25.8,0.3642,1
B2,g67-best_flips_60s-k20,2026-09,88,25.2,0.4457,1
B2,g67-best_flips_60s-k20,2026-10,2,-5.6,0.0,0
B2,g67-best_flips_60s-k33,2026-02,63,-70.8,0.726,1
B2,g67-best_flips_60s-k33,2026-03,190,45.5,0.0875,1
B2,g67-best_flips_60s-k33,2026-04,156,28.7,0.5131,1
B2,g67-best_flips_60s-k33,2026-05,106,-45.2,0.8387,1
B2,g67-best_flips_60s-k33,2026-06,139,-87.7,0.6643,1
B2,g67-best_flips_60s-k33,2026-07,175,-40.3,0.5184,1
B2,g67-best_flips_60s-k33,2026-08,132,-12.6,0.3325,1
B2,g67-best_flips_60s-k33,2026-09,114,20.3,0.4071,1
B2,g67-best_flips_60s-k33,2026-10,2,-5.6,0.0,0
B2,g67-best_flips_60s-k50,2026-02,86,-17.5,0.3275,1
B2,g67-best_flips_60s-k50,2026-03,210,19.0,0.217,1
B2,g67-best_flips_60s-k50,2026-04,165,-12.5,0.3662,1
B2,g67-best_flips_60s-k50,2026-05,119,-65.1,0.8387,1
B2,g67-best_flips_60s-k50,2026-06,155,-108.0,0.6123,1
B2,g67-best_flips_60s-k50,2026-07,182,-39.7,0.2112,1
B2,g67-best_flips_60s-k50,2026-08,144,32.6,0.2642,1
B2,g67-best_flips_60s-k50,2026-09,124,25.6,0.1672,1
B2,g67-best_flips_60s-k50,2026-10,3,-3.1,0.0,0
B2,g67-best_flips_60s-k67,2026-02,113,20.4,0.1811,1
B2,g67-best_flips_60s-k67,2026-03,222,26.0,0.1285,1
B2,g67-best_flips_60s-k67,2026-04,175,-9.6,0.3851,1
B2,g67-best_flips_60s-k67,2026-05,129,-14.9,0.8387,1
B2,g67-best_flips_60s-k67,2026-06,168,-126.6,0.8333,1
B2,g67-best_flips_60s-k67,2026-07,189,15.9,0.1194,1
B2,g67-best_flips_60s-k67,2026-08,150,33.8,0.3268,1
B2,g67-best_flips_60s-k67,2026-09,130,43.3,0.1305,1
B2,g67-best_flips_60s-k67,2026-10,3,-3.1,0.0,0
B2,g67-best_flips_60s-k80,2026-02,123,-6.0,0.1811,1
B2,g67-best_flips_60s-k80,2026-03,228,35.8,0.2922,1
B2,g67-best_flips_60s-k80,2026-04,178,2.8,0.1958,1
B2,g67-best_flips_60s-k80,2026-05,138,-34.2,0.8387,1
B2,g67-best_flips_60s-k80,2026-06,187,-77.7,0.5206,1
B2,g67-best_flips_60s-k80,2026-07,200,47.3,0.1194,1
B2,g67-best_flips_60s-k80,2026-08,155,51.2,0.3226,1
B2,g67-best_flips_60s-k80,2026-09,136,76.5,0.14,1
B2,g67-best_flips_60s-k80,2026-10,3,-3.1,0.0,0
B2,g68-obi10_bp-k20,2026-02,55,-65.9,0.3929,1
B2,g68-obi10_bp-k20,2026-03,107,-93.4,0.6836,1
B2,g68-obi10_bp-k20,2026-04,125,13.4,0.6057,1
B2,g68-obi10_bp-k20,2026-05,60,39.4,0.1398,1
B2,g68-obi10_bp-k20,2026-06,127,-3.6,0.3035,1
B2,g68-obi10_bp-k20,2026-07,138,135.3,0.1151,1
B2,g68-obi10_bp-k20,2026-08,110,65.2,0.2781,1
B2,g68-obi10_bp-k20,2026-09,103,99.1,0.1007,1
B2,g68-obi10_bp-k20,2026-10,1,0.7,0.0,0
B2,g68-obi10_bp-k33,2026-02,68,-74.9,0.7368,1
B2,g68-obi10_bp-k33,2026-03,142,-125.0,0.6836,1
B2,g68-obi10_bp-k33,2026-04,149,76.1,0.3459,1
B2,g68-obi10_bp-k33,2026-05,84,51.1,0.3838,1
B2,g68-obi10_bp-k33,2026-06,161,26.9,0.3862,1
B2,g68-obi10_bp-k33,2026-07,168,34.7,0.1275,1
B2,g68-obi10_bp-k33,2026-08,129,59.9,0.5238,1
B2,g68-obi10_bp-k33,2026-09,124,88.5,0.1007,1
B2,g68-obi10_bp-k33,2026-10,2,-3.6,0.0,0
B2,g68-obi10_bp-k50,2026-02,89,-53.1,0.521,1
B2,g68-obi10_bp-k50,2026-03,181,-83.1,0.2854,1
B2,g68-obi10_bp-k50,2026-04,168,23.5,0.4181,1
B2,g68-obi10_bp-k50,2026-05,122,-25.4,0.6243,1
B2,g68-obi10_bp-k50,2026-06,184,3.0,0.2967,1
B2,g68-obi10_bp-k50,2026-07,192,38.0,0.2792,1
B2,g68-obi10_bp-k50,2026-08,153,56.3,0.448,1
B2,g68-obi10_bp-k50,2026-09,139,119.4,0.1007,1
B2,g68-obi10_bp-k50,2026-10,2,-4.1,0.0,0
B2,g68-obi10_bp-k67,2026-02,114,-55.9,0.4645,1
B2,g68-obi10_bp-k67,2026-03,220,-27.9,0.3344,1
B2,g68-obi10_bp-k67,2026-04,177,16.7,0.4375,1
B2,g68-obi10_bp-k67,2026-05,144,-0.3,0.4623,1
B2,g68-obi10_bp-k67,2026-06,212,8.9,0.2056,1
B2,g68-obi10_bp-k67,2026-07,200,102.3,0.1194,1
B2,g68-obi10_bp-k67,2026-08,161,79.9,0.2737,1
B2,g68-obi10_bp-k67,2026-09,147,100.6,0.0878,1
B2,g68-obi10_bp-k67,2026-10,3,-3.1,0.0,0
B2,g68-obi10_bp-k80,2026-02,122,-72.9,0.4645,1
B2,g68-obi10_bp-k80,2026-03,231,-19.3,0.3387,1
B2,g68-obi10_bp-k80,2026-04,179,3.3,0.4541,1
B2,g68-obi10_bp-k80,2026-05,150,-20.9,0.6774,1
B2,g68-obi10_bp-k80,2026-06,215,-11.5,0.2554,1
B2,g68-obi10_bp-k80,2026-07,207,67.5,0.1194,1
B2,g68-obi10_bp-k80,2026-08,162,77.7,0.2659,1
B2,g68-obi10_bp-k80,2026-09,148,86.1,0.0878,1
B2,g68-obi10_bp-k80,2026-10,3,-3.1,0.0,0
B2,g68-obi1_bp-k20,2026-02,43,-57.3,0.7269,1
B2,g68-obi1_bp-k20,2026-03,140,-144.2,0.7666,1
B2,g68-obi1_bp-k20,2026-04,114,24.5,0.2653,1
B2,g68-obi1_bp-k20,2026-05,71,3.7,0.5299,1
B2,g68-obi1_bp-k20,2026-06,135,-46.6,0.3505,1
B2,g68-obi1_bp-k20,2026-07,149,-34.7,0.4413,1
B2,g68-obi1_bp-k20,2026-08,125,-49.6,0.4052,1
B2,g68-obi1_bp-k20,2026-09,97,41.4,0.1573,1
B2,g68-obi1_bp-k20,2026-10,2,-5.9,0.0,0
B2,g68-obi1_bp-k33,2026-02,64,-116.9,0.7269,1
B2,g68-obi1_bp-k33,2026-03,179,-174.4,0.4952,1
B2,g68-obi1_bp-k33,2026-04,135,19.4,0.3665,1
B2,g68-obi1_bp-k33,2026-05,98,-47.2,0.5299,1
B2,g68-obi1_bp-k33,2026-06,158,-35.9,0.5862,1
B2,g68-obi1_bp-k33,2026-07,174,-20.9,0.3475,1
B2,g68-obi1_bp-k33,2026-08,133,-12.7,0.3567,1
B2,g68-obi1_bp-k33,2026-09,120,64.6,0.1007,1
B2,g68-obi1_bp-k33,2026-10,2,-6.3,0.0,0
B2,g68-obi1_bp-k50,2026-02,82,-140.8,0.7269,1
B2,g68-obi1_bp-k50,2026-03,207,-28.5,0.2764,1
B2,g68-obi1_bp-k50,2026-04,155,19.5,0.602,1
B2,g68-obi1_bp-k50,2026-05,117,-35.4,0.5299,1
B2,g68-obi1_bp-k50,2026-06,183,-40.0,0.5862,1
B2,g68-obi1_bp-k50,2026-07,191,20.6,0.19,1
B2,g68-obi1_bp-k50,2026-08,149,1.1,0.3416,1
B2,g68-obi1_bp-k50,2026-09,129,72.7,0.1139,1
B2,g68-obi1_bp-k50,2026-10,3,-3.1,0.0,0
B2,g68-obi1_bp-k67,2026-02,104,-105.6,0.7269,1
B2,g68-obi1_bp-k67,2026-03,224,19.9,0.2763,1
B2,g68-obi1_bp-k67,2026-04,171,-10.3,0.8152,1
B2,g68-obi1_bp-k67,2026-05,133,-18.0,0.5391,1
B2,g68-obi1_bp-k67,2026-06,199,1.4,0.2569,1
B2,g68-obi1_bp-k67,2026-07,203,46.6,0.1926,1
B2,g68-obi1_bp-k67,2026-08,154,-7.5,0.5934,1
B2,g68-obi1_bp-k67,2026-09,136,85.0,0.1007,1
B2,g68-obi1_bp-k67,2026-10,3,-3.1,0.0,0
B2,g68-obi1_bp-k80,2026-02,121,-74.3,0.4654,1
B2,g68-obi1_bp-k80,2026-03,232,18.5,0.2772,1
B2,g68-obi1_bp-k80,2026-04,178,12.3,0.4541,1
B2,g68-obi1_bp-k80,2026-05,143,7.2,0.6728,1
B2,g68-obi1_bp-k80,2026-06,204,-12.6,0.4859,1
B2,g68-obi1_bp-k80,2026-07,207,61.2,0.1194,1
B2,g68-obi1_bp-k80,2026-08,162,47.6,0.3115,1
B2,g68-obi1_bp-k80,2026-09,141,91.9,0.1007,1
B2,g68-obi1_bp-k80,2026-10,3,-3.1,0.0,0
B2,g68-obi50_bp-k20,2026-02,53,-41.5,0.7269,1
B2,g68-obi50_bp-k20,2026-03,100,-59.5,0.696,1
B2,g68-obi50_bp-k20,2026-04,88,39.0,0.4045,1
B2,g68-obi50_bp-k20,2026-05,35,36.6,0.2129,1
B2,g68-obi50_bp-k20,2026-06,75,-12.7,0.6234,1
B2,g68-obi50_bp-k20,2026-07,90,41.0,0.2,1
B2,g68-obi50_bp-k20,2026-08,88,20.2,0.5285,1
B2,g68-obi50_bp-k20,2026-09,84,70.8,0.0,1
B2,g68-obi50_bp-k20,2026-10,2,-1.8,0.0,0
B2,g68-obi50_bp-k33,2026-02,72,-80.5,0.726,1
B2,g68-obi50_bp-k33,2026-03,145,-89.8,0.6943,1
B2,g68-obi50_bp-k33,2026-04,121,6.3,0.5914,1
B2,g68-obi50_bp-k33,2026-05,63,27.4,0.4558,1
B2,g68-obi50_bp-k33,2026-06,109,-55.8,0.7814,1
B2,g68-obi50_bp-k33,2026-07,117,32.3,0.1216,1
B2,g68-obi50_bp-k33,2026-08,115,33.4,0.0,1
B2,g68-obi50_bp-k33,2026-09,104,67.8,0.3958,1
B2,g68-obi50_bp-k33,2026-10,3,-0.9,0.0,0
B2,g68-obi50_bp-k50,2026-02,97,-52.7,0.3455,1
B2,g68-obi50_bp-k50,2026-03,194,-85.5,0.311,1
B2,g68-obi50_bp-k50,2026-04,151,5.8,0.5995,1
B2,g68-obi50_bp-k50,2026-05,105,19.2,0.5874,1
B2,g68-obi50_bp-k50,2026-06,153,-22.0,0.5857,1
B2,g68-obi50_bp-k50,2026-07,154,-14.8,0.3497,1
B2,g68-obi50_bp-k50,2026-08,130,26.4,0.0923,1
B2,g68-obi50_bp-k50,2026-09,125,52.7,0.3958,1
B2,g68-obi50_bp-k50,2026-10,3,1.0,0.0,0
B2,g68-obi50_bp-k67,2026-02,109,-62.6,0.4645,1
B2,g68-obi50_bp-k67,2026-03,212,-69.6,0.5077,1
B2,g68-obi50_bp-k67,2026-04,164,-10.1,0.5964,1
B2,g68-obi50_bp-k67,2026-05,130,-11.2,0.6774,1
B2,g68-obi50_bp-k67,2026-06,175,-56.1,0.6523,1
B2,g68-obi50_bp-k67,2026-07,187,-57.6,0.5937,1
B2,g68-obi50_bp-k67,2026-08,140,42.0,0.3584,1
B2,g68-obi50_bp-k67,2026-09,137,82.1,0.1067,1
B2,g68-obi50_bp-k67,2026-10,3,-3.1,0.0,0
B2,g68-obi50_bp-k80,2026-02,114,-34.3,0.4645,1
B2,g68-obi50_bp-k80,2026-03,230,10.8,0.1774,1
B2,g68-obi50_bp-k80,2026-04,173,-14.2,0.6125,1
B2,g68-obi50_bp-k80,2026-05,143,-4.6,0.6774,1
B2,g68-obi50_bp-k80,2026-06,203,-47.7,0.3935,1
B2,g68-obi50_bp-k80,2026-07,202,15.6,0.3475,1
B2,g68-obi50_bp-k80,2026-08,149,14.8,0.4289,1
B2,g68-obi50_bp-k80,2026-09,142,76.5,0.1007,1
B2,g68-obi50_bp-k80,2026-10,3,-3.1,0.0,0
B2,g68-obi5_bp-k20,2026-02,63,-6.5,0.3645,1
B2,g68-obi5_bp-k20,2026-03,139,-87.7,0.479,1
B2,g68-obi5_bp-k20,2026-04,115,65.1,0.2955,1
B2,g68-obi5_bp-k20,2026-05,61,31.6,0.4155,1
B2,g68-obi5_bp-k20,2026-06,130,-86.9,0.7942,1
B2,g68-obi5_bp-k20,2026-07,155,79.0,0.1626,1
B2,g68-obi5_bp-k20,2026-08,125,51.4,0.28,1
B2,g68-obi5_bp-k20,2026-09,111,56.0,0.1906,1
B2,g68-obi5_bp-k20,2026-10,2,-1.8,0.0,0
B2,g68-obi5_bp-k33,2026-02,76,-69.7,0.7269,1
B2,g68-obi5_bp-k33,2026-03,171,-46.4,0.4883,1
B2,g68-obi5_bp-k33,2026-04,146,84.1,0.2975,1
B2,g68-obi5_bp-k33,2026-05,96,23.6,0.3839,1
B2,g68-obi5_bp-k33,2026-06,162,-62.6,0.7942,1
B2,g68-obi5_bp-k33,2026-07,180,95.5,0.1194,1
B2,g68-obi5_bp-k33,2026-08,141,36.7,0.5745,1
B2,g68-obi5_bp-k33,2026-09,133,83.9,0.1007,1
B2,g68-obi5_bp-k33,2026-10,2,-2.3,0.0,0
B2,g68-obi5_bp-k50,2026-02,94,-49.8,0.4654,1
B2,g68-obi5_bp-k50,2026-03,213,33.9,0.2859,1
B2,g68-obi5_bp-k50,2026-04,165,53.7,0.2106,1
B2,g68-obi5_bp-k50,2026-05,123,-21.3,0.516,1
B2,g68-obi5_bp-k50,2026-06,191,-63.2,0.6667,1
B2,g68-obi5_bp-k50,2026-07,199,84.5,0.1194,1
B2,g68-obi5_bp-k50,2026-08,156,67.7,0.448,1
B2,g68-obi5_bp-k50,2026-09,140,104.3,0.0878,1
B2,g68-obi5_bp-k50,2026-10,3,-2.7,0.0,0
B2,g68-obi5_bp-k67,2026-02,115,-72.8,0.4645,1
B2,g68-obi5_bp-k67,2026-03,228,32.0,0.3102,1
B2,g68-obi5_bp-k67,2026-04,173,-1.6,0.6043,1
B2,g68-obi5_bp-k67,2026-05,142,-34.2,0.8387,1
B2,g68-obi5_bp-k67,2026-06,203,-23.0,0.4853,1
B2,g68-obi5_bp-k67,2026-07,209,63.0,0.1194,1
B2,g68-obi5_bp-k67,2026-08,156,88.2,0.2003,1
B2,g68-obi5_bp-k67,2026-09,145,78.3,0.0878,1
B2,g68-obi5_bp-k67,2026-10,3,-2.7,0.0,0
B2,g68-obi5_bp-k80,2026-02,122,-73.7,0.3157,1
B2,g68-obi5_bp-k80,2026-03,235,2.7,0.3369,1
B2,g68-obi5_bp-k80,2026-04,180,3.8,0.6031,1
B2,g68-obi5_bp-k80,2026-05,145,-52.9,0.8387,1
B2,g68-obi5_bp-k80,2026-06,213,-53.1,0.4718,1
B2,g68-obi5_bp-k80,2026-07,209,68.1,0.1194,1
B2,g68-obi5_bp-k80,2026-08,161,83.6,0.2714,1
B2,g68-obi5_bp-k80,2026-09,147,71.9,0.0878,1
B2,g68-obi5_bp-k80,2026-10,3,-3.1,0.0,0
B2,g69-ofi_10s_lots-k20,2026-02,82,-23.6,0.4242,1
B2,g69-ofi_10s_lots-k20,2026-03,163,-58.6,0.525,1
B2,g69-ofi_10s_lots-k20,2026-04,118,35.4,0.5805,1
B2,g69-ofi_10s_lots-k20,2026-05,64,-32.5,0.6243,1
B2,g69-ofi_10s_lots-k20,2026-06,112,-67.8,0.7814,1
B2,g69-ofi_10s_lots-k20,2026-07,144,-48.5,0.8387,1
B2,g69-ofi_10s_lots-k20,2026-08,120,44.8,0.4849,1
B2,g69-ofi_10s_lots-k20,2026-09,92,63.5,0.3633,1
B2,g69-ofi_10s_lots-k20,2026-10,2,-4.5,0.0,0
B2,g69-ofi_10s_lots-k33,2026-02,105,-53.7,0.4645,1
B2,g69-ofi_10s_lots-k33,2026-03,198,32.6,0.2872,1
B2,g69-ofi_10s_lots-k33,2026-04,143,27.3,0.5957,1
B2,g69-ofi_10s_lots-k33,2026-05,81,-26.2,0.5874,1
B2,g69-ofi_10s_lots-k33,2026-06,139,-52.6,0.5831,1
B2,g69-ofi_10s_lots-k33,2026-07,173,-26.0,0.2388,1
B2,g69-ofi_10s_lots-k33,2026-08,138,58.8,0.4504,1
B2,g69-ofi_10s_lots-k33,2026-09,113,90.7,0.0582,1
B2,g69-ofi_10s_lots-k33,2026-10,2,-6.3,0.0,0
B2,g69-ofi_10s_lots-k50,2026-02,122,-21.2,0.3338,1
B2,g69-ofi_10s_lots-k50,2026-03,223,23.4,0.3361,1
B2,g69-ofi_10s_lots-k50,2026-04,160,-27.6,0.7554,1
B2,g69-ofi_10s_lots-k50,2026-05,113,-9.6,0.6774,1
B2,g69-ofi_10s_lots-k50,2026-06,168,-64.1,0.4511,1
B2,g69-ofi_10s_lots-k50,2026-07,198,-48.9,0.3908,1
B2,g69-ofi_10s_lots-k50,2026-08,149,47.9,0.4289,1
B2,g69-ofi_10s_lots-k50,2026-09,138,51.1,0.1204,1
B2,g69-ofi_10s_lots-k50,2026-10,3,-3.1,0.0,0
B2,g69-ofi_10s_lots-k67,2026-02,130,-44.3,0.3204,1
B2,g69-ofi_10s_lots-k67,2026-03,230,29.0,0.1775,1
B2,g69-ofi_10s_lots-k67,2026-04,172,14.4,0.5431,1
B2,g69-ofi_10s_lots-k67,2026-05,130,-10.8,0.8387,1
B2,g69-ofi_10s_lots-k67,2026-06,187,-48.3,0.4434,1
B2,g69-ofi_10s_lots-k67,2026-07,206,6.6,0.2056,1
B2,g69-ofi_10s_lots-k67,2026-08,156,23.5,0.4044,1
B2,g69-ofi_10s_lots-k67,2026-09,146,59.9,0.1204,1
B2,g69-ofi_10s_lots-k67,2026-10,3,-3.1,0.0,0
B2,g69-ofi_10s_lots-k80,2026-02,132,-58.3,0.3204,1
B2,g69-ofi_10s_lots-k80,2026-03,234,37.1,0.3176,1
B2,g69-ofi_10s_lots-k80,2026-04,178,15.5,0.5251,1
B2,g69-ofi_10s_lots-k80,2026-05,143,-46.4,0.8387,1
B2,g69-ofi_10s_lots-k80,2026-06,200,-20.6,0.322,1
B2,g69-ofi_10s_lots-k80,2026-07,206,23.3,0.3478,1
B2,g69-ofi_10s_lots-k80,2026-08,163,41.3,0.2785,1
B2,g69-ofi_10s_lots-k80,2026-09,147,56.5,0.1204,1
B2,g69-ofi_10s_lots-k80,2026-10,3,-3.1,0.0,0
B2,g69-ofi_60s_lots-k20,2026-02,79,-16.1,0.4884,1
B2,g69-ofi_60s_lots-k20,2026-03,165,-43.5,0.2872,1
B2,g69-ofi_60s_lots-k20,2026-04,121,10.8,0.3972,1
B2,g69-ofi_60s_lots-k20,2026-05,67,0.4,0.3757,1
B2,g69-ofi_60s_lots-k20,2026-06,124,-72.7,0.7814,1
B2,g69-ofi_60s_lots-k20,2026-07,143,11.1,0.6144,1
B2,g69-ofi_60s_lots-k20,2026-08,119,30.5,0.4631,1
B2,g69-ofi_60s_lots-k20,2026-09,90,31.2,0.2648,1
B2,g69-ofi_60s_lots-k20,2026-10,2,-4.5,0.0,0
B2,g69-ofi_60s_lots-k33,2026-02,104,-7.7,0.4684,1
B2,g69-ofi_60s_lots-k33,2026-03,197,6.9,0.2854,1
B2,g69-ofi_60s_lots-k33,2026-04,153,25.6,0.3468,1
B2,g69-ofi_60s_lots-k33,2026-05,91,29.9,0.4765,1
B2,g69-ofi_60s_lots-k33,2026-06,146,-47.2,0.7814,1
B2,g69-ofi_60s_lots-k33,2026-07,165,-55.5,0.7719,1
B2,g69-ofi_60s_lots-k33,2026-08,135,44.8,0.465,1
B2,g69-ofi_60s_lots-k33,2026-09,111,105.4,0.1234,1
B2,g69-ofi_60s_lots-k33,2026-10,2,-4.5,0.0,0
B2,g69-ofi_60s_lots-k50,2026-02,119,-17.1,0.3157,1
B2,g69-ofi_60s_lots-k50,2026-03,224,-10.3,0.4977,1
B2,g69-ofi_60s_lots-k50,2026-04,167,-35.2,0.8153,1
B2,g69-ofi_60s_lots-k50,2026-05,118,-3.9,0.5874,1
B2,g69-ofi_60s_lots-k50,2026-06,175,3.9,0.2889,1
B2,g69-ofi_60s_lots-k50,2026-07,190,-104.3,0.8387,1
B2,g69-ofi_60s_lots-k50,2026-08,151,32.4,0.3995,1
B2,g69-ofi_60s_lots-k50,2026-09,129,123.8,0.0,1
B2,g69-ofi_60s_lots-k50,2026-10,3,-3.1,0.0,0
B2,g69-ofi_60s_lots-k67,2026-02,127,-37.5,0.3157,1
B2,g69-ofi_60s_lots-k67,2026-03,234,0.4,0.3364,1
B2,g69-ofi_60s_lots-k67,2026-04,176,-2.7,0.5959,1
B2,g69-ofi_60s_lots-k67,2026-05,131,-20.5,0.8387,1
B2,g69-ofi_60s_lots-k67,2026-06,193,-20.0,0.5205,1
B2,g69-ofi_60s_lots-k67,2026-07,201,5.1,0.3475,1
B2,g69-ofi_60s_lots-k67,2026-08,157,50.2,0.4044,1
B2,g69-ofi_60s_lots-k67,2026-09,140,70.1,0.1241,1
B2,g69-ofi_60s_lots-k67,2026-10,3,-3.1,0.0,0
B2,g69-ofi_60s_lots-k80,2026-02,134,-42.0,0.3157,1
B2,g69-ofi_60s_lots-k80,2026-03,239,-0.9,0.5001,1
B2,g69-ofi_60s_lots-k80,2026-04,182,-10.9,0.6029,1
B2,g69-ofi_60s_lots-k80,2026-05,145,-27.7,0.8387,1
B2,g69-ofi_60s_lots-k80,2026-06,200,-31.0,0.2889,1
B2,g69-ofi_60s_lots-k80,2026-07,209,49.9,0.3478,1
B2,g69-ofi_60s_lots-k80,2026-08,159,44.8,0.3811,1
B2,g69-ofi_60s_lots-k80,2026-09,145,73.7,0.1241,1
B2,g69-ofi_60s_lots-k80,2026-10,3,-3.1,0.0,0
B2,g70-k20,2026-02,26,-19.8,0.5887,1
B2,g70-k20,2026-03,70,-30.5,0.6828,1
B2,g70-k20,2026-04,68,46.5,0.1331,1
B2,g70-k20,2026-05,56,40.2,0.059,1
B2,g70-k20,2026-06,93,-31.6,0.2701,1
B2,g70-k20,2026-07,103,54.8,0.3244,1
B2,g70-k20,2026-08,74,77.8,0.0529,1
B2,g70-k20,2026-09,42,36.9,0.4189,1
B2,g70-k20,2026-10,0,0.0,0.0,0
B2,g70-k33,2026-02,55,-48.3,0.5154,1
B2,g70-k33,2026-03,103,-108.3,0.7566,1
B2,g70-k33,2026-04,99,67.5,0.0332,1
B2,g70-k33,2026-05,79,20.7,0.5478,1
B2,g70-k33,2026-06,119,-121.8,0.8095,1
B2,g70-k33,2026-07,125,34.1,0.1219,1
B2,g70-k33,2026-08,107,76.4,0.0529,1
B2,g70-k33,2026-09,64,26.4,0.3958,1
B2,g70-k33,2026-10,1,1.4,0.0,0
B2,g70-k50,2026-02,87,-16.4,0.5116,1
B2,g70-k50,2026-03,149,-2.6,0.3032,1
B2,g70-k50,2026-04,128,81.1,0.0003,1
B2,g70-k50,2026-05,99,19.2,0.6374,1
B2,g70-k50,2026-06,149,-27.0,0.4612,1
B2,g70-k50,2026-07,150,42.0,0.326,1
B2,g70-k50,2026-08,128,70.1,0.2087,1
B2,g70-k50,2026-09,89,20.3,0.1144,1
B2,g70-k50,2026-10,2,3.9,0.0,0
B2,g70-k67,2026-02,105,-22.8,0.316,1
B2,g70-k67,2026-03,191,-45.8,0.343,1
B2,g70-k67,2026-04,155,19.5,0.1974,1
B2,g70-k67,2026-05,118,6.5,0.8341,1
B2,g70-k67,2026-06,178,-31.1,0.4552,1
B2,g70-k67,2026-07,174,42.5,0.3685,1
B2,g70-k67,2026-08,147,68.2,0.3555,1
B2,g70-k67,2026-09,114,23.8,0.0878,1
B2,g70-k67,2026-10,2,3.9,0.0,0
B2,g70-k80,2026-02,120,-55.5,0.316,1
B2,g70-k80,2026-03,211,-13.2,0.3409,1
B2,g70-k80,2026-04,162,32.3,0.2063,1
B2,g70-k80,2026-05,130,-12.6,0.8387,1
B2,g70-k80,2026-06,193,-42.3,0.3936,1
B2,g70-k80,2026-07,190,58.3,0.1946,1
B2,g70-k80,2026-08,153,36.9,0.3137,1
B2,g70-k80,2026-09,128,44.5,0.0878,1
B2,g70-k80,2026-10,2,3.9,0.0,0
B2,g71-sign_ac_15s_bp-k20,2026-02,65,-44.6,0.3561,1
B2,g71-sign_ac_15s_bp-k20,2026-03,159,69.5,0.2875,1
B2,g71-sign_ac_15s_bp-k20,2026-04,119,-4.8,0.8103,1
B2,g71-sign_ac_15s_bp-k20,2026-05,73,12.3,0.5051,1
B2,g71-sign_ac_15s_bp-k20,2026-06,110,-41.0,0.2448,1
B2,g71-sign_ac_15s_bp-k20,2026-07,125,-54.7,0.4021,1
B2,g71-sign_ac_15s_bp-k20,2026-08,119,-11.2,0.4162,1
B2,g71-sign_ac_15s_bp-k20,2026-09,80,37.3,0.3633,1
B2,g71-sign_ac_15s_bp-k20,2026-10,2,-5.6,0.0,0
B2,g71-sign_ac_15s_bp-k33,2026-02,90,-59.1,0.4101,1
B2,g71-sign_ac_15s_bp-k33,2026-03,185,30.8,0.3107,1
B2,g71-sign_ac_15s_bp-k33,2026-04,139,8.0,0.5887,1
B2,g71-sign_ac_15s_bp-k33,2026-05,99,20.1,0.5827,1
B2,g71-sign_ac_15s_bp-k33,2026-06,147,-34.9,0.4503,1
B2,g71-sign_ac_15s_bp-k33,2026-07,158,-9.7,0.3023,1
B2,g71-sign_ac_15s_bp-k33,2026-08,134,1.5,0.3655,1
B2,g71-sign_ac_15s_bp-k33,2026-09,103,1.8,0.5755,1
B2,g71-sign_ac_15s_bp-k33,2026-10,2,-5.6,0.0,0
B2,g71-sign_ac_15s_bp-k50,2026-02,108,-41.6,0.3099,1
B2,g71-sign_ac_15s_bp-k50,2026-03,215,-1.7,0.2989,1
B2,g71-sign_ac_15s_bp-k50,2026-04,154,-42.8,0.8118,1
B2,g71-sign_ac_15s_bp-k50,2026-05,120,-41.4,0.6405,1
B2,g71-sign_ac_15s_bp-k50,2026-06,172,-64.1,0.4774,1
B2,g71-sign_ac_15s_bp-k50,2026-07,181,-29.4,0.3564,1
B2,g71-sign_ac_15s_bp-k50,2026-08,146,4.4,0.3311,1
B2,g71-sign_ac_15s_bp-k50,2026-09,121,38.8,0.3633,1
B2,g71-sign_ac_15s_bp-k50,2026-10,2,-5.6,0.0,0
B2,g71-sign_ac_15s_bp-k67,2026-02,122,-72.7,0.4801,1
B2,g71-sign_ac_15s_bp-k67,2026-03,225,-14.7,0.3343,1
B2,g71-sign_ac_15s_bp-k67,2026-04,167,18.5,0.8118,1
B2,g71-sign_ac_15s_bp-k67,2026-05,142,-67.1,0.5482,1
B2,g71-sign_ac_15s_bp-k67,2026-06,197,0.8,0.3322,1
B2,g71-sign_ac_15s_bp-k67,2026-07,197,20.6,0.326,1
B2,g71-sign_ac_15s_bp-k67,2026-08,158,22.7,0.3394,1
B2,g71-sign_ac_15s_bp-k67,2026-09,133,53.4,0.3633,1
B2,g71-sign_ac_15s_bp-k67,2026-10,3,-2.4,0.0,0
B2,g71-sign_ac_15s_bp-k80,2026-02,138,-55.5,0.3157,1
B2,g71-sign_ac_15s_bp-k80,2026-03,242,-13.7,0.5001,1
B2,g71-sign_ac_15s_bp-k80,2026-04,184,-1.8,0.4541,1
B2,g71-sign_ac_15s_bp-k80,2026-05,157,-46.3,0.8387,1
B2,g71-sign_ac_15s_bp-k80,2026-06,218,-33.7,0.3273,1
B2,g71-sign_ac_15s_bp-k80,2026-07,214,49.0,0.1194,1
B2,g71-sign_ac_15s_bp-k80,2026-08,166,57.4,0.307,1
B2,g71-sign_ac_15s_bp-k80,2026-09,151,75.9,0.0878,1
B2,g71-sign_ac_15s_bp-k80,2026-10,3,-3.1,0.0,0
B2,g71-sign_ac_60s_bp-k20,2026-02,72,-36.0,0.5474,1
B2,g71-sign_ac_60s_bp-k20,2026-03,159,16.8,0.2807,1
B2,g71-sign_ac_60s_bp-k20,2026-04,116,62.7,0.2773,1
B2,g71-sign_ac_60s_bp-k20,2026-05,65,53.6,0.1314,1
B2,g71-sign_ac_60s_bp-k20,2026-06,104,-0.8,0.2548,1
B2,g71-sign_ac_60s_bp-k20,2026-07,115,-23.8,0.4723,1
B2,g71-sign_ac_60s_bp-k20,2026-08,116,30.3,0.3271,1
B2,g71-sign_ac_60s_bp-k20,2026-09,85,30.1,0.4088,1
B2,g71-sign_ac_60s_bp-k20,2026-10,1,-4.8,0.0,0
B2,g71-sign_ac_60s_bp-k33,2026-02,92,-43.7,0.4645,1
B2,g71-sign_ac_60s_bp-k33,2026-03,184,-26.7,0.2786,1
B2,g71-sign_ac_60s_bp-k33,2026-04,138,-20.8,0.8103,1
B2,g71-sign_ac_60s_bp-k33,2026-05,86,68.3,0.4916,1
B2,g71-sign_ac_60s_bp-k33,2026-06,134,-74.7,0.4799,1
B2,g71-sign_ac_60s_bp-k33,2026-07,153,3.8,0.3431,1
B2,g71-sign_ac_60s_bp-k33,2026-08,132,-12.4,0.654,1
B2,g71-sign_ac_60s_bp-k33,2026-09,101,50.9,0.104,1
B2,g71-sign_ac_60s_bp-k33,2026-10,2,-2.3,0.0,0
B2,g71-sign_ac_60s_bp-k50,2026-02,110,-22.9,0.3099,1
B2,g71-sign_ac_60s_bp-k50,2026-03,213,46.4,0.301,1
B2,g71-sign_ac_60s_bp-k50,2026-04,155,-24.0,0.8103,1
B2,g71-sign_ac_60s_bp-k50,2026-05,114,-1.2,0.552,1
B2,g71-sign_ac_60s_bp-k50,2026-06,170,-70.3,0.2648,1
B2,g71-sign_ac_60s_bp-k50,2026-07,170,-65.2,0.8317,1
B2,g71-sign_ac_60s_bp-k50,2026-08,140,-23.7,0.5056,1
B2,g71-sign_ac_60s_bp-k50,2026-09,122,84.0,0.104,1
B2,g71-sign_ac_60s_bp-k50,2026-10,2,-4.1,0.0,0
B2,g71-sign_ac_60s_bp-k67,2026-02,117,-34.5,0.3099,1
B2,g71-sign_ac_60s_bp-k67,2026-03,228,-8.0,0.3479,1
B2,g71-sign_ac_60s_bp-k67,2026-04,167,-35.9,0.8103,1
B2,g71-sign_ac_60s_bp-k67,2026-05,136,-63.8,0.6774,1
B2,g71-sign_ac_60s_bp-k67,2026-06,191,-58.9,0.635,1
B2,g71-sign_ac_60s_bp-k67,2026-07,188,29.6,0.1904,1
B2,g71-sign_ac_60s_bp-k67,2026-08,153,85.5,0.197,1
B2,g71-sign_ac_60s_bp-k67,2026-09,133,101.4,0.0878,1
B2,g71-sign_ac_60s_bp-k67,2026-10,2,-4.1,0.0,0
B2,g71-sign_ac_60s_bp-k80,2026-02,129,-57.2,0.3157,1
B2,g71-sign_ac_60s_bp-k80,2026-03,231,-16.7,0.3607,1
B2,g71-sign_ac_60s_bp-k80,2026-04,172,-24.0,0.8103,1
B2,g71-sign_ac_60s_bp-k80,2026-05,148,-24.0,0.6774,1
B2,g71-sign_ac_60s_bp-k80,2026-06,207,-36.6,0.3399,1
B2,g71-sign_ac_60s_bp-k80,2026-07,198,2.3,0.3321,1
B2,g71-sign_ac_60s_bp-k80,2026-08,156,40.4,0.2242,1
B2,g71-sign_ac_60s_bp-k80,2026-09,140,88.4,0.0878,1
B2,g71-sign_ac_60s_bp-k80,2026-10,3,-3.1,0.0,0
B2,g73-conj-k20,2026-02,20,17.2,0.3207,1
B2,g73-conj-k20,2026-03,34,-30.9,0.3398,1
B2,g73-conj-k20,2026-04,30,37.1,0.2979,1
B2,g73-conj-k20,2026-05,7,-1.1,0.5161,0
B2,g73-conj-k20,2026-06,22,-16.7,0.58,1
B2,g73-conj-k20,2026-07,37,54.8,0.2723,1
B2,g73-conj-k20,2026-08,39,-17.1,0.6166,1
B2,g73-conj-k20,2026-09,22,-59.5,0.8245,1
B2,g73-conj-k20,2026-10,0,0.0,0.0,0
B2,g73-conj-k33,2026-02,30,-11.4,0.4643,1
B2,g73-conj-k33,2026-03,74,-15.9,0.291,1
B2,g73-conj-k33,2026-04,69,29.9,0.4544,1
B2,g73-conj-k33,2026-05,20,22.9,0.376,1
B2,g73-conj-k33,2026-06,62,-69.4,0.532,1
B2,g73-conj-k33,2026-07,88,70.5,0.1188,1
B2,g73-conj-k33,2026-08,86,-25.8,0.6626,1
B2,g73-conj-k33,2026-09,54,-14.6,0.5754,1
B2,g73-conj-k33,2026-10,1,2.5,0.0,0
B2,g73-conj-k50,2026-02,56,4.3,0.182,1
B2,g73-conj-k50,2026-03,150,-1.5,0.3382,1
B2,g73-conj-k50,2026-04,111,-58.0,0.799,1
B2,g73-conj-k50,2026-05,50,27.8,0.3256,1
B2,g73-conj-k50,2026-06,131,-27.7,0.8333,1
B2,g73-conj-k50,2026-07,139,-31.6,0.6882,1
B2,g73-conj-k50,2026-08,120,10.6,0.3482,1
B2,g73-conj-k50,2026-09,83,32.0,0.3633,1
B2,g73-conj-k50,2026-10,2,-4.1,0.0,0
B2,g73-conj-k67,2026-02,87,-19.4,0.1753,1
B2,g73-conj-k67,2026-03,195,5.4,0.2872,1
B2,g73-conj-k67,2026-04,145,-52.7,0.8152,1
B2,g73-conj-k67,2026-05,101,13.9,0.7656,1
B2,g73-conj-k67,2026-06,166,-47.4,0.7814,1
B2,g73-conj-k67,2026-07,171,-16.6,0.6278,1
B2,g73-conj-k67,2026-08,137,37.8,0.3281,1
B2,g73-conj-k67,2026-09,113,78.9,0.1364,1
B2,g73-conj-k67,2026-10,2,-4.1,0.0,0
B2,g73-conj-k80,2026-02,111,-27.7,0.3099,1
B2,g73-conj-k80,2026-03,217,2.4,0.3466,1
B2,g73-conj-k80,2026-04,161,-39.4,0.8103,1
B2,g73-conj-k80,2026-05,119,-11.2,0.8387,1
B2,g73-conj-k80,2026-06,189,-26.0,0.2889,1
B2,g73-conj-k80,2026-07,193,10.2,0.1926,1
B2,g73-conj-k80,2026-08,146,11.2,0.298,1
B2,g73-conj-k80,2026-09,129,78.2,0.1204,1
B2,g73-conj-k80,2026-10,3,-3.1,0.0,0
B2,g75-k20,2026-02,31,-27.8,0.7269,1
B2,g75-k20,2026-03,117,-109.4,0.6958,1
B2,g75-k20,2026-04,93,4.1,0.5204,1
B2,g75-k20,2026-05,71,-72.7,0.8387,1
B2,g75-k20,2026-06,97,45.1,0.2041,1
B2,g75-k20,2026-07,116,-1.9,0.602,1
B2,g75-k20,2026-08,103,73.4,0.0564,1
B2,g75-k20,2026-09,67,-8.1,0.4935,1
B2,g75-k20,2026-10,1,-6.4,0.0,0
B2,g75-k33,2026-02,58,-32.1,0.5887,1
B2,g75-k33,2026-03,162,-134.2,0.3514,1
B2,g75-k33,2026-04,122,9.8,0.5927,1
B2,g75-k33,2026-05,93,-76.6,0.6039,1
B2,g75-k33,2026-06,133,46.5,0.2015,1
B2,g75-k33,2026-07,146,-4.6,0.3508,1
B2,g75-k33,2026-08,123,49.1,0.1127,1
B2,g75-k33,2026-09,101,7.3,0.3958,1
B2,g75-k33,2026-10,2,-5.5,0.0,0
B2,g75-k50,2026-02,83,-99.8,0.7269,1
B2,g75-k50,2026-03,197,-135.4,0.3312,1
B2,g75-k50,2026-04,150,-4.4,0.4012,1
B2,g75-k50,2026-05,118,-58.5,0.8387,1
B2,g75-k50,2026-06,157,70.4,0.2208,1
B2,g75-k50,2026-07,171,41.0,0.1722,1
B2,g75-k50,2026-08,141,67.8,0.2233,1
B2,g75-k50,2026-09,124,-4.9,0.5476,1
B2,g75-k50,2026-10,2,-6.3,0.0,0
B2,g75-k67,2026-02,100,-104.6,0.7269,1
B2,g75-k67,2026-03,219,-86.3,0.4977,1
B2,g75-k67,2026-04,165,17.0,0.1689,1
B2,g75-k67,2026-05,135,-62.8,0.6674,1
B2,g75-k67,2026-06,190,-9.5,0.3897,1
B2,g75-k67,2026-07,190,76.0,0.1675,1
B2,g75-k67,2026-08,151,19.6,0.3306,1
B2,g75-k67,2026-09,134,24.5,0.3681,1
B2,g75-k67,2026-10,3,-3.1,0.0,0
B2,g75-k80,2026-02,112,-91.8,0.5158,1
B2,g75-k80,2026-03,230,-84.8,0.5099,1
B2,g75-k80,2026-04,178,18.1,0.4086,1
B2,g75-k80,2026-05,146,-32.0,0.583,1
B2,g75-k80,2026-06,206,-10.5,0.5362,1
B2,g75-k80,2026-07,198,3.4,0.3478,1
B2,g75-k80,2026-08,155,34.3,0.2161,1
B2,g75-k80,2026-09,142,52.2,0.1838,1
B2,g75-k80,2026-10,3,-3.1,0.0,0
B2,g82-tape_burst_press_15s_bp-k20,2026-02,69,9.2,0.3929,1
B2,g82-tape_burst_press_15s_bp-k20,2026-03,150,8.3,0.1325,1
B2,g82-tape_burst_press_15s_bp-k20,2026-04,126,77.3,0.0687,1
B2,g82-tape_burst_press_15s_bp-k20,2026-05,75,8.3,0.618,1
B2,g82-tape_burst_press_15s_bp-k20,2026-06,121,-127.3,0.8333,1
B2,g82-tape_burst_press_15s_bp-k20,2026-07,135,-44.1,0.6881,1
B2,g82-tape_burst_press_15s_bp-k20,2026-08,108,-37.4,0.8387,1
B2,g82-tape_burst_press_15s_bp-k20,2026-09,66,58.9,0.1367,1
B2,g82-tape_burst_press_15s_bp-k20,2026-10,0,0.0,0.0,0
B2,g82-tape_burst_press_15s_bp-k33,2026-02,90,-0.5,0.3511,1
B2,g82-tape_burst_press_15s_bp-k33,2026-03,183,-2.1,0.1599,1
B2,g82-tape_burst_press_15s_bp-k33,2026-04,141,59.0,0.0318,1
B2,g82-tape_burst_press_15s_bp-k33,2026-05,95,22.1,0.5339,1
B2,g82-tape_burst_press_15s_bp-k33,2026-06,148,-145.8,0.8333,1
B2,g82-tape_burst_press_15s_bp-k33,2026-07,168,-64.9,0.6617,1
B2,g82-tape_burst_press_15s_bp-k33,2026-08,130,-18.8,0.6774,1
B2,g82-tape_burst_press_15s_bp-k33,2026-09,90,111.8,0.1774,1
B2,g82-tape_burst_press_15s_bp-k33,2026-10,1,1.4,0.0,0
B2,g82-tape_burst_press_15s_bp-k50,2026-02,108,-18.8,0.3299,1
B2,g82-tape_burst_press_15s_bp-k50,2026-03,219,10.0,0.2866,1
B2,g82-tape_burst_press_15s_bp-k50,2026-04,160,61.5,0.05,1
B2,g82-tape_burst_press_15s_bp-k50,2026-05,122,20.5,0.7656,1
B2,g82-tape_burst_press_15s_bp-k50,2026-06,178,-102.8,0.8198,1
B2,g82-tape_burst_press_15s_bp-k50,2026-07,187,2.3,0.3475,1
B2,g82-tape_burst_press_15s_bp-k50,2026-08,134,0.1,0.5756,1
B2,g82-tape_burst_press_15s_bp-k50,2026-09,114,138.3,0.1007,1
B2,g82-tape_burst_press_15s_bp-k50,2026-10,3,-3.7,0.0,0
B2,g82-tape_burst_press_15s_bp-k67,2026-02,117,-35.8,0.5474,1
B2,g82-tape_burst_press_15s_bp-k67,2026-03,226,-7.5,0.3369,1
B2,g82-tape_burst_press_15s_bp-k67,2026-04,170,40.8,0.3848,1
B2,g82-tape_burst_press_15s_bp-k67,2026-05,135,-17.6,0.8387,1
B2,g82-tape_burst_press_15s_bp-k67,2026-06,194,-121.4,0.8198,1
B2,g82-tape_burst_press_15s_bp-k67,2026-07,196,40.0,0.3321,1
B2,g82-tape_burst_press_15s_bp-k67,2026-08,150,48.7,0.3477,1
B2,g82-tape_burst_press_15s_bp-k67,2026-09,132,103.1,0.1007,1
B2,g82-tape_burst_press_15s_bp-k67,2026-10,3,-3.1,0.0,0
B2,g82-tape_burst_press_15s_bp-k80,2026-02,124,-27.2,0.1811,1
B2,g82-tape_burst_press_15s_bp-k80,2026-03,232,19.6,0.3483,1
B2,g82-tape_burst_press_15s_bp-k80,2026-04,176,10.9,0.5959,1
B2,g82-tape_burst_press_15s_bp-k80,2026-05,141,-50.4,0.8387,1
B2,g82-tape_burst_press_15s_bp-k80,2026-06,204,-77.1,0.8198,1
B2,g82-tape_burst_press_15s_bp-k80,2026-07,203,48.0,0.3649,1
B2,g82-tape_burst_press_15s_bp-k80,2026-08,158,31.5,0.3731,1
B2,g82-tape_burst_press_15s_bp-k80,2026-09,144,98.5,0.0878,1
B2,g82-tape_burst_press_15s_bp-k80,2026-10,3,-3.1,0.0,0
B2,g82-tape_burst_press_30s_bp-k20,2026-02,67,-12.2,0.3929,1
B2,g82-tape_burst_press_30s_bp-k20,2026-03,147,-59.4,0.8387,1
B2,g82-tape_burst_press_30s_bp-k20,2026-04,119,93.5,0.1075,1
B2,g82-tape_burst_press_30s_bp-k20,2026-05,78,7.7,0.6484,1
B2,g82-tape_burst_press_30s_bp-k20,2026-06,119,-98.4,0.8333,1
B2,g82-tape_burst_press_30s_bp-k20,2026-07,136,-37.3,0.4507,1
B2,g82-tape_burst_press_30s_bp-k20,2026-08,108,32.1,0.3277,1
B2,g82-tape_burst_press_30s_bp-k20,2026-09,67,38.0,0.3925,1
B2,g82-tape_burst_press_30s_bp-k20,2026-10,1,1.4,0.0,0
B2,g82-tape_burst_press_30s_bp-k33,2026-02,92,-13.7,0.367,1
B2,g82-tape_burst_press_30s_bp-k33,2026-03,178,22.4,0.2442,1
B2,g82-tape_burst_press_30s_bp-k33,2026-04,141,31.6,0.1098,1
B2,g82-tape_burst_press_30s_bp-k33,2026-05,102,-19.9,0.8387,1
B2,g82-tape_burst_press_30s_bp-k33,2026-06,152,-116.4,0.8333,1
B2,g82-tape_burst_press_30s_bp-k33,2026-07,167,-32.2,0.4128,1
B2,g82-tape_burst_press_30s_bp-k33,2026-08,125,4.4,0.4033,1
B2,g82-tape_burst_press_30s_bp-k33,2026-09,95,99.9,0.0614,1
B2,g82-tape_burst_press_30s_bp-k33,2026-10,1,1.4,0.0,0
B2,g82-tape_burst_press_30s_bp-k50,2026-02,105,-29.0,0.3299,1
B2,g82-tape_burst_press_30s_bp-k50,2026-03,206,4.7,0.1154,1
B2,g82-tape_burst_press_30s_bp-k50,2026-04,159,64.3,0.2764,1
B2,g82-tape_burst_press_30s_bp-k50,2026-05,125,-22.3,0.8387,1
B2,g82-tape_burst_press_30s_bp-k50,2026-06,179,-128.7,0.8198,1
B2,g82-tape_burst_press_30s_bp-k50,2026-07,181,-2.0,0.3475,1
B2,g82-tape_burst_press_30s_bp-k50,2026-08,138,-38.4,0.5974,1
B2,g82-tape_burst_press_30s_bp-k50,2026-09,118,82.2,0.1007,1
B2,g82-tape_burst_press_30s_bp-k50,2026-10,2,-5.6,0.0,0
B2,g82-tape_burst_press_30s_bp-k67,2026-02,116,-35.4,0.4128,1
B2,g82-tape_burst_press_30s_bp-k67,2026-03,227,-13.9,0.35,1
B2,g82-tape_burst_press_30s_bp-k67,2026-04,169,-2.1,0.6029,1
B2,g82-tape_burst_press_30s_bp-k67,2026-05,136,-43.3,0.8387,1
B2,g82-tape_burst_press_30s_bp-k67,2026-06,191,-118.6,0.8198,1
B2,g82-tape_burst_press_30s_bp-k67,2026-07,199,52.4,0.3557,1
B2,g82-tape_burst_press_30s_bp-k67,2026-08,153,44.2,0.3268,1
B2,g82-tape_burst_press_30s_bp-k67,2026-09,133,97.5,0.1007,1
B2,g82-tape_burst_press_30s_bp-k67,2026-10,3,-3.1,0.0,0
B2,g82-tape_burst_press_30s_bp-k80,2026-02,122,-31.1,0.1811,1
B2,g82-tape_burst_press_30s_bp-k80,2026-03,232,2.7,0.3479,1
B2,g82-tape_burst_press_30s_bp-k80,2026-04,177,-5.0,0.8152,1
B2,g82-tape_burst_press_30s_bp-k80,2026-05,145,-86.0,0.8387,1
B2,g82-tape_burst_press_30s_bp-k80,2026-06,204,-103.2,0.8198,1
B2,g82-tape_burst_press_30s_bp-k80,2026-07,201,41.0,0.3654,1
B2,g82-tape_burst_press_30s_bp-k80,2026-08,159,35.2,0.2974,1
B2,g82-tape_burst_press_30s_bp-k80,2026-09,140,102.7,0.1007,1
B2,g82-tape_burst_press_30s_bp-k80,2026-10,3,-3.1,0.0,0
B2,g83-conj-k20,2026-02,88,-12.6,0.3734,1
B2,g83-conj-k20,2026-03,180,-80.1,0.8387,1
B2,g83-conj-k20,2026-04,152,34.3,0.0711,1
B2,g83-conj-k20,2026-05,120,9.4,0.5123,1
B2,g83-conj-k20,2026-06,168,-57.8,0.4781,1
B2,g83-conj-k20,2026-07,184,-25.0,0.1194,1
B2,g83-conj-k20,2026-08,143,0.7,0.4727,1
B2,g83-conj-k20,2026-09,120,64.1,0.2815,1
B2,g83-conj-k20,2026-10,2,-4.0,0.0,0
B2,g83-conj-k33,2026-02,109,-25.5,0.5107,1
B2,g83-conj-k33,2026-03,209,0.0,0.3202,1
B2,g83-conj-k33,2026-04,169,16.3,0.4722,1
B2,g83-conj-k33,2026-05,140,-45.1,0.6334,1
B2,g83-conj-k33,2026-06,195,-41.0,0.3654,1
B2,g83-conj-k33,2026-07,204,-2.1,0.3249,1
B2,g83-conj-k33,2026-08,158,6.2,0.5006,1
B2,g83-conj-k33,2026-09,146,85.0,0.0878,1
B2,g83-conj-k33,2026-10,3,-3.1,0.0,0
B2,g83-conj-k50,2026-02,120,-50.3,0.4645,1
B2,g83-conj-k50,2026-03,232,-49.3,0.5,1
B2,g83-conj-k50,2026-04,182,-1.8,0.5051,1
B2,g83-conj-k50,2026-05,149,-40.1,0.6334,1
B2,g83-conj-k50,2026-06,206,-32.6,0.4643,1
B2,g83-conj-k50,2026-07,211,70.0,0.1194,1
B2,g83-conj-k50,2026-08,164,9.6,0.5006,1
B2,g83-conj-k50,2026-09,151,89.5,0.0878,1
B2,g83-conj-k50,2026-10,3,-3.1,0.0,0
B2,g83-conj-k67,2026-02,133,-46.5,0.3157,1
B2,g83-conj-k67,2026-03,240,-15.8,0.5001,1
B2,g83-conj-k67,2026-04,184,-6.3,0.6031,1
B2,g83-conj-k67,2026-05,157,-54.0,0.8387,1
B2,g83-conj-k67,2026-06,215,-33.6,0.3273,1
B2,g83-conj-k67,2026-07,214,48.5,0.1194,1
B2,g83-conj-k67,2026-08,168,43.9,0.4815,1
B2,g83-conj-k67,2026-09,151,74.0,0.0878,1
B2,g83-conj-k67,2026-10,3,-3.1,0.0,0
B2,g83-conj-k80,2026-02,137,-49.3,0.3157,1
B2,g83-conj-k80,2026-03,243,-3.8,0.5001,1
B2,g83-conj-k80,2026-04,183,-9.5,0.6041,1
B2,g83-conj-k80,2026-05,158,-56.0,0.8387,1
B2,g83-conj-k80,2026-06,218,-33.7,0.3273,1
B2,g83-conj-k80,2026-07,214,44.5,0.1194,1
B2,g83-conj-k80,2026-08,167,51.9,0.2757,1
B2,g83-conj-k80,2026-09,151,75.9,0.0878,1
B2,g83-conj-k80,2026-10,3,-3.1,0.0,0
