mode,pack,cell,family,base,sr_day,sr_year,sr_base,d_sr,ci_lo,ci_hi,T,p_wy,p_harm_wy,k_months_sr_pos,months_defined,kpi_share,d_usd,gate1,gate2,gate3,gate4,passed,refuted,failed_gates,months_dsr_hi_neg,c2_dsr,c2_lo
free,R2,g93-u1d3-K1,g93,B1,0.0186,0.36,0.0074,0.0112,0.0097,0.013,13.252,0.0,1.0,4,9,0.35,79.0,1,1,1,1,1,0,,,0.0108,0.0094
free,R2,g93-u2d3-K1,g93,B1,0.0252,0.48,0.0074,0.0178,0.0154,0.0207,13.233,0.0,1.0,4,9,0.3416,125.1,1,1,1,1,1,0,,,0.0171,0.015
free,R2,g93-u1-K1,g93,B1,0.0294,0.56,0.0074,0.022,0.0191,0.0256,13.217,0.0,1.0,4,9,0.3416,154.8,1,1,1,1,1,0,,,0.0211,0.0185
free,R2,g93-u1-K2,g93,B1,0.0372,0.71,0.0074,0.0298,0.0258,0.0347,13.206,0.0,1.0,4,9,0.3277,209.4,1,1,1,1,1,0,,,0.0289,0.0252
free,R2,g93-u2d3-K2,g93,B1,0.0325,0.62,0.0074,0.0252,0.0218,0.0293,13.184,0.0,1.0,4,9,0.3415,176.7,1,1,1,1,1,0,,,0.0247,0.0215
free,R2,g93-u1d3-K2,g93,B1,0.0248,0.47,0.0074,0.0174,0.015,0.0202,13.148,0.0,1.0,4,9,0.3416,122.5,1,1,1,1,1,0,,,0.0171,0.0149
free,R2,g93-u1-K3,g93,B1,0.0416,0.8,0.0074,0.0343,0.0296,0.0399,13.048,0.0,1.0,4,9,0.3255,240.2,1,1,1,1,1,0,,,0.0332,0.029
free,R2,g93-u2d3-K3,g93,B1,0.0368,0.7,0.0074,0.0295,0.0255,0.0344,13.002,0.0,1.0,4,9,0.3277,206.8,1,1,1,1,1,0,,,0.0287,0.025
free,R2,g93-u1d3-K3,g93,B1,0.0287,0.55,0.0074,0.0213,0.0184,0.0248,12.872,0.0,1.0,4,9,0.3415,149.7,1,1,1,1,1,0,,,0.0207,0.018
free,R2,g94-n2,g94,B1,0.0183,0.35,0.0074,0.0109,0.0034,0.0191,2.706,0.0083,0.9947,4,9,0.3315,81.9,0,1,1,1,0,0,1,,0.0095,0.002
free,R2,g94-n4,g94,B1,0.0212,0.41,0.0074,0.0139,0.0038,0.025,2.57,0.0097,0.9944,4,9,0.3137,106.5,0,1,1,1,0,0,1,,0.0118,0.0017
free,R2,g94-n3,g94,B1,0.0191,0.36,0.0074,0.0117,0.0026,0.0219,2.376,0.0149,0.992,4,9,0.3315,89.9,0,1,1,1,0,0,1,,0.0096,0.0012
free,R2,g94-n5,g94,B1,0.0201,0.38,0.0074,0.0127,0.0023,0.0244,2.258,0.0171,0.9903,4,9,0.3235,98.8,0,1,1,1,0,0,1,,0.0103,0.0005
free,R1,g70-k80,g70,B1,0.0392,0.75,-0.0096,0.0489,0.0044,0.0953,2.109,0.066,0.9811,4,9,0.331,225.8,0,1,0,1,0,0,1;3,,0.0409,-0.0015
free,R1,g68-obi10_bp-k20,g68,B1,0.0759,1.45,-0.0096,0.0855,-0.0085,0.1777,1.803,0.3095,0.9957,5,9,0.3922,278.5,0,1,0,1,0,0,1;3,,0.07,-0.0284
free,R1,g63-k20,g63,B1,0.0581,1.11,-0.0096,0.0678,-0.0068,0.1505,1.669,0.1542,0.9675,6,9,0.291,239.8,0,1,0,1,0,0,1;3,,0.0562,-0.019
free,R1,g61-5to20,g61,B1,0.0804,1.54,-0.0168,0.0972,-0.0221,0.2277,1.54,0.1187,0.9303,5,8,0.3233,121.9,0,1,0,1,0,0,1;3,,0.0699,-0.051
free,R1,g71-sign_ac_15s_bp-k80,g71,B1,-0.0087,-0.17,-0.0096,0.0009,-0.0001,0.0021,1.527,0.2969,0.9971,3,9,0.3848,5.8,0,1,0,1,0,0,1;3,,0.0001,-0.0002
free,R1,g43-best_move_1s_cbps-k20,g43,B1,0.0705,1.35,-0.0168,0.0873,-0.0265,0.1963,1.525,0.2747,0.9414,5,8,0.3031,93.4,0,1,0,1,0,0,1;3,,0.0679,-0.0416
free,R1,g63-k33,g63,B1,0.0316,0.6,-0.0096,0.0412,-0.0131,0.095,1.5,0.1705,0.9675,4,9,0.3399,180.1,0,1,0,1,0,0,1;3,,0.0284,-0.0282
free,R1,g70-k67,g70,B1,0.0282,0.54,-0.0096,0.0379,-0.0091,0.09,1.497,0.1846,0.9811,4,9,0.3284,113.6,0,1,0,1,0,0,1;3,,0.0284,-0.0175
free,R1,g68-obi10_bp-k67,g68,B1,0.0141,0.27,-0.0096,0.0237,-0.0086,0.0553,1.453,0.4941,0.9957,4,9,0.3599,182.3,0,1,0,1,0,0,1;3,,0.0152,-0.0156
free,R1,g68-obi5_bp-k80,g68,B1,0.0076,0.15,-0.0096,0.0173,-0.0071,0.0398,1.448,0.4941,0.9957,3,9,0.3818,123.1,0,0,0,1,0,0,1;2;3,2026-04,0.0094,-0.0142
free,R1,g04-k50,g04,B1,0.0213,0.41,-0.0096,0.0309,-0.0115,0.0763,1.372,0.2609,0.9305,4,9,0.3146,123.4,0,0,0,1,0,0,1;2;3,2026-05,0.024,-0.0175
free,R1,g70-k20,g70,B1,0.0607,1.16,-0.0096,0.0703,-0.0296,0.1806,1.316,0.1987,0.9811,4,9,0.3451,141.7,0,1,0,1,0,0,1;3,,0.0474,-0.0465
free,R2,e114-halfstop-f1d4,e114,B1,0.0282,0.54,0.0074,0.0209,-0.0098,0.0532,1.301,0.1852,0.9077,6,9,0.3413,145.6,0,1,0,1,0,0,1;3,,0.0075,-0.026
free,R2,e114-halfstop-f1d2,e114,B1,0.0233,0.45,0.0074,0.0159,-0.0084,0.041,1.259,0.1951,0.9077,5,9,0.3426,108.8,0,0,0,1,0,0,1;2;3,2026-02,0.0025,-0.0268
free,R1,g70-k50,g70,B1,0.0316,0.6,-0.0096,0.0412,-0.0225,0.1099,1.225,0.1987,0.9811,5,9,0.2856,121.8,0,1,0,1,0,0,1;3,,0.0326,-0.0297
free,R1,g68-obi5_bp-k50,g68,B1,0.0205,0.39,-0.0096,0.0302,-0.0191,0.0795,1.196,0.6197,0.9953,4,9,0.3379,196.6,0,1,0,1,0,0,1;3,,0.0178,-0.0281
free,R1,g68-obi5_bp-k67,g68,B1,0.0074,0.14,-0.0096,0.0171,-0.0125,0.0445,1.177,0.6247,0.9953,4,9,0.3802,127.0,0,0,0,1,0,0,1;2;3,2026-04,0.0095,-0.0186
free,R1,g68-obi10_bp-k33,g68,B1,0.0277,0.53,-0.0096,0.0373,-0.0258,0.1007,1.16,0.6247,0.9953,5,9,0.4036,183.0,0,1,0,1,0,0,1;3,,0.0272,-0.0366
free,R1,g71-sign_ac_60s_bp-k20,g71,B1,0.0563,1.07,-0.0096,0.0659,-0.0473,0.178,1.156,0.3845,0.9971,5,9,0.33,196.4,0,1,0,1,0,0,1;3,,0.0419,-0.0655
free,R1,g68-obi5_bp-k33,g68,B1,0.0308,0.59,-0.0096,0.0404,-0.0268,0.112,1.144,0.6247,0.9953,4,9,0.395,187.4,0,1,0,1,0,0,1;3,,0.0228,-0.0421
free,R1,g139-k20,g139,B1,0.0429,0.82,-0.0096,0.0526,-0.0437,0.1384,1.127,0.3179,0.9005,5,9,0.4366,110.7,0,1,0,1,0,0,1;3,,0.0379,-0.0562
free,R1,g04-k67,g04,B1,0.0086,0.17,-0.0096,0.0183,-0.013,0.0521,1.097,0.3543,0.9305,4,9,0.325,111.2,0,0,0,1,0,0,1;2;3,2026-05,0.0105,-0.0209
free,R1,g70-k33,g70,B1,0.0366,0.7,-0.0096,0.0462,-0.035,0.1333,1.077,0.1987,0.9759,4,9,0.3043,109.3,0,1,0,1,0,0,1;3,,0.0254,-0.0494
free,R1,g59-tape_press_lots_30s-k20,g59,B1,0.0434,0.83,-0.0096,0.0531,-0.0455,0.1482,1.075,0.4132,0.8641,5,9,0.3742,153.4,0,1,0,1,0,0,1;3,,0.037,-0.0625
free,R1,g42-k20,g42,B1,0.0437,0.84,-0.0096,0.0534,-0.0462,0.1524,1.054,0.3346,0.8468,6,9,0.3861,118.7,0,1,0,1,0,0,1;3,,0.0319,-0.0608
free,R1,g34-notmoved,g34,B1,-0.0096,-0.18,-0.0096,0.0,0.0,0.0001,1.003,0.1714,0.8286,3,9,0.3848,8.1,0,1,1,1,0,0,1,,0.0,0.0
free,R2,e114-halfstop-f3d4,e114,B1,0.0175,0.34,0.0074,0.0102,-0.0094,0.0303,1.002,0.2768,0.8873,5,9,0.3384,68.1,0,0,0,1,0,0,1;2;3,2026-02,-0.0033,-0.0304
free,R1,g75-k20,g75,B1,0.0465,0.89,-0.0096,0.0562,-0.0512,0.1736,0.975,0.3762,0.8277,4,9,0.418,110.1,0,1,0,1,0,0,1;3,,0.0372,-0.0669
free,R1,g139-k33,g139,B1,0.0192,0.37,-0.0096,0.0289,-0.0343,0.0877,0.925,0.373,0.9005,3,9,0.3447,77.1,0,1,0,1,0,0,1;3,,0.0211,-0.0435
free,R1,g69-ofi_10s_lots-k20,g69,B1,0.025,0.48,-0.0096,0.0346,-0.0438,0.1082,0.888,0.5809,0.869,4,9,0.446,46.2,0,1,0,1,0,0,1;3,,0.0239,-0.0527
free,R1,g44-k67,g44,B1,0.0103,0.2,-0.0096,0.02,-0.027,0.066,0.844,0.4476,0.9035,3,9,0.3494,45.2,0,1,0,1,0,0,1;3,,0.0062,-0.0406
free,R1,g82-tape_burst_press_15s_bp-k50,g82,B1,0.0187,0.36,-0.0096,0.0283,-0.0396,0.0992,0.801,0.481,0.7819,4,9,0.3444,164.0,0,1,0,1,0,0,1;3,,0.0156,-0.0466
free,R1,g69-ofi_10s_lots-k33,g69,B1,0.0128,0.24,-0.0096,0.0224,-0.0357,0.0752,0.792,0.6022,0.869,2,9,0.4266,28.4,0,1,0,1,0,0,1;3,,0.0152,-0.043
free,R1,g83-conj-k67,g83,B1,-0.0055,-0.1,-0.0096,0.0042,-0.0058,0.0152,0.776,0.5633,0.8108,3,9,0.3681,32.0,0,0,0,1,0,0,1;2;3,2026-01,0.0003,-0.0081
free,R1,g67-best_flips_15s-k20,g67,B1,0.0201,0.38,-0.0096,0.0297,-0.0456,0.1055,0.771,0.5006,0.8686,4,9,0.3667,93.1,0,1,0,1,0,0,1;3,,0.0133,-0.0613
free,R1,g68-obi5_bp-k20,g68,B1,0.0296,0.57,-0.0096,0.0393,-0.0555,0.1459,0.768,0.7946,0.9829,4,9,0.3756,109.5,0,1,0,1,0,0,1;3,,0.0141,-0.0792
free,R2,e117-g2-T1,e117,B3,-0.0151,-0.29,-0.0261,0.011,-0.0167,0.0409,0.754,0.5098,0.7688,4,9,0.3199,87.8,0,1,0,1,0,0,1;3,,0.0036,-0.0235
free,R1,g139-k50,g139,B1,0.0082,0.16,-0.0096,0.0178,-0.033,0.066,0.705,0.434,0.9005,3,9,0.3531,47.3,0,1,0,1,0,0,1;3,,0.0066,-0.0431
free,R1,g44-k20,g44,B1,0.0272,0.52,-0.0096,0.0368,-0.0751,0.1432,0.662,0.5055,0.9035,3,9,0.4441,59.4,0,1,0,1,0,0,1;3,,0.0209,-0.0897
free,R1,g73-conj-k80,g73,B1,0.0069,0.13,-0.0096,0.0166,-0.0399,0.0715,0.581,0.5548,0.8404,3,9,0.3433,66.0,0,0,0,1,0,0,1;2;3,2026-04,0.0049,-0.0478
free,R2,e114-halflevel-f1d4,e114,B1,0.0185,0.35,0.0074,0.0112,-0.0266,0.0506,0.568,0.3776,0.8072,6,9,0.3476,50.3,0,0,0,1,0,0,1;2;3,2026-02,-0.0035,-0.0401
free,R1,g43-best_move_1s_cbps-k33,g43,B1,0.0204,0.39,-0.0096,0.03,-0.0857,0.1431,0.513,0.7411,0.8672,6,9,0.402,10.2,0,1,0,1,0,0,1;3,,0.0145,-0.0988
free,R1,g139-k67,g139,B1,-0.0005,-0.01,-0.0096,0.0091,-0.0273,0.0426,0.512,0.434,0.9005,3,9,0.3566,-0.6,0,1,0,1,0,0,1;3,,0.0016,-0.0364
free,R1,g68-obi10_bp-k50,g68,B1,0.0002,0.0,-0.0096,0.0098,-0.0272,0.0506,0.493,0.8815,0.9695,4,9,0.3652,98.5,0,1,0,1,0,0,1;3,,-0.0009,-0.0363
free,R1,g59-tape_press_lots_15s-k20,g59,B1,0.0182,0.35,-0.0096,0.0279,-0.0865,0.1359,0.491,0.6592,0.7908,6,9,0.4073,44.4,0,1,0,1,0,0,1;3,,0.0133,-0.1034
free,R1,g67-best_flips_60s-k80,g67,B1,0.0018,0.04,-0.0096,0.0115,-0.0329,0.0604,0.483,0.62,0.8686,3,9,0.3609,72.2,0,1,0,1,0,0,1;3,,0.0001,-0.0402
free,R1,g67-best_flips_60s-k20,g67,B1,0.0127,0.24,-0.0096,0.0223,-0.0723,0.1143,0.469,0.62,0.8686,4,9,0.4234,5.2,0,1,0,1,0,0,1;3,,0.0069,-0.0827
free,R1,g67-best_flips_15s-k50,g67,B1,0.0052,0.1,-0.0096,0.0149,-0.0491,0.08,0.453,0.62,0.8686,3,9,0.3788,81.8,0,1,0,1,0,0,1;3,,0.0028,-0.0562
free,R1,g69-ofi_60s_lots-k20,g69,B1,0.0105,0.2,-0.0096,0.0201,-0.068,0.107,0.453,0.7301,0.8639,4,9,0.4524,3.9,0,0,0,1,0,0,1;2;3,2026-04,0.0052,-0.0789
free,R1,g59-tape_press_lots_60s-k20,g59,B1,0.0158,0.3,-0.0096,0.0255,-0.089,0.1352,0.447,0.6619,0.7908,3,9,0.4312,55.2,0,0,0,1,0,0,1;2;3,2026-08,0.006,-0.103
free,R1,g73-conj-k20,g73,B1,0.0562,1.07,0.0148,0.0413,-0.14,0.2246,0.447,0.5697,0.8404,3,6,0.4012,-10.7,0,1,0,1,0,0,1;3,,0.0177,-0.1557
free,R1,g43-best_move_10s_cbps-k20,g43,B1,0.0106,0.2,-0.0096,0.0202,-0.0816,0.1248,0.384,0.7731,0.8672,4,9,0.4177,39.3,0,1,0,1,0,0,1;3,,-0.0007,-0.0962
free,R1,g04-k33,g04,B1,0.0034,0.06,-0.0096,0.013,-0.0521,0.0819,0.38,0.6655,0.8294,4,9,0.4143,7.1,0,1,0,1,0,0,1;3,,-0.0009,-0.0635
free,R1,g67-best_flips_60s-k67,g67,B1,0.0012,0.02,-0.0096,0.0109,-0.0444,0.0673,0.379,0.62,0.8622,3,9,0.4267,31.4,0,1,0,1,0,0,1;3,,-0.0017,-0.053
free,R2,e117-g1-T1,e117,B3,-0.0183,-0.35,-0.0261,0.0077,-0.0318,0.0516,0.366,0.6329,0.7278,5,9,0.3352,72.6,0,1,0,1,0,0,1;3,,-0.0033,-0.0409
free,R1,g139-k80,g139,B1,-0.0047,-0.09,-0.0096,0.0049,-0.026,0.0338,0.326,0.434,0.9005,3,9,0.3768,-18.9,0,1,0,1,0,0,1;3,,-0.0032,-0.032
free,R1,g73-conj-k67,g73,B1,0.0019,0.04,-0.0096,0.0115,-0.0607,0.0852,0.31,0.574,0.8404,3,9,0.3519,31.4,0,0,0,1,0,0,1;2;3,2026-04,-0.0034,-0.0727
free,R2,g95-sw3,g95,B1,0.0081,0.16,0.0074,0.0008,-0.0045,0.0056,0.296,0.3769,0.6231,4,9,0.3533,3.5,0,1,0,1,0,0,1;3,,0.0,-0.0053
free,R1,g68-obi10_bp-k80,g68,B1,-0.0062,-0.12,-0.0096,0.0034,-0.02,0.0256,0.295,0.9156,0.9695,3,9,0.384,54.9,0,0,0,1,0,0,1;2;3,2026-04,-0.0029,-0.0246
free,R1,g82-tape_burst_press_30s_bp-k50,g82,B1,-0.0,-0.0,-0.0096,0.0096,-0.0542,0.0741,0.294,0.6933,0.778,3,9,0.3703,42.0,0,0,0,1,0,0,1;2;3,2026-06,-0.0043,-0.0626
free,R1,g73-conj-k33,g73,B1,0.0084,0.16,-0.0096,0.018,-0.116,0.1573,0.259,0.574,0.8404,4,9,0.386,-33.3,0,0,0,1,0,0,1;2;3,2026-08,-0.0112,-0.1378
free,R1,g64-drift-k20,g64,B1,-0.0007,-0.01,-0.0096,0.009,-0.0595,0.0822,0.247,0.6509,0.5905,5,9,0.4116,-10.5,0,1,0,1,0,0,1;3,,-0.009,-0.0749
free,R1,g82-tape_burst_press_15s_bp-k67,g82,B1,-0.0026,-0.05,-0.0096,0.0071,-0.0494,0.0653,0.241,0.707,0.778,3,9,0.4033,42.2,0,0,0,1,0,0,1;2;3,2026-06,-0.0052,-0.0548
free,R1,g83-conj-k33,g83,B1,-0.005,-0.09,-0.0096,0.0047,-0.0334,0.0437,0.238,0.7809,0.8108,3,9,0.3578,45.7,0,1,0,1,0,0,1;3,,-0.0036,-0.0405
free,R1,g71-sign_ac_60s_bp-k33,g71,B1,0.0005,0.01,-0.0096,0.0101,-0.0768,0.0946,0.231,0.7718,0.9424,3,9,0.3724,33.8,0,1,0,1,0,0,1;3,,0.0,-0.0858
free,R1,g43-best_move_1s_cbps-k50,g43,B1,0.0013,0.02,-0.0096,0.0109,-0.1036,0.1223,0.19,0.8071,0.8308,5,9,0.3894,-17.7,0,1,0,1,0,0,1;3,,-0.0077,-0.1223
free,R1,g61-le60,g61,B1,-0.0022,-0.04,-0.0096,0.0075,-0.0705,0.0904,0.182,0.4384,0.7319,4,9,0.4057,-18.5,0,1,0,1,0,0,1;3,,-0.0098,-0.0849
free,R1,g82-tape_burst_press_15s_bp-k20,g82,B1,0.0004,0.01,-0.0096,0.01,-0.1032,0.1175,0.179,0.7251,0.778,5,9,0.3961,-15.7,0,1,0,1,0,0,1;3,,-0.0041,-0.1154
free,R1,g42-k33,g42,B1,-0.0022,-0.04,-0.0096,0.0074,-0.0736,0.0891,0.177,0.7044,0.7496,5,9,0.4297,-7.8,0,0,0,1,0,0,1;2;3,2026-04,-0.0085,-0.0867
free,R1,g67-best_flips_15s-k33,g67,B1,-0.0034,-0.06,-0.0096,0.0062,-0.0662,0.081,0.167,0.6848,0.8127,3,9,0.3619,7.3,0,1,0,1,0,0,1;3,,-0.0073,-0.0804
free,R1,g82-tape_burst_press_15s_bp-k80,g82,B1,-0.0065,-0.12,-0.0096,0.0032,-0.0351,0.0397,0.166,0.7251,0.778,3,9,0.3643,25.2,0,1,0,1,0,0,1;3,,-0.0031,-0.0387
free,R1,g63-k50,g63,B1,-0.0062,-0.12,-0.0096,0.0034,-0.0421,0.0448,0.155,0.6388,0.7784,3,9,0.419,2.1,0,1,0,1,0,0,1;3,,-0.0081,-0.0568
free,R1,g82-tape_burst_press_15s_bp-k33,g82,B1,-0.0026,-0.05,-0.0096,0.0071,-0.084,0.0963,0.153,0.7251,0.778,5,9,0.325,25.2,0,1,0,1,0,0,1;3,,-0.0063,-0.0925
free,R1,g68-obi50_bp-k20,g68,B1,-0.0001,-0.0,-0.0096,0.0095,-0.1246,0.1374,0.142,0.9302,0.9695,5,9,0.544,-11.5,0,1,0,1,0,0,1;3,,-0.0127,-0.1479
free,R1,g59-tape_press_lots_15s-k50,g59,B1,-0.0053,-0.1,-0.0096,0.0044,-0.0599,0.0688,0.132,0.7646,0.7456,3,9,0.4024,0.8,0,1,0,1,0,0,1;3,,-0.0097,-0.0681
free,R1,g73-conj-k50,g73,B1,-0.0034,-0.07,-0.0096,0.0062,-0.0989,0.1084,0.117,0.574,0.8116,5,9,0.3809,-18.7,0,0,0,1,0,0,1;2;3,2026-04,-0.0165,-0.1169
free,R1,g68-obi1_bp-k80,g68,B1,-0.0081,-0.15,-0.0096,0.0016,-0.0255,0.0281,0.114,0.9302,0.9695,4,9,0.3256,-1.9,0,1,0,1,0,0,1;3,,-0.0042,-0.0303
free,R1,g43-best_move_1s_cbps-nz,g43,B1,-0.0036,-0.07,-0.0096,0.006,-0.1023,0.113,0.111,0.8286,0.8109,5,9,0.3745,-29.0,0,1,0,1,0,0,1;3,,-0.0127,-0.1214
free,R1,g59-tape_press_lots_60s-k50,g59,B1,-0.0065,-0.12,-0.0096,0.0031,-0.0665,0.0722,0.089,0.7748,0.7456,4,9,0.4329,-5.9,0,1,0,1,0,0,1;3,,-0.0106,-0.0762
free,R1,g67-best_flips_60s-k50,g67,B1,-0.0068,-0.13,-0.0096,0.0029,-0.0662,0.0695,0.083,0.6848,0.8015,2,9,0.4428,-31.9,0,1,0,1,0,0,1;3,,-0.0146,-0.0795
free,R1,g83-conj-k20,g83,B1,-0.0072,-0.14,-0.0096,0.0024,-0.0528,0.0604,0.083,0.7931,0.8108,3,9,0.3689,-11.3,0,1,0,1,0,0,1;3,,-0.0092,-0.0609
free,R1,g35-k20,g35,B1,-0.0057,-0.11,-0.0096,0.0039,-0.0911,0.0951,0.082,0.7664,0.5249,3,9,0.4191,16.6,0,0,0,1,0,0,1;2;3,2026-08,-0.0105,-0.1034
free,R1,g67-best_flips_60s-k33,g67,B1,-0.0062,-0.12,-0.0096,0.0035,-0.0888,0.0924,0.075,0.6848,0.8015,4,9,0.4983,-25.0,0,1,0,1,0,0,1;3,,-0.0135,-0.1006
free,R1,g69-ofi_60s_lots-k80,g69,B1,-0.0093,-0.18,-0.0096,0.0004,-0.0238,0.022,0.032,0.8531,0.85,3,9,0.3802,-15.5,0,0,0,1,0,0,1;2;3,2026-04,-0.0058,-0.0289
free,R1,g42-k80,g42,B1,-0.0093,-0.18,-0.0096,0.0003,-0.0381,0.0346,0.016,0.7044,0.7496,3,9,0.3798,-4.9,0,1,0,1,0,0,1;3,,-0.0076,-0.0468
free,R1,g69-ofi_60s_lots-k67,g69,B1,-0.0094,-0.18,-0.0096,0.0002,-0.0326,0.0299,0.013,0.8531,0.85,3,9,0.4182,-4.8,0,0,0,1,0,0,1;2;3,2026-04,-0.0055,-0.0382
free,R1,g58-cancel0,g58,B1,-0.0096,-0.18,-0.0096,0.0,0.0,0.0,0.0,1.0,1.0,3,9,0.3848,0.0,0,1,1,1,0,0,1,,0.0,0.0
free,R1,g82-tape_burst_press_30s_bp-k33,g82,B1,-0.0103,-0.2,-0.0096,-0.0007,-0.0822,0.0824,-0.016,0.7447,0.7352,4,9,0.42,-2.6,0,1,0,1,0,0,1;3,,-0.0157,-0.0934
free,R1,g75-k33,g75,B1,-0.0105,-0.2,-0.0096,-0.0009,-0.0894,0.093,-0.019,0.7635,0.5727,4,9,0.3252,-50.7,0,1,0,1,0,0,1;3,,-0.0145,-0.1044
free,R1,g59-tape_press_lots_30s-k33,g59,B1,-0.0109,-0.21,-0.0096,-0.0013,-0.0874,0.0845,-0.03,0.8075,0.7456,4,9,0.435,-53.7,0,1,0,1,0,0,1;3,,-0.016,-0.0973
free,R1,g59-tape_press_lots_15s-k67,g59,B1,-0.0109,-0.21,-0.0096,-0.0012,-0.0564,0.0518,-0.045,0.8075,0.7456,3,9,0.3852,18.6,0,1,0,1,0,0,1;3,,-0.0113,-0.0625
free,R1,g82-tape_burst_press_30s_bp-k67,g82,B1,-0.0108,-0.21,-0.0096,-0.0012,-0.0497,0.0476,-0.047,0.7447,0.7352,3,9,0.4054,6.7,0,0,0,1,0,0,1;2;3,2026-06,-0.0125,-0.0559
free,R1,g44-k33,g44,B1,-0.0119,-0.23,-0.0096,-0.0022,-0.088,0.0811,-0.052,0.7267,0.7616,3,9,0.4609,-24.7,0,1,0,1,0,0,1;3,,-0.0185,-0.1001
free,R1,g59-tape_press_lots_60s-k33,g59,B1,-0.0128,-0.24,-0.0096,-0.0031,-0.0914,0.0858,-0.069,0.8075,0.7456,4,9,0.3929,-56.0,0,1,0,1,0,0,1;3,,-0.0176,-0.101
free,R1,g71-sign_ac_15s_bp-k20,g71,B1,-0.0151,-0.29,-0.0096,-0.0055,-0.1148,0.1043,-0.098,0.8537,0.8812,5,9,0.4189,-67.3,0,0,0,1,0,0,1;2;3,2026-07,-0.0319,-0.1301
free,R1,g44-k80,g44,B1,-0.0116,-0.22,-0.0096,-0.002,-0.0408,0.0352,-0.103,0.7267,0.7616,3,9,0.3836,-38.0,0,1,0,1,0,0,1;3,,-0.0171,-0.0565
free,R1,g59-tape_press_lots_60s-k80,g59,B1,-0.0122,-0.23,-0.0096,-0.0025,-0.0421,0.0376,-0.124,0.8075,0.7456,3,9,0.3891,-4.5,0,0,0,1,0,0,1;2;3,2026-06,-0.0108,-0.047
free,R1,g82-tape_burst_press_30s_bp-k20,g82,B1,-0.0164,-0.31,-0.0096,-0.0068,-0.1082,0.098,-0.13,0.7447,0.7279,3,9,0.4673,-81.7,0,1,0,1,0,0,1;3,,-0.0205,-0.1176
free,R1,g59-tape_press_lots_30s-k50,g59,B1,-0.0141,-0.27,-0.0096,-0.0045,-0.0689,0.0585,-0.136,0.8075,0.7439,3,9,0.3978,-39.6,0,1,0,1,0,0,1;3,,-0.0175,-0.0779
free,R1,g59-tape_press_lots_30s-k67,g59,B1,-0.0135,-0.26,-0.0096,-0.0038,-0.0527,0.0439,-0.154,0.8075,0.7421,3,9,0.3572,-0.5,0,1,0,1,0,0,1;3,,-0.0137,-0.0599
free,R1,g05-c1,g05,B1,-0.0174,-0.33,-0.0096,-0.0078,-0.0809,0.0651,-0.209,0.6884,0.4062,3,9,0.4112,-107.7,0,1,0,1,0,0,1;3,,-0.0226,-0.0944
free,R1,g44-k50,g44,B1,-0.016,-0.31,-0.0096,-0.0064,-0.0669,0.0522,-0.21,0.7267,0.7467,3,9,0.4351,-84.5,0,1,0,1,0,0,1;3,,-0.0216,-0.0821
free,R1,g43-best_move_1s_cbps-k67,g43,B1,-0.012,-0.23,-0.0096,-0.0024,-0.0241,0.0177,-0.226,0.8393,0.7876,3,9,0.362,-24.9,0,1,0,1,0,0,1;3,,-0.0062,-0.0283
free,R1,g69-ofi_60s_lots-k33,g69,B1,-0.0175,-0.34,-0.0096,-0.0079,-0.0755,0.0568,-0.232,0.8778,0.7827,3,9,0.4126,-56.1,0,0,0,1,0,0,1;2;3,2026-04,-0.02,-0.0853
free,R1,g71-sign_ac_15s_bp-k33,g71,B1,-0.0206,-0.39,-0.0096,-0.011,-0.0952,0.0729,-0.257,0.8713,0.8432,4,9,0.3296,-100.7,0,0,0,1,0,0,1;2;3,2026-08,-0.0263,-0.106
free,R1,g04-k20,g04,B1,-0.0207,-0.4,-0.0096,-0.0111,-0.0898,0.0735,-0.267,0.8638,0.6774,3,9,0.456,-100.3,0,1,0,1,0,0,1;3,,-0.0256,-0.1003
free,R2,e117-g0.5-T1,e117,B3,-0.0336,-0.64,-0.0261,-0.0075,-0.0581,0.0446,-0.288,0.8259,0.5487,4,9,0.3752,-2.6,0,1,0,1,0,0,1;3,,-0.0215,-0.067
free,R1,g43-best_move_1s_cbps-k80,g43,B1,-0.0127,-0.24,-0.0096,-0.003,-0.0201,0.013,-0.361,0.8491,0.7668,3,9,0.3634,-15.2,0,1,0,1,0,0,1;3,,-0.0061,-0.0228
free,R1,g83-conj-k80,g83,B1,-0.0107,-0.21,-0.0096,-0.0011,-0.0068,0.0049,-0.367,0.8231,0.6978,3,9,0.3694,-7.2,0,1,0,1,0,0,1;3,,-0.0039,-0.0088
free,R1,g71-sign_ac_60s_bp-k50,g71,B1,-0.0222,-0.42,-0.0096,-0.0125,-0.0771,0.0481,-0.393,0.88,0.8115,3,9,0.3918,-73.7,0,0,0,1,0,0,1;2;3,2026-04,-0.021,-0.0843
free,R1,g59-tape_press_lots_15s-k33,g59,B1,-0.0265,-0.51,-0.0096,-0.0169,-0.1001,0.062,-0.409,0.8535,0.6506,4,9,0.4471,-90.1,0,1,0,1,0,0,1;3,,-0.031,-0.1095
free,R1,g67-best_flips_15s-k67,g67,B1,-0.0202,-0.39,-0.0096,-0.0106,-0.0582,0.0382,-0.429,0.751,0.6442,3,9,0.4015,-19.7,0,0,0,1,0,0,1;2;3,2026-01,-0.0172,-0.0665
free,R1,g67-best_flips_15s-k80,g67,B1,-0.0172,-0.33,-0.0096,-0.0076,-0.0418,0.0267,-0.434,0.751,0.6442,3,9,0.371,-41.6,0,0,0,1,0,0,1;2;3,2026-01;2026-07,-0.0133,-0.0472
free,R1,g64-drift-k33,g64,B1,-0.0255,-0.49,-0.0096,-0.0158,-0.0812,0.052,-0.465,0.8493,0.4815,3,9,0.4538,-141.0,0,1,0,1,0,0,1;3,,-0.0286,-0.0927
free,R1,g42-k50,g42,B1,-0.0232,-0.44,-0.0096,-0.0136,-0.0696,0.0411,-0.484,0.7889,0.5723,3,9,0.4316,-102.2,0,1,0,1,0,0,1;3,,-0.0208,-0.0762
free,R1,g64-drift-k50,g64,B1,-0.0233,-0.45,-0.0096,-0.0137,-0.0669,0.0436,-0.484,0.8493,0.4815,4,9,0.4113,-127.3,0,0,0,1,0,0,1;2;3,2026-02,-0.0232,-0.0746
free,R1,g69-ofi_60s_lots-k50,g69,B1,-0.0217,-0.41,-0.0096,-0.0121,-0.0603,0.034,-0.501,0.902,0.6891,3,9,0.4253,-70.2,0,0,0,1,0,0,1;2;3,2026-04,-0.0205,-0.0697
free,R1,g59-tape_press_lots_60s-k67,g59,B1,-0.0232,-0.44,-0.0096,-0.0135,-0.0651,0.0369,-0.517,0.8535,0.6111,3,9,0.4268,-71.8,0,1,0,1,0,0,1;3,,-0.0235,-0.073
free,R1,g71-sign_ac_60s_bp-k80,g71,B1,-0.0177,-0.34,-0.0096,-0.008,-0.0384,0.0224,-0.52,0.8819,0.801,3,9,0.3838,-49.7,0,0,0,1,0,0,1;2;3,2026-04,-0.0148,-0.0437
free,R1,g64-drift-k67,g64,B1,-0.0209,-0.4,-0.0096,-0.0112,-0.0527,0.0315,-0.521,0.8493,0.4815,4,9,0.4028,-99.3,0,0,0,1,0,0,1;2;3,2026-02,-0.0208,-0.0589
free,R1,g82-tape_burst_press_30s_bp-k80,g82,B1,-0.0203,-0.39,-0.0096,-0.0106,-0.0476,0.028,-0.548,0.7447,0.5809,3,9,0.352,-54.6,0,0,0,1,0,0,1;2;3,2026-06,-0.019,-0.0515
free,R1,g59-tape_press_lots_15s-k80,g59,B1,-0.0209,-0.4,-0.0096,-0.0113,-0.0481,0.0241,-0.609,0.8535,0.5835,3,9,0.4228,-48.3,0,1,0,1,0,0,1;3,,-0.0159,-0.0516
free,R1,g68-obi1_bp-k50,g68,B1,-0.0275,-0.53,-0.0096,-0.0179,-0.0717,0.0403,-0.623,0.9904,0.8118,3,9,0.3809,-95.2,0,1,0,1,0,0,1;3,,-0.0293,-0.0786
free,R2,e117-g1-T1d2,e117,B3,-0.0452,-0.86,-0.0261,-0.0191,-0.077,0.0389,-0.65,0.8906,0.4454,3,9,0.3682,-61.4,0,1,0,1,0,0,1;3,,-0.0383,-0.0899
free,R2,e117-g2-T1d2,e117,B3,-0.0446,-0.85,-0.0261,-0.0186,-0.0745,0.0373,-0.65,0.8906,0.4454,4,9,0.3721,-68.6,0,0,0,1,0,0,1;2;3,2026-05,-0.0332,-0.0876
free,R1,g68-obi1_bp-k67,g68,B1,-0.0225,-0.43,-0.0096,-0.0128,-0.0496,0.0257,-0.663,0.9906,0.8097,4,9,0.4174,-72.8,0,1,0,1,0,0,1;3,,-0.0211,-0.0547
free,R2,e114-halflevel-f1d2,e114,B1,-0.0064,-0.12,0.0074,-0.0138,-0.0546,0.0264,-0.668,0.7949,0.3728,6,9,0.365,-77.7,0,0,0,1,0,0,1;2;3,2026-02;2026-03;2026-09,-0.0264,-0.068
free,R1,g35-k33,g35,B1,-0.038,-0.73,-0.0096,-0.0284,-0.1086,0.0568,-0.671,0.928,0.3265,3,9,0.39,-74.0,0,0,0,1,0,0,1;2;3,2026-08,-0.0451,-0.1186
free,R1,g06-slow,g06,B1,-0.0305,-0.58,-0.0096,-0.0208,-0.0836,0.0358,-0.688,0.7588,0.2412,3,9,0.398,-101.7,0,0,0,1,0,0,1;2;3,2026-06,-0.0353,-0.0938
free,R1,g69-ofi_10s_lots-k50,g69,B1,-0.0261,-0.5,-0.0096,-0.0165,-0.0627,0.026,-0.725,0.906,0.6181,3,9,0.4044,-139.0,0,0,0,1,0,0,1;2;3,2026-04,-0.0272,-0.0697
free,R2,g87-n3,g87,B1g,-0.009,-0.17,0.0079,-0.0168,-0.0625,0.0287,-0.725,0.8324,0.2448,4,9,0.4562,-74.9,0,0,0,1,0,0,1;2;3,2026-05,-0.0271,-0.0693
free,R1,g39-k80,g39,B1,-0.0271,-0.52,-0.0096,-0.0175,-0.0645,0.0293,-0.728,0.9352,0.2326,3,9,0.4026,-129.4,0,0,0,1,0,0,1;2;3,2026-04,-0.025,-0.072
free,R1,g71-sign_ac_60s_bp-k67,g71,B1,-0.0281,-0.54,-0.0096,-0.0185,-0.0639,0.0279,-0.79,0.9133,0.6886,3,9,0.4115,-99.3,0,0,0,1,0,0,1;2;3,2026-04,-0.0295,-0.073
free,R1,g05-c3,g05,B1,-0.0521,-1.0,-0.0096,-0.0425,-0.1498,0.0611,-0.795,0.7882,0.2836,4,9,0.373,-211.5,0,1,0,1,0,0,1;3,,-0.0557,-0.1641
free,R1,g100-micro0,g100,B1,-0.0383,-0.73,-0.0096,-0.0286,-0.0955,0.0421,-0.817,0.8035,0.1965,4,9,0.3385,-119.4,0,1,0,1,0,0,1;3,,-0.038,-0.1026
free,R1,g69-ofi_10s_lots-k67,g69,B1,-0.024,-0.46,-0.0096,-0.0144,-0.0474,0.0197,-0.844,0.906,0.5764,3,9,0.394,-107.6,0,1,0,1,0,0,1;3,,-0.0232,-0.0557
free,R1,g35-k50,g35,B1,-0.0373,-0.71,-0.0096,-0.0276,-0.0898,0.0372,-0.85,0.928,0.3265,3,9,0.4023,-142.7,0,0,0,1,0,0,1;2;3,2026-04,-0.0373,-0.0981
free,R2,g87-n4,g87,B1g,-0.0137,-0.26,0.0079,-0.0216,-0.0713,0.0267,-0.861,0.8522,0.2448,4,9,0.4402,-91.5,0,1,0,1,0,0,1;3,,-0.0316,-0.0788
free,R1,g71-sign_ac_15s_bp-k50,g71,B1,-0.0341,-0.65,-0.0096,-0.0244,-0.0799,0.0306,-0.862,0.9133,0.6596,3,9,0.3411,-166.2,0,1,0,1,0,0,1;3,,-0.0326,-0.0865
free,R1,g83-conj-k50,g83,B1,-0.0169,-0.32,-0.0096,-0.0072,-0.0236,0.0091,-0.865,0.8231,0.5268,3,9,0.3795,-26.7,0,1,0,1,0,0,1;3,,-0.0117,-0.0266
free,R2,g87-n2,g87,B1g,-0.0106,-0.2,0.0079,-0.0184,-0.0596,0.0228,-0.879,0.8522,0.2448,4,9,0.4357,-84.4,0,0,0,1,0,0,1;2;3,2026-05;2026-08,-0.0281,-0.0661
free,R1,g75-k50,g75,B1,-0.0395,-0.76,-0.0096,-0.0299,-0.094,0.0359,-0.895,0.9354,0.2971,3,9,0.3647,-192.9,0,1,0,1,0,0,1;3,,-0.0398,-0.1035
free,R1,g42-k67,g42,B1,-0.0301,-0.57,-0.0096,-0.0204,-0.065,0.0235,-0.901,0.8146,0.4064,4,9,0.4115,-124.5,0,1,0,1,0,0,1;3,,-0.0269,-0.0702
free,R1,g71-sign_ac_15s_bp-k67,g71,B1,-0.0288,-0.55,-0.0096,-0.0191,-0.06,0.0214,-0.919,0.9133,0.6432,3,9,0.3493,-119.7,0,1,0,1,0,0,1;3,,-0.028,-0.0661
free,R1,g04-k80,g04,B1,-0.0241,-0.46,-0.0096,-0.0144,-0.0445,0.0134,-0.979,0.8638,0.4098,3,9,0.3575,-98.7,0,0,0,1,0,0,1;2;3,2026-05,-0.02,-0.049
free,R1,g68-obi50_bp-k67,g68,B1,-0.036,-0.69,-0.0096,-0.0263,-0.0751,0.0248,-1.035,0.9969,0.6644,4,9,0.4408,-170.7,0,0,0,1,0,0,1;2;3,2026-04,-0.0333,-0.0815
free,R2,g87-n5,g87,B1g,-0.0187,-0.36,0.0079,-0.0266,-0.077,0.0227,-1.037,0.8522,0.2067,4,9,0.4421,-107.2,0,1,0,1,0,0,1;3,,-0.035,-0.0839
free,R1,g68-obi50_bp-k33,g68,B1,-0.0656,-1.25,-0.0096,-0.056,-0.1584,0.0461,-1.072,0.9969,0.6529,4,9,0.4643,-183.9,0,1,0,1,0,0,1;3,,-0.0725,-0.172
free,R2,e117-g2-T1d4,e117,B3,-0.063,-1.2,-0.0261,-0.037,-0.1004,0.0291,-1.132,0.9375,0.2772,3,9,0.3584,-133.4,0,1,0,1,0,0,1;3,,-0.0617,-0.1231
free,R1,g35-k80,g35,B1,-0.0259,-0.5,-0.0096,-0.0163,-0.043,0.0113,-1.182,0.9425,0.2588,3,9,0.3835,-94.8,0,0,0,1,0,0,1;2;3,2026-04,-0.0218,-0.0477
free,R1,g63-k80,g63,B1,-0.0257,-0.49,-0.0096,-0.0161,-0.0432,0.0096,-1.202,0.9298,0.2722,3,9,0.4212,-105.6,0,1,0,1,0,0,1;3,,-0.0259,-0.0517
free,R1,g69-ofi_10s_lots-k80,g69,B1,-0.0247,-0.47,-0.0096,-0.0151,-0.0403,0.0086,-1.212,0.906,0.4326,3,9,0.3763,-103.6,0,0,0,1,0,0,1;2;3,2026-01;2026-04;2026-05,-0.0222,-0.0454
free,R1,g59-tape_press_lots_30s-k80,g59,B1,-0.0336,-0.64,-0.0096,-0.024,-0.0595,0.012,-1.3,0.9061,0.3041,3,9,0.4138,-129.8,0,0,0,1,0,0,1;2;3,2026-06,-0.0307,-0.0638
free,R2,e117-g0.5-T1d2,e117,B3,-0.0676,-1.29,-0.0261,-0.0415,-0.1017,0.0193,-1.334,0.9569,0.2165,4,9,0.3686,-172.4,0,1,0,1,0,0,1;3,,-0.0605,-0.1191
free,R1,g63-k67,g63,B1,-0.0337,-0.64,-0.0096,-0.0241,-0.0609,0.0088,-1.349,0.9298,0.2341,3,9,0.4248,-164.4,0,1,0,1,0,0,1;3,,-0.0323,-0.0685
free,R1,g68-obi50_bp-k80,g68,B1,-0.0319,-0.61,-0.0096,-0.0222,-0.0544,0.0085,-1.376,0.9987,0.5093,2,9,0.4373,-153.5,0,0,0,1,0,0,1;2;3,2026-01;2026-05,-0.0283,-0.0605
free,R1,g75-k67,g75,B1,-0.0466,-0.89,-0.0096,-0.037,-0.0874,0.0164,-1.405,0.9609,0.1681,4,9,0.406,-228.1,0,1,0,1,0,0,1;3,,-0.0458,-0.0948
free,R1,g64-drift-k80,g64,B1,-0.036,-0.69,-0.0096,-0.0263,-0.0625,0.0101,-1.415,0.925,0.1757,4,9,0.4269,-215.6,0,1,0,1,0,0,1;3,,-0.0354,-0.0697
free,R1,g43-best_move_10s_cbps-k67,g43,B1,-0.0478,-0.91,-0.0096,-0.0382,-0.0919,0.0125,-1.434,0.9664,0.2997,3,9,0.3942,-235.0,0,0,0,1,0,0,1;2;3,2026-01,-0.0452,-0.0984
free,R1,g35-k67,g35,B1,-0.0473,-0.9,-0.0096,-0.0377,-0.0871,0.0128,-1.481,0.9425,0.1735,3,9,0.4135,-222.6,0,0,0,1,0,0,1;2;3,2026-04,-0.0483,-0.0952
free,R1,g68-obi50_bp-k50,g68,B1,-0.0653,-1.25,-0.0096,-0.0557,-0.1264,0.0192,-1.492,0.9987,0.4497,4,9,0.5084,-263.3,0,1,0,1,0,0,1;3,,-0.0647,-0.1347
free,R1,g43-best_move_10s_cbps-k50,g43,B1,-0.0533,-1.02,-0.0096,-0.0436,-0.0978,0.0068,-1.636,0.9783,0.2298,3,9,0.3942,-263.6,0,0,0,1,0,0,1;2;3,2026-01,-0.0507,-0.1041
free,R1,g43-best_move_10s_cbps-k80,g43,B1,-0.0403,-0.77,-0.0096,-0.0307,-0.0666,0.0059,-1.658,0.9783,0.2298,3,9,0.3794,-211.6,0,0,0,1,0,0,1;2;3,2026-01,-0.0366,-0.0723
free,R2,e117-g1-T1d4,e117,B3,-0.0848,-1.62,-0.0261,-0.0587,-0.1237,0.0086,-1.75,0.9728,0.1125,3,9,0.3945,-235.3,0,1,0,1,0,0,1;3,,-0.0831,-0.148
free,R1,g39-k50,g39,B1,-0.0868,-1.66,-0.0096,-0.0771,-0.1612,0.011,-1.767,0.9952,0.0622,2,9,0.487,-367.3,0,0,0,1,0,0,1;2;3,2026-04,-0.0916,-0.1758
free,R1,g39-k33,g39,B1,-0.1134,-2.17,-0.0096,-0.1038,-0.2074,0.0057,-1.906,0.9963,0.0568,3,9,0.5139,-437.3,0,0,0,1,0,0,1;2;3,2026-03;2026-04,-0.1174,-0.2157
free,R1,g68-obi1_bp-k33,g68,B1,-0.0898,-1.72,-0.0096,-0.0802,-0.1547,-0.0047,-2.072,0.9987,0.1867,3,9,0.4627,-330.8,0,1,0,1,0,0,1;3,,-0.0933,-0.1676
free,R2,e117-g0.5-T1d4,e117,B3,-0.0994,-1.9,-0.0261,-0.0734,-0.1406,-0.0034,-2.102,0.984,0.0576,3,9,0.4149,-298.9,0,1,0,1,0,0,1;3,,-0.0971,-0.1654
free,R1,g43-best_move_10s_cbps-k33,g43,B1,-0.0686,-1.31,-0.0096,-0.0589,-0.1144,-0.0073,-2.16,0.9813,0.094,3,9,0.4285,-338.4,0,0,0,1,0,0,1;2;3,2026-01,-0.0667,-0.121
free,R1,g75-k80,g75,B1,-0.0554,-1.06,-0.0096,-0.0457,-0.0848,-0.0063,-2.303,0.9882,0.0308,3,9,0.403,-306.6,0,1,0,1,0,0,1;3,,-0.0535,-0.0902
free,R1,g68-obi1_bp-k20,g68,B1,-0.1102,-2.1,-0.0096,-0.1005,-0.1821,-0.0173,-2.386,0.9987,0.0995,3,9,0.4591,-334.3,0,1,0,1,0,0,1;3,,-0.1127,-0.1968
free,R2,e114-halflevel-f3d4,e114,B1,-0.0647,-1.24,0.0074,-0.0721,-0.1333,-0.0189,-2.474,0.9886,0.0205,4,9,0.4362,-211.4,0,0,0,1,0,0,1;2;3,2026-01;2026-02;2026-03;2026-09,-0.0795,-0.1411
free,R1,g39-k67,g39,B1,-0.0914,-1.75,-0.0096,-0.0817,-0.137,-0.027,-2.897,0.9998,0.0063,3,9,0.476,-429.6,0,0,0,1,0,0,1;2;3,2026-04,-0.0951,-0.1484
free,R1,g39-k20,g39,B1,-0.1611,-3.08,-0.0096,-0.1515,-0.2422,-0.0541,-3.139,0.9998,0.0031,2,9,0.5459,-504.8,0,0,0,1,0,0,1;2;3,2026-02;2026-04,-0.1683,-0.2569
free,R2,e119-tol1,e119,B1,-0.1598,-3.05,0.0074,-0.1672,-0.2337,-0.1027,-5.033,1.0,0.0,2,9,0.544,-847.1,0,0,0,1,0,1,1;2;3,2026-03;2026-07;2026-08;2026-09,-0.1797,-0.2471
free,R2,e119-tol0,e119,B1,-0.1664,-3.18,0.0074,-0.1738,-0.2419,-0.109,-5.12,1.0,0.0,2,9,0.5408,-873.9,0,0,0,1,0,1,1;2;3,2026-03;2026-04;2026-07;2026-08;2026-09,-0.1873,-0.2548
free,R2,e119-tol2,e119,B1,-0.187,-3.57,0.0074,-0.1943,-0.2599,-0.1287,-5.844,1.0,0.0,1,9,0.579,-908.4,0,0,0,1,0,1,1;2;3,2026-03;2026-04;2026-07;2026-08;2026-09,-0.2073,-0.2741
free,R2,g92-N5-u1d3,g92,B1,-0.1996,-3.81,0.0074,-0.207,-0.2727,-0.1416,-6.168,1.0,0.0,2,9,0.6138,-963.8,0,0,0,1,0,1,1;2;3,2026-03;2026-06;2026-08;2026-09,-0.2185,-0.2842
free,R2,g92-N5-u2d3,g92,B1,-0.2002,-3.82,0.0074,-0.2076,-0.2733,-0.1427,-6.2,1.0,0.0,2,9,0.5789,-960.4,0,0,0,1,0,1,1;2;3,2026-03;2026-05;2026-06;2026-08;2026-09,-0.2189,-0.2855
free,R2,g92-N5-u1,g92,B1,-0.2068,-3.95,0.0074,-0.2142,-0.2817,-0.149,-6.308,1.0,0.0,2,9,0.5796,-984.1,0,0,0,1,0,1,1;2;3,2026-03;2026-06;2026-08;2026-09,-0.2254,-0.2942
free,R2,g92-N4-u1d3,g92,B1,-0.2099,-4.01,0.0074,-0.2173,-0.2801,-0.1554,-6.826,1.0,0.0,2,9,0.6087,-982.5,0,0,0,1,0,1,1;2;3,2026-01;2026-03;2026-05;2026-06;2026-09,-0.2285,-0.292
free,R2,g92-N4-u2d3,g92,B1,-0.2183,-4.17,0.0074,-0.2257,-0.2897,-0.1637,-7.067,1.0,0.0,2,9,0.5906,-1013.3,0,0,0,1,0,1,1;2;3,2026-01;2026-03;2026-05;2026-06;2026-07;2026-09,-0.2368,-0.3018
free,R2,g92-N4-u1,g92,B1,-0.226,-4.32,0.0074,-0.2334,-0.3,-0.1704,-7.149,1.0,0.0,2,9,0.6274,-1043.5,0,0,0,1,0,1,1;2;3,2026-01;2026-03;2026-04;2026-05;2026-06;2026-07;2026-09,-0.2443,-0.3117
free,R2,g92-N3-u1d3,g92,B1,-0.2264,-4.33,0.0074,-0.2338,-0.2978,-0.1709,-7.227,1.0,0.0,2,9,0.5895,-982.8,0,0,0,1,0,1,1;2;3,2026-01;2026-03;2026-04;2026-05;2026-07;2026-09,-0.2476,-0.3104
free,R2,g92-N3-u1,g92,B1,-0.237,-4.53,0.0074,-0.2444,-0.3076,-0.1826,-7.691,1.0,0.0,1,9,0.6117,-1014.5,0,0,0,1,0,1,1;2;3,2026-01;2026-03;2026-04;2026-05;2026-06;2026-07;2026-09,-0.2579,-0.3198
free,R2,g92-N3-u2d3,g92,B1,-0.2376,-4.54,0.0074,-0.245,-0.3062,-0.1841,-7.868,1.0,0.0,1,9,0.5846,-1021.3,0,0,0,1,0,1,1;2;3,2026-01;2026-03;2026-04;2026-05;2026-06;2026-07;2026-09,-0.2587,-0.319
