family,class,cell,axes
g92,R2,g92-N3-u1d3,N=3;u=1/3;K=5
g92,R2,g92-N3-u2d3,N=3;u=2/3;K=5
g92,R2,g92-N3-u1,N=3;u=1;K=5
g92,R2,g92-N4-u1d3,N=4;u=1/3;K=5
g92,R2,g92-N4-u2d3,N=4;u=2/3;K=5
g92,R2,g92-N4-u1,N=4;u=1;K=5
g92,R2,g92-N5-u1d3,N=5;u=1/3;K=5
g92,R2,g92-N5-u2d3,N=5;u=2/3;K=5
g92,R2,g92-N5-u1,N=5;u=1;K=5
g93,R2,g93-u1d3-K1,u=1/3;K=1
g93,R2,g93-u1d3-K2,u=1/3;K=2
g93,R2,g93-u1d3-K3,u=1/3;K=3
g93,R2,g93-u2d3-K1,u=2/3;K=1
g93,R2,g93-u2d3-K2,u=2/3;K=2
g93,R2,g93-u2d3-K3,u=2/3;K=3
g93,R2,g93-u1-K1,u=1;K=1
g93,R2,g93-u1-K2,u=1;K=2
g93,R2,g93-u1-K3,u=1;K=3
g94,R2,g94-n2,n=2
g94,R2,g94-n3,n=3
g94,R2,g94-n4,n=4
g94,R2,g94-n5,n=5
g87,R2,g87-n2,n=2
g87,R2,g87-n3,n=3
g87,R2,g87-n4,n=4
g87,R2,g87-n5,n=5
g95,R2,g95-w3,w=3
g95,R2,g95-w4,w=4
g95,R2,g95-w5,w=5
e112,R2,e112-W15-q33,W=15;q=33
e112,R2,e112-W15-q50,W=15;q=50
e112,R2,e112-W15-q67,W=15;q=67
e112,R2,e112-W15-q80,W=15;q=80
e112,R2,e112-W30-q33,W=30;q=33
e112,R2,e112-W30-q50,W=30;q=50
e112,R2,e112-W30-q67,W=30;q=67
e112,R2,e112-W30-q80,W=30;q=80
e112,R2,e112-W60-q33,W=60;q=33
e112,R2,e112-W60-q50,W=60;q=50
e112,R2,e112-W60-q67,W=60;q=67
e112,R2,e112-W60-q80,W=60;q=80
e116,R2,e116-W15-q33,W=15;q=33
e116,R2,e116-W15-q50,W=15;q=50
e116,R2,e116-W15-q67,W=15;q=67
e116,R2,e116-W15-q80,W=15;q=80
e116,R2,e116-W30-q33,W=30;q=33
e116,R2,e116-W30-q50,W=30;q=50
e116,R2,e116-W30-q67,W=30;q=67
e116,R2,e116-W30-q80,W=30;q=80
e116,R2,e116-W60-q33,W=60;q=33
e116,R2,e116-W60-q50,W=60;q=50
e116,R2,e116-W60-q67,W=60;q=67
e116,R2,e116-W60-q80,W=60;q=80
e119,R2,e119-tol0,tol_ticks=0
e119,R2,e119-tol1,tol_ticks=1
e119,R2,e119-tol2,tol_ticks=2
e106,R2,e106-act0.5,x=0.5
e106,R2,e106-act1,x=1
e106,R2,e106-act2,x=2
e114,R2,e114-halfstop-f1d4,trigger=halfstop;f=1/4
e114,R2,e114-halfstop-f1d2,trigger=halfstop;f=1/2
e114,R2,e114-halfstop-f3d4,trigger=halfstop;f=3/4
e114,R2,e114-halflevel-f1d4,trigger=halflevel;f=1/4
e114,R2,e114-halflevel-f1d2,trigger=halflevel;f=1/2
e114,R2,e114-halflevel-f3d4,trigger=halflevel;f=3/4
e117,R2,e117-g0.5-T1d4,gamma=0.5;T=1/4
e117,R2,e117-g0.5-T1d2,gamma=0.5;T=1/2
e117,R2,e117-g0.5-T1,gamma=0.5;T=1
e117,R2,e117-g1-T1d4,gamma=1;T=1/4
e117,R2,e117-g1-T1d2,gamma=1;T=1/2
e117,R2,e117-g1-T1,gamma=1;T=1
e117,R2,e117-g2-T1d4,gamma=2;T=1/4
e117,R2,e117-g2-T1d2,gamma=2;T=1/2
e117,R2,e117-g2-T1,gamma=2;T=1
e133,R2,e133-w0.5,a=0.5
e133,R2,e133-w1,a=1
e133,R2,e133-w2,a=2
e65,R2,e65-t2,offset=-1tick
e65,R2,e65-t2x,offset=+1tick
g59,R1,g59-tape_press_lots_15s-q20,col=tape_press_lots_15s;keep_q=20
g59,R1,g59-tape_press_lots_15s-q33,col=tape_press_lots_15s;keep_q=33
g59,R1,g59-tape_press_lots_15s-q50,col=tape_press_lots_15s;keep_q=50
g59,R1,g59-tape_press_lots_15s-q67,col=tape_press_lots_15s;keep_q=67
g59,R1,g59-tape_press_lots_15s-q80,col=tape_press_lots_15s;keep_q=80
g59,R1,g59-tape_press_lots_30s-q20,col=tape_press_lots_30s;keep_q=20
g59,R1,g59-tape_press_lots_30s-q33,col=tape_press_lots_30s;keep_q=33
g59,R1,g59-tape_press_lots_30s-q50,col=tape_press_lots_30s;keep_q=50
g59,R1,g59-tape_press_lots_30s-q67,col=tape_press_lots_30s;keep_q=67
g59,R1,g59-tape_press_lots_30s-q80,col=tape_press_lots_30s;keep_q=80
g59,R1,g59-tape_press_lots_60s-q20,col=tape_press_lots_60s;keep_q=20
g59,R1,g59-tape_press_lots_60s-q33,col=tape_press_lots_60s;keep_q=33
g59,R1,g59-tape_press_lots_60s-q50,col=tape_press_lots_60s;keep_q=50
g59,R1,g59-tape_press_lots_60s-q67,col=tape_press_lots_60s;keep_q=67
g59,R1,g59-tape_press_lots_60s-q80,col=tape_press_lots_60s;keep_q=80
g75,R1,g75-tape_all_lots_15s-q20,col=tape_all_lots_15s;keep_q=20
g75,R1,g75-tape_all_lots_15s-q33,col=tape_all_lots_15s;keep_q=33
g75,R1,g75-tape_all_lots_15s-q50,col=tape_all_lots_15s;keep_q=50
g75,R1,g75-tape_all_lots_15s-q67,col=tape_all_lots_15s;keep_q=67
g75,R1,g75-tape_all_lots_15s-q80,col=tape_all_lots_15s;keep_q=80
g70,R1,g70-vpin_bp-q20,col=vpin_bp;keep_q=20
g70,R1,g70-vpin_bp-q33,col=vpin_bp;keep_q=33
g70,R1,g70-vpin_bp-q50,col=vpin_bp;keep_q=50
g70,R1,g70-vpin_bp-q67,col=vpin_bp;keep_q=67
g70,R1,g70-vpin_bp-q80,col=vpin_bp;keep_q=80
g71,R1,g71-sign_ac_15s_bp-q20,col=sign_ac_15s_bp;keep_q=20
g71,R1,g71-sign_ac_15s_bp-q33,col=sign_ac_15s_bp;keep_q=33
g71,R1,g71-sign_ac_15s_bp-q50,col=sign_ac_15s_bp;keep_q=50
g71,R1,g71-sign_ac_15s_bp-q67,col=sign_ac_15s_bp;keep_q=67
g71,R1,g71-sign_ac_15s_bp-q80,col=sign_ac_15s_bp;keep_q=80
g71,R1,g71-sign_ac_60s_bp-q20,col=sign_ac_60s_bp;keep_q=20
g71,R1,g71-sign_ac_60s_bp-q33,col=sign_ac_60s_bp;keep_q=33
g71,R1,g71-sign_ac_60s_bp-q50,col=sign_ac_60s_bp;keep_q=50
g71,R1,g71-sign_ac_60s_bp-q67,col=sign_ac_60s_bp;keep_q=67
g71,R1,g71-sign_ac_60s_bp-q80,col=sign_ac_60s_bp;keep_q=80
g68,R1,g68-obi1_bp-q20,col=obi1_bp;keep_q=20
g68,R1,g68-obi1_bp-q33,col=obi1_bp;keep_q=33
g68,R1,g68-obi1_bp-q50,col=obi1_bp;keep_q=50
g68,R1,g68-obi1_bp-q67,col=obi1_bp;keep_q=67
g68,R1,g68-obi1_bp-q80,col=obi1_bp;keep_q=80
g68,R1,g68-obi5_bp-q20,col=obi5_bp;keep_q=20
g68,R1,g68-obi5_bp-q33,col=obi5_bp;keep_q=33
g68,R1,g68-obi5_bp-q50,col=obi5_bp;keep_q=50
g68,R1,g68-obi5_bp-q67,col=obi5_bp;keep_q=67
g68,R1,g68-obi5_bp-q80,col=obi5_bp;keep_q=80
g68,R1,g68-obi10_bp-q20,col=obi10_bp;keep_q=20
g68,R1,g68-obi10_bp-q33,col=obi10_bp;keep_q=33
g68,R1,g68-obi10_bp-q50,col=obi10_bp;keep_q=50
g68,R1,g68-obi10_bp-q67,col=obi10_bp;keep_q=67
g68,R1,g68-obi10_bp-q80,col=obi10_bp;keep_q=80
g68,R1,g68-obi50_bp-q20,col=obi50_bp;keep_q=20
g68,R1,g68-obi50_bp-q33,col=obi50_bp;keep_q=33
g68,R1,g68-obi50_bp-q50,col=obi50_bp;keep_q=50
g68,R1,g68-obi50_bp-q67,col=obi50_bp;keep_q=67
g68,R1,g68-obi50_bp-q80,col=obi50_bp;keep_q=80
g69,R1,g69-ofi_10s_lots-q20,col=ofi_10s_lots;keep_q=20
g69,R1,g69-ofi_10s_lots-q33,col=ofi_10s_lots;keep_q=33
g69,R1,g69-ofi_10s_lots-q50,col=ofi_10s_lots;keep_q=50
g69,R1,g69-ofi_10s_lots-q67,col=ofi_10s_lots;keep_q=67
g69,R1,g69-ofi_10s_lots-q80,col=ofi_10s_lots;keep_q=80
g69,R1,g69-ofi_60s_lots-q20,col=ofi_60s_lots;keep_q=20
g69,R1,g69-ofi_60s_lots-q33,col=ofi_60s_lots;keep_q=33
g69,R1,g69-ofi_60s_lots-q50,col=ofi_60s_lots;keep_q=50
g69,R1,g69-ofi_60s_lots-q67,col=ofi_60s_lots;keep_q=67
g69,R1,g69-ofi_60s_lots-q80,col=ofi_60s_lots;keep_q=80
g139,R1,g139-obi50_bp-q20,col=obi50_bp;keep_q=20
g139,R1,g139-obi50_bp-q33,col=obi50_bp;keep_q=33
g139,R1,g139-obi50_bp-q50,col=obi50_bp;keep_q=50
g139,R1,g139-obi50_bp-q67,col=obi50_bp;keep_q=67
g139,R1,g139-obi50_bp-q80,col=obi50_bp;keep_q=80
g67,R1,g67-best_flips_15s-q20,col=best_flips_15s;keep_q=20
g67,R1,g67-best_flips_15s-q33,col=best_flips_15s;keep_q=33
g67,R1,g67-best_flips_15s-q50,col=best_flips_15s;keep_q=50
g67,R1,g67-best_flips_15s-q67,col=best_flips_15s;keep_q=67
g67,R1,g67-best_flips_15s-q80,col=best_flips_15s;keep_q=80
g67,R1,g67-best_flips_60s-q20,col=best_flips_60s;keep_q=20
g67,R1,g67-best_flips_60s-q33,col=best_flips_60s;keep_q=33
g67,R1,g67-best_flips_60s-q50,col=best_flips_60s;keep_q=50
g67,R1,g67-best_flips_60s-q67,col=best_flips_60s;keep_q=67
g67,R1,g67-best_flips_60s-q80,col=best_flips_60s;keep_q=80
g63,R1,g63-frontrun_delta_10s_lots-q20,col=frontrun_delta_10s_lots;keep_q=20
g63,R1,g63-frontrun_delta_10s_lots-q33,col=frontrun_delta_10s_lots;keep_q=33
g63,R1,g63-frontrun_delta_10s_lots-q50,col=frontrun_delta_10s_lots;keep_q=50
g63,R1,g63-frontrun_delta_10s_lots-q67,col=frontrun_delta_10s_lots;keep_q=67
g63,R1,g63-frontrun_delta_10s_lots-q80,col=frontrun_delta_10s_lots;keep_q=80
g35,R1,g35-front_add_max_lots-q20,col=front_add_max_lots;keep_q=20
g35,R1,g35-front_add_max_lots-q33,col=front_add_max_lots;keep_q=33
g35,R1,g35-front_add_max_lots-q50,col=front_add_max_lots;keep_q=50
g35,R1,g35-front_add_max_lots-q67,col=front_add_max_lots;keep_q=67
g35,R1,g35-front_add_max_lots-q80,col=front_add_max_lots;keep_q=80
g42,R1,g42-size_share15_bp-q20,col=size_share15_bp;keep_q=20
g42,R1,g42-size_share15_bp-q33,col=size_share15_bp;keep_q=33
g42,R1,g42-size_share15_bp-q50,col=size_share15_bp;keep_q=50
g42,R1,g42-size_share15_bp-q67,col=size_share15_bp;keep_q=67
g42,R1,g42-size_share15_bp-q80,col=size_share15_bp;keep_q=80
g43,R1,g43-best_move_1s_cbps-q20,col=best_move_1s_cbps;keep_q=20
g43,R1,g43-best_move_1s_cbps-q33,col=best_move_1s_cbps;keep_q=33
g43,R1,g43-best_move_1s_cbps-q50,col=best_move_1s_cbps;keep_q=50
g43,R1,g43-best_move_1s_cbps-q67,col=best_move_1s_cbps;keep_q=67
g43,R1,g43-best_move_1s_cbps-q80,col=best_move_1s_cbps;keep_q=80
g43,R1,g43-best_move_10s_cbps-q20,col=best_move_10s_cbps;keep_q=20
g43,R1,g43-best_move_10s_cbps-q33,col=best_move_10s_cbps;keep_q=33
g43,R1,g43-best_move_10s_cbps-q50,col=best_move_10s_cbps;keep_q=50
g43,R1,g43-best_move_10s_cbps-q67,col=best_move_10s_cbps;keep_q=67
g43,R1,g43-best_move_10s_cbps-q80,col=best_move_10s_cbps;keep_q=80
g44,R1,g44-opp_wall_ratio_bp-q20,col=opp_wall_ratio_bp;keep_q=20
g44,R1,g44-opp_wall_ratio_bp-q33,col=opp_wall_ratio_bp;keep_q=33
g44,R1,g44-opp_wall_ratio_bp-q50,col=opp_wall_ratio_bp;keep_q=50
g44,R1,g44-opp_wall_ratio_bp-q67,col=opp_wall_ratio_bp;keep_q=67
g44,R1,g44-opp_wall_ratio_bp-q80,col=opp_wall_ratio_bp;keep_q=80
g82,R1,g82-tape_burst_press_15s_bp-q20,col=tape_burst_press_15s_bp;keep_q=20
g82,R1,g82-tape_burst_press_15s_bp-q33,col=tape_burst_press_15s_bp;keep_q=33
g82,R1,g82-tape_burst_press_15s_bp-q50,col=tape_burst_press_15s_bp;keep_q=50
g82,R1,g82-tape_burst_press_15s_bp-q67,col=tape_burst_press_15s_bp;keep_q=67
g82,R1,g82-tape_burst_press_15s_bp-q80,col=tape_burst_press_15s_bp;keep_q=80
g82,R1,g82-tape_burst_press_30s_bp-q20,col=tape_burst_press_30s_bp;keep_q=20
g82,R1,g82-tape_burst_press_30s_bp-q33,col=tape_burst_press_30s_bp;keep_q=33
g82,R1,g82-tape_burst_press_30s_bp-q50,col=tape_burst_press_30s_bp;keep_q=50
g82,R1,g82-tape_burst_press_30s_bp-q67,col=tape_burst_press_30s_bp;keep_q=67
g82,R1,g82-tape_burst_press_30s_bp-q80,col=tape_burst_press_30s_bp;keep_q=80
g82,R1,g82-tape_burst_press_60s_bp-q20,col=tape_burst_press_60s_bp;keep_q=20
g82,R1,g82-tape_burst_press_60s_bp-q33,col=tape_burst_press_60s_bp;keep_q=33
g82,R1,g82-tape_burst_press_60s_bp-q50,col=tape_burst_press_60s_bp;keep_q=50
g82,R1,g82-tape_burst_press_60s_bp-q67,col=tape_burst_press_60s_bp;keep_q=67
g82,R1,g82-tape_burst_press_60s_bp-q80,col=tape_burst_press_60s_bp;keep_q=80
g04,R1,g04-wall_add_max_lots-q20,col=wall_add_max_lots;keep_q=20
g04,R1,g04-wall_add_max_lots-q33,col=wall_add_max_lots;keep_q=33
g04,R1,g04-wall_add_max_lots-q50,col=wall_add_max_lots;keep_q=50
g04,R1,g04-wall_add_max_lots-q67,col=wall_add_max_lots;keep_q=67
g04,R1,g04-wall_add_max_lots-q80,col=wall_add_max_lots;keep_q=80
g39,R1,g39-cancel_life_lots-q20,col=cancel_life_lots;keep_q=20
g39,R1,g39-cancel_life_lots-q33,col=cancel_life_lots;keep_q=33
g39,R1,g39-cancel_life_lots-q50,col=cancel_life_lots;keep_q=50
g39,R1,g39-cancel_life_lots-q67,col=cancel_life_lots;keep_q=67
g39,R1,g39-cancel_life_lots-q80,col=cancel_life_lots;keep_q=80
g73-conj,R1,g73-conj-q20,common_q=20
g73-conj,R1,g73-conj-q33,common_q=33
g73-conj,R1,g73-conj-q50,common_q=50
g73-conj,R1,g73-conj-q67,common_q=67
g73-conj,R1,g73-conj-q80,common_q=80
g83-conj,R1,g83-conj-q20,common_q=20
g83-conj,R1,g83-conj-q33,common_q=33
g83-conj,R1,g83-conj-q50,common_q=50
g83-conj,R1,g83-conj-q67,common_q=67
g83-conj,R1,g83-conj-q80,common_q=80
g64-drift,R1,g64-drift-q20,common_q=20
g64-drift,R1,g64-drift-q33,common_q=33
g64-drift,R1,g64-drift-q50,common_q=50
g64-drift,R1,g64-drift-q67,common_q=67
g64-drift,R1,g64-drift-q80,common_q=80
g100,R1,g100-micro0,source
g34,R1,g34-notmoved,source
g40,R1,g40-retest,source
g58,R1,g58-cancel0,source
g05,R1,g05-c3,source
g05,R1,g05-c1,source
g61,R1,g61-le60,source
g61,R1,g61-5to20,source
g06,R1,g06-slow,source
