period,variant,trades_acc,trades_kpi,net_usd,avg_usd_before,avg_usd_after,avg_bps_before,avg_bps_after,expect_bps_before,expect_bps_after,pf_before,pf_after,time_in_market_before,time_in_market_after
sep,btc4h_trail,152,152,103.46,0.68,0.68,24.43,24.43,24.42,24.42,1.648,1.648,0.3234,0.3233
sep,btc4h_take,143,143,84.36,0.59,0.59,23.58,23.58,23.58,23.58,1.555,1.555,0.3112,0.3113
sep,cand,240,241,221.55,0.92,0.92,34.49,34.18,34.49,34.17,2.006,1.992,0.5185,0.5187
sep,nofilter,647,660,111.97,0.19,0.17,9.33,8.35,9.33,8.35,1.214,1.189,0.8675,0.8633
aug,btc4h_trail,503,506,106.04,0.22,0.21,9.58,9.33,9.58,9.33,1.26,1.252,0.3855,0.3847
aug,btc4h_take,497,500,74.44,0.16,0.15,8.0,7.74,8.0,7.74,1.198,1.19,0.3824,0.3816
aug,cand,776,793,-101.47,-0.14,-0.13,-4.26,-3.98,-4.27,-3.98,0.902,0.909,0.6744,0.6672
aug,nofilter,2385,2519,180.42,0.06,0.08,3.58,4.04,3.59,4.04,1.096,1.108,0.9902,0.9853
augsep,btc4h_trail,655,658,209.5,0.32,0.32,13.01,12.83,13.0,12.83,1.352,1.345,0.3582,0.3578
augsep,btc4h_take,639,643,154.44,0.25,0.24,11.47,11.02,11.46,11.02,1.281,1.268,0.3511,0.3506
augsep,cand,1016,1034,120.08,0.11,0.12,4.77,5.04,4.78,5.04,1.116,1.122,0.6068,0.6027
augsep,nofilter,3031,3179,292.28,0.09,0.1,4.78,4.96,4.78,4.96,1.123,1.127,0.9364,0.9317
crash,btc4h_trail,29,29,-76.72,-2.65,-2.65,-97.57,-97.57,-97.56,-97.56,0.289,0.289,0.2448,0.2444
crash,btc4h_take,28,28,-106.49,-3.8,-3.8,-129.5,-129.5,-129.49,-129.49,0.194,0.194,0.258,0.2578
crash,cand,40,40,-44.65,-1.12,-1.12,-42.89,-42.89,-42.88,-42.88,0.565,0.565,0.4323,0.4325
crash,nofilter,63,63,-114.77,-1.82,-1.82,-56.17,-56.17,-56.18,-56.18,0.411,0.411,0.5451,0.5452
