set,история_n,история_net,история_control,история_excess,история_days_pos,история_days,история_usd,история_verdict,запись_n,запись_net,запись_control,запись_excess,запись_days_pos,запись_days,запись_usd,запись_verdict,holds
t-ask-age-120,96,-8.0748,-10.5642,2.4894,7,15,-77.51808,мало данных,39,-21.4989,-25.6504,4.1515,3,6,-83.84571,мало данных,да
t-ask-age-15,2261,1.6471,-2.4329,4.08,12,15,372.40931,красный,891,-26.1544,-28.3278,2.1735,3,7,-2330.35704,красный,нет
t-ask-age-30,1045,-0.2347,-4.2024,3.9678,10,15,-24.526149999999998,красный,374,-28.0123,-28.0381,0.0258,4,7,-1047.66002,красный,да
t-ask-age-45,548,-1.5308,-5.2187,3.6878,10,15,-83.88784,красный,197,-25.5223,-27.8761,2.3538,3,7,-502.78931,красный,да
t-ask-age-60,345,-1.4705,-6.8578,5.3872,10,15,-50.73225,красный,129,-26.3466,-27.011,0.6644,3,7,-339.87113999999997,красный,да
t-ask-age-90,166,-0.4044,-8.9238,8.5194,12,15,-6.7130399999999995,красный,62,-14.246,-24.2348,9.9888,5,7,-88.32520000000001,мало данных,да
t-ask-btc1h-q1,76,-15.718,-6.4762,-9.2418,5,15,-119.4568,мало данных,30,-20.8013,-24.1404,3.3392,4,7,-62.4039,мало данных,да
t-ask-btc1h-q2,153,-7.6686,-10.9188,3.2502,10,15,-117.32957999999999,красный,62,0.2696,-21.2123,21.4819,6,7,1.67152,мало данных,нет
t-ask-btc1h-q3,206,1.5836,-5.3699,6.9535,9,14,32.622159999999994,красный,57,-19.0704,-21.8073,2.7369,3,7,-108.70128,мало данных,нет
t-ask-btc1h-q4,222,-5.1562,-3.9806,-1.1756,9,15,-114.46764,красный,59,-18.3741,-34.9823,16.6082,6,7,-108.40718999999999,мало данных,да
t-ask-btc1h-q5,182,11.7613,-5.624,17.3853,9,15,214.05566,красный,83,-36.0114,-33.2398,-2.7716,3,7,-298.89462000000003,мало данных,нет
t-ask-btc4h-q1,87,0.874,11.3867,-10.5126,6,12,7.6038,мало данных,12,21.6597,-14.0395,35.6992,5,5,25.99164,мало данных,нет
t-ask-btc4h-q2,136,-20.0887,-6.5468,-13.5419,6,15,-273.20632,красный,41,-4.8802,-21.06,16.1799,5,7,-20.00882,мало данных,да
t-ask-btc4h-q3,178,-6.7699,-7.4284,0.6585,9,15,-120.50421999999999,красный,52,-23.238,-22.7838,-0.4542,3,5,-120.8376,мало данных,да
t-ask-btc4h-q4,187,3.63,-8.786,12.4161,9,15,67.881,красный,65,-42.3372,-25.0861,-17.2511,2,7,-275.1918,мало данных,нет
t-ask-btc4h-q5,143,7.0604,-12.098,19.1584,11,13,100.96372,красный,85,-34.8227,-37.8307,3.008,3,7,-295.99294999999995,мало данных,нет
t-ask-pool1h-q1,59,-16.3088,0.8405,-17.1494,4,13,-96.22192000000001,мало данных,19,-6.3782,-17.5816,11.2034,4,6,-12.11858,мало данных,нет
t-ask-pool1h-q2,139,-1.2518,-6.6952,5.4435,10,15,-17.40002,красный,46,-18.573,-21.3518,2.7789,4,6,-85.4358,мало данных,да
t-ask-pool1h-q3,211,0.3596,-4.6741,5.0338,10,15,7.587559999999999,красный,50,5.9906,-23.5581,29.5487,7,7,29.952999999999996,мало данных,да
t-ask-pool1h-q4,225,1.1509,-7.8898,9.0407,11,15,25.895249999999997,красный,78,-10.7226,-28.1262,17.4035,5,7,-83.63628,мало данных,нет
t-ask-pool1h-q5,197,1.2902,-4.9012,6.1914,7,15,25.41694,красный,97,-37.6593,-33.2021,-4.4572,4,7,-365.29521,мало данных,нет
t-ask-pool4h-q1,50,-17.7298,3.1618,-20.8916,4,12,-88.649,мало данных,10,52.3043,-9.9448,62.2491,3,3,52.3043,мало данных,нет
t-ask-pool4h-q2,88,-11.6109,3.2093,-14.8202,4,13,-102.17592,мало данных,32,-34.0357,-20.5816,-13.454,3,7,-108.91423999999999,мало данных,да
t-ask-pool4h-q3,153,-9.3618,-6.7205,-2.6412,5,15,-143.23554000000001,красный,44,-41.9518,-23.8401,-18.1117,3,7,-184.58792,мало данных,да
t-ask-pool4h-q4,192,3.7403,-6.7218,10.4622,9,15,71.81376,красный,42,1.616,-21.453,23.069,5,6,6.7872,мало данных,да
t-ask-pool4h-q5,148,7.4684,-10.6034,18.0718,13,15,110.53232,красный,81,-38.9682,-35.7645,-3.2038,3,7,-315.64242,мало данных,нет
t-bid-age-120,104,-5.0199,-13.4791,8.4592,7,15,-52.20696,красный,25,26.7866,0.0648,26.7218,4,6,66.9665,мало данных,нет
t-bid-age-15,2459,-10.3633,-9.5695,-0.7938,8,15,-2548.33547,красный,863,24.5316,13.7489,10.7828,6,7,2117.07708,красный,нет
t-bid-age-30,1113,-8.5958,-9.9655,1.3697,8,15,-956.7125400000001,красный,335,19.8428,13.8324,6.0105,4,7,664.7338,красный,нет
t-bid-age-45,635,-0.2877,-10.556,10.2682,9,15,-18.26895,красный,158,25.7866,10.7759,15.0107,5,7,407.42828,красный,нет
t-bid-age-60,409,2.0816,-11.7327,13.8143,11,15,85.13744,красный,98,23.8042,9.5093,14.2949,6,7,233.28116,мало данных,да
t-bid-age-90,198,-2.0055,-10.4504,8.4449,8,15,-39.7089,красный,50,28.0269,7.3317,20.6952,4,6,140.1345,мало данных,нет
t-bid-btc1h-q1,207,11.3334,-11.8794,23.2128,8,15,234.60137999999998,красный,54,56.653,9.6391,47.014,6,7,305.9262,мало данных,да
t-bid-btc1h-q2,229,0.5558,-9.5304,10.0862,9,15,12.727819999999998,красный,62,31.0406,10.5578,20.4828,4,7,192.45172,мало данных,да
t-bid-btc1h-q3,239,-8.738,-11.7595,3.0215,8,15,-208.8382,красный,39,19.0824,11.6249,7.4575,5,7,74.42136,мало данных,нет
t-bid-btc1h-q4,175,-14.5091,-10.7002,-3.8088,7,15,-253.90925000000001,красный,51,12.9593,8.3233,4.636,4,7,66.09243000000001,мало данных,нет
t-bid-btc1h-q5,105,13.7159,-3.5981,17.314,9,15,144.01695,красный,39,-5.731,8.2697,-14.0007,2,7,-22.3509,мало данных,нет
t-bid-btc4h-q1,149,12.152,-26.8109,38.9629,9,11,181.0648,красный,24,47.0057,5.0319,41.9739,4,6,112.81368,мало данных,да
t-bid-btc4h-q2,213,-1.5625,-13.1219,11.5594,9,15,-33.28125,красный,48,26.1266,8.5958,17.5309,4,6,125.40768,мало данных,нет
t-bid-btc4h-q3,187,10.3819,-4.0247,14.4067,9,15,194.14153,красный,48,33.3756,2.8035,30.5722,5,7,160.20288,мало данных,да
t-bid-btc4h-q4,166,-2.1179,-4.9963,2.8785,8,15,-35.157140000000005,красный,35,16.6166,17.1817,-0.5651,3,7,58.15809999999999,мало данных,нет
t-bid-btc4h-q5,109,-10.9128,-1.4506,-9.4623,6,15,-118.94952,красный,48,19.0109,16.5476,2.4633,5,7,91.25232,мало данных,нет
t-bid-pool1h-q1,200,10.8129,-13.7806,24.5935,10,14,216.25800000000004,красный,44,37.6346,11.2481,26.3866,6,7,165.59224,мало данных,да
t-bid-pool1h-q2,243,-5.1624,-11.3676,6.2051,8,15,-125.44631999999999,красный,51,41.1192,8.922,32.1972,5,7,209.70792,мало данных,нет
t-bid-pool1h-q3,223,-1.6112,-13.0083,11.397,10,15,-35.92976,красный,49,13.541,9.8882,3.6528,4,7,66.3509,мало данных,нет
t-bid-pool1h-q4,167,-5.4825,-5.0385,-0.444,5,15,-91.55775,красный,58,14.3436,11.9435,2.4001,4,7,83.19288,мало данных,нет
t-bid-pool1h-q5,94,-0.3568,-9.1163,8.7596,7,15,-3.35392,мало данных,29,2.2431,6.8051,-4.562,2,7,6.504990000000001,мало данных,нет
t-bid-pool4h-q1,113,9.9384,-24.7163,34.6547,11,12,112.30391999999999,красный,19,38.1357,12.9246,25.2111,3,5,72.45783,мало данных,нет
t-bid-pool4h-q2,150,-18.6315,-13.2469,-5.3846,5,14,-279.47249999999997,красный,47,41.8851,3.2992,38.5859,6,7,196.85997,мало данных,нет
t-bid-pool4h-q3,161,2.4845,-9.4141,11.8987,8,15,40.00045,красный,43,36.7258,8.824,27.9018,5,7,157.92094,мало данных,да
t-bid-pool4h-q4,169,2.8943,-2.1212,5.0155,8,15,48.913669999999996,красный,34,9.9746,4.1951,5.7795,4,6,33.91364,мало данных,да
t-bid-pool4h-q5,111,0.0276,-0.9109,0.9385,6,15,0.30636,красный,50,20.5742,21.1726,-0.5984,4,7,102.87100000000001,мало данных,да
