path,sha256,lines,dropped
./.cellstmp-2026-01-01.log,13fd1979d739eafc84d1f7c2f51e5535e70e3db203643ef8f501eebe20274758,8337,0
./.cellstmp-2026-01-02.log,4602ccefaaf9540dc3d293785cba61dc750d27a13f8691967d98569e22af51e1,8329,0
./.cellstmp-2026-01-03.log,23d264f8b86fe48de397f3e0c083ebbbfdb3574b7e952badf374d55281aee7d6,8331,0
./.cellstmp-2026-01-04.log,776508a88b0737c67726c4ba1d751c388ee3a4e57b7d05f362601313be5686a4,8318,0
./.cellstmp-2026-01-05.log,2f83eeaed7f8da4cf2672c8ffd989739389ef4cab84d0684bdd87239476ad750,8329,0
./.cellstmp-2026-01-06.log,d6dee33b958d08fb42ee831aa2051ac6ce2f5265feb7e74f7cf7c578aad9669b,8331,0
./.cellstmp-2026-01-07.log,258084863a313a38c84c0a877ab3dbfbc91b7c06f447c3303bcdd3e09a7026eb,8335,0
./.g86tmp-2026-01-01.log,f490750ef8dbd149bed7a3f4cb65c5ad6578868710d4e96fdb8d8910bcaabd62,360,0
./.g86tmp-2026-01-02.log,a3deb246b135944e64b7f0007f0947f5cad06aaa8b40d705e0619ee553731fa2,368,0
./.g86tmp-2026-01-03.log,1c9b10d2cf0c51f016390a7ecfea41d777d548a5ac0670f415ad900bc426d037,366,0
./.g86tmp-2026-01-04.log,6b44ff3f5dd257e9baea6da690fd1b808799a2962eeacdf6e1aa401cd23bd26d,360,0
./.g86tmp-2026-01-05.log,d35684f1213823c37c079ff49b28aabd6b9dfcf523aa3b968d7a783928c6b372,366,0
./.g86tmp-2026-01-06.log,da30905827ef708dd7265827c1f8a0ecd5ce8f6af405bccb0c2055e7f82bf60d,366,0
./.g86tmp-2026-01-07.log,0fd19868c2322159b787a0315b3e14981e4e30a2167ae00957d6bb90516cb96e,370,0
./.t9tmp-touch-2026-01-01.log,9509325296029d22cf6ec827a2cd6c9e093ca236b90febacff687f37adbb887b,408,0
./.t9tmp-touch-2026-01-02.log,56f3aa1c69f13da081b7c43aaa7e9efc36b109ef6c035d987ea31e943142e843,421,0
./.t9tmp-touch-2026-01-03.log,5f0630d788c2d1989e0fb6371f7c9b9bc355ee7888706cc185ae26cb241c2ea5,415,0
./.t9tmp-touch-2026-01-04.log,b25bd72d95198c078c882234fdbd83e622541f2864fe8900e7c8c6eefbe5d1b8,408,0
./.t9tmp-touch-2026-01-05.log,371a6710fee01348aaab6dbcb42a3ce92e51e0ae8d802519d41cdc91bb4cb109,417,0
./.t9tmp-touch-2026-01-06.log,044d8210725416af5166f53423b111735d410a697453a463ed04dd65763acdce,421,0
./.t9tmp-touch-2026-01-07.log,68253e180ee27d60d97cdd6b19470bad87ecdedae6165216040c2ec910379d49,425,0
p02-h10-before/2026-01-03/.done,e3b0c44298fc1c149afbf4c8996fb92427ae41e4649b934ca495991b7852b855,1,0
p02-h10-before/2026-01-03/t-bid-btc4h-q1/forms.csv,2a1f0c959fdd00de74274e31d85879176097b6e29e3a62e3eb17f1a3c7727772,50,1
p02-h10-before/2026-01-03/t-bid-btc4h-q1/rounds.csv,c7e01cdca2ba7fc9539fd2a94d6dcbd432074de823fe35a07d55a72cf260674d,24,1
p02-h10-before/2026-01-03/t-bid-btc4h-q1/signals.csv,a2f4d477d67036caeaf2fc59c212ec9f06b76f3c83995ccdfa1ed4eab29607a4,27,1
p02-h9e899-market/2026-01-03/.done,e3b0c44298fc1c149afbf4c8996fb92427ae41e4649b934ca495991b7852b855,1,0
p02-h9e899-market/2026-01-03/t-bid-btc4h-q1/forms.csv,f2005240ffc5cc5b6b75d39c42815c5afca642fd9f63db9a8a31edb715271f50,50,1
p02-h9e899-market/2026-01-03/t-bid-btc4h-q1/rounds.csv,4d8fe737130d1a564ce2ba2b05a067840d33b13439c3df5df815ad0b6470cb24,2,1
p02-h9e899-market/2026-01-03/t-bid-btc4h-q1/signals.csv,04437775fc9e1cf4be73b7edacba4ec3e259f0c1ed8f907043d7f4020af111bd,2,1
p05-a1/2026-01-03/.done,e3b0c44298fc1c149afbf4c8996fb92427ae41e4649b934ca495991b7852b855,1,0
p05-a1/2026-01-03/p05-a120-u10k/forms.csv,91c628e256115b50b1da78df24caf08152719f81d8aa1c478a1fa9664a3c56ac,50,1
p05-a1/2026-01-03/p05-a120-u10k/rounds.csv,c639effc03c01495ef49874f385a3c402c9af21481caba750604da00ce398220,5,1
p05-a1/2026-01-03/p05-a120-u10k/signals.csv,d35275cc0802a3345b196f0e69f405ee6c23b2218b40e8275bc0c22b0e021e48,5,1
p05-a1/2026-01-03/p05-a15-u10k/forms.csv,410d30ab34a9bc173c587da96701cd4fa857a11699818692114dadcdc8e18693,50,1
p05-a1/2026-01-03/p05-a15-u10k/rounds.csv,326ca344dd6163c27f3d3928070b2b2940a987c9e816c55e7d6b2f482701b516,159,1
p05-a1/2026-01-03/p05-a15-u10k/signals.csv,377ed59eb20fe5afca1f2251b1fcf6a40640b7882aab845873194d967795f761,227,1
p05-a1/2026-01-03/p05-a30-u10k/forms.csv,cfe5c7e6067edd974565c536eeacb7ae088e404fe6f716ab4818e0fe696c3c3d,50,1
p05-a1/2026-01-03/p05-a30-u10k/rounds.csv,6aa079d4645fac2286dcdab633ca8f645c2a2d3964d6843fb96225b3b7449c3d,60,1
p05-a1/2026-01-03/p05-a30-u10k/signals.csv,48f3a125912c7244c0e40ba5db0e22219c11d7fcdb6fc2199253d4663a1796f0,75,1
p05-a1/2026-01-03/p05-a45-u100k/forms.csv,abd2aee00dc38230131bb0ab0d602ef8ce12775c77ad94e791ad70023195aba6,50,1
p05-a1/2026-01-03/p05-a45-u100k/rounds.csv,4d8fe737130d1a564ce2ba2b05a067840d33b13439c3df5df815ad0b6470cb24,2,1
p05-a1/2026-01-03/p05-a45-u100k/signals.csv,04437775fc9e1cf4be73b7edacba4ec3e259f0c1ed8f907043d7f4020af111bd,2,1
p05-a1/2026-01-03/p05-a45-u10k/forms.csv,c313dc1b401ba8d29d73313dd7bcb34d0b84dec50834175d868ac2c6590a26b8,50,1
p05-a1/2026-01-03/p05-a45-u10k/rounds.csv,3f7e21126f6816b3e9ed4d925494b6822651f0ebcb61c910ff5ca49491d4a06d,24,1
p05-a1/2026-01-03/p05-a45-u10k/signals.csv,ecba96ff5e6a622a2b3f6d17e4411c245b1b2590b7b8b388309406aaa1027938,27,1
p05-a1/2026-01-03/p05-a45-u250k/forms.csv,abd2aee00dc38230131bb0ab0d602ef8ce12775c77ad94e791ad70023195aba6,50,1
p05-a1/2026-01-03/p05-a45-u250k/rounds.csv,4d8fe737130d1a564ce2ba2b05a067840d33b13439c3df5df815ad0b6470cb24,2,1
p05-a1/2026-01-03/p05-a45-u250k/signals.csv,04437775fc9e1cf4be73b7edacba4ec3e259f0c1ed8f907043d7f4020af111bd,2,1
p05-a1/2026-01-03/p05-a45-u25k/forms.csv,ff81ea798bef3332d26a07be2538d6e35bbc28150fbf2ed18d7375d6fba11041,50,1
p05-a1/2026-01-03/p05-a45-u25k/rounds.csv,0e610248e272e036b3a618c0052d4296c627bf90a48f32b7f539724c826764c5,16,1
p05-a1/2026-01-03/p05-a45-u25k/signals.csv,784ff50af18d799b07e048fb90ed14f24e81014f68fc958eade994eea58257ad,16,1
p05-a1/2026-01-03/p05-a45-u50k/forms.csv,17ea9507b6b5fae28e5e96f2f8744188d280ccaf7c1db90d6ff42d6a39c34f75,50,1
p05-a1/2026-01-03/p05-a45-u50k/rounds.csv,14c8d4fe30f461c5a292e40cc17975fab80537ff2ad0a01f4834f9a2c92dedef,3,1
p05-a1/2026-01-03/p05-a45-u50k/signals.csv,169b5c66193281df002a416cfe5f453390edace4613298484614265c2ead9350,3,1
p05-a1/2026-01-03/p05-a60-u10k/forms.csv,c43f4bb86182088d5afd539902befa23d70e971a94db36759098d211db67a602,50,1
p05-a1/2026-01-03/p05-a60-u10k/rounds.csv,9beadb67935bd981e1f380b5e03e120ed61ab4ab029a2c482dd23dae18a99131,14,1
p05-a1/2026-01-03/p05-a60-u10k/signals.csv,eec05a7d8081b0e111be0eea23a28e4582e87f85244207b2507853cf396ac031,15,1
p05-a1/2026-01-03/p05-a90-u10k/forms.csv,3c99b56cd720a84a39a1ac3eda1987366fa84f3c46f090b5388fa2289e12f7f9,50,1
p05-a1/2026-01-03/p05-a90-u10k/rounds.csv,2ebd60127e2088c94062f1c4207ef122fd075b9bb68a757320ecfcfa467968bb,11,1
p05-a1/2026-01-03/p05-a90-u10k/signals.csv,a71529dd1239501ddf572b232c1b22fe297e8dd61819a61617dee5c60b123818,11,1
p05-a2/2026-01-03/.done,e3b0c44298fc1c149afbf4c8996fb92427ae41e4649b934ca495991b7852b855,1,0
p05-a2/2026-01-03/p05-a120-u100k/forms.csv,abd2aee00dc38230131bb0ab0d602ef8ce12775c77ad94e791ad70023195aba6,50,1
p05-a2/2026-01-03/p05-a120-u100k/rounds.csv,4d8fe737130d1a564ce2ba2b05a067840d33b13439c3df5df815ad0b6470cb24,2,1
p05-a2/2026-01-03/p05-a120-u100k/signals.csv,04437775fc9e1cf4be73b7edacba4ec3e259f0c1ed8f907043d7f4020af111bd,2,1
p05-a2/2026-01-03/p05-a120-u250k/forms.csv,abd2aee00dc38230131bb0ab0d602ef8ce12775c77ad94e791ad70023195aba6,50,1
p05-a2/2026-01-03/p05-a120-u250k/rounds.csv,4d8fe737130d1a564ce2ba2b05a067840d33b13439c3df5df815ad0b6470cb24,2,1
p05-a2/2026-01-03/p05-a120-u250k/signals.csv,04437775fc9e1cf4be73b7edacba4ec3e259f0c1ed8f907043d7f4020af111bd,2,1
p05-a2/2026-01-03/p05-a120-u25k/forms.csv,172fe79a6118b96092cde815b3ac993f268b9394aa54f0af3a6df686c1067a89,50,1
p05-a2/2026-01-03/p05-a120-u25k/rounds.csv,212aa683211bd1e85e9748a9b477422c6481a2af59742bc2b1247c55835a9a2f,3,1
p05-a2/2026-01-03/p05-a120-u25k/signals.csv,6ff10ddb0a14124578e293c936c7a27b764bbbc80c4568176b9e569a65c14a33,3,1
p05-a2/2026-01-03/p05-a120-u50k/forms.csv,abd2aee00dc38230131bb0ab0d602ef8ce12775c77ad94e791ad70023195aba6,50,1
p05-a2/2026-01-03/p05-a120-u50k/rounds.csv,4d8fe737130d1a564ce2ba2b05a067840d33b13439c3df5df815ad0b6470cb24,2,1
p05-a2/2026-01-03/p05-a120-u50k/signals.csv,04437775fc9e1cf4be73b7edacba4ec3e259f0c1ed8f907043d7f4020af111bd,2,1
p05-a2/2026-01-03/p05-a15-u100k/forms.csv,9bd2d554f499622875252307228de8c602ccd40822d11833b7d079683c6abe7c,50,1
p05-a2/2026-01-03/p05-a15-u100k/rounds.csv,e2c6a49ea9111eeb18b58b23531ee804206a312fe2ba12801e2da2897ea261a7,17,1
p05-a2/2026-01-03/p05-a15-u100k/signals.csv,0714e25c74480b469ec4840a4637e0f09f2db5518189efb6df213b331bb79461,18,1
p05-a2/2026-01-03/p05-a15-u250k/forms.csv,1e5bd83e40c8ca3bc7dccef8f622fa25ec97b7431b1745f3f4d921a0eeed3d68,50,1
p05-a2/2026-01-03/p05-a15-u250k/rounds.csv,355a4b12e164c7dc964189c0e64ac90a49595102927cdf5fab7118fa3578a760,4,1
p05-a2/2026-01-03/p05-a15-u250k/signals.csv,ad366a4ecb432ac4e87f386d73c7897deb7b342acefae877a26aac02c674c86a,4,1
p05-a2/2026-01-03/p05-a15-u25k/forms.csv,14a0df28a77a124a268c4fdf73cb24e40009a0070e15f86965490c874ef523c5,50,1
p05-a2/2026-01-03/p05-a15-u25k/rounds.csv,fddcb99fc055c6f01a5053c12a0f9f0fad49ee14dd81d3e2c4be99f8119cd66c,105,1
p05-a2/2026-01-03/p05-a15-u25k/signals.csv,0692f861bd1181ddf87be61e6241c90a425903cc806b5604c72ba4b93d8edc7a,127,1
p05-a2/2026-01-03/p05-a15-u50k/forms.csv,ddc2040d0245c205b8b603953cf2d553a13fadd26294324bd08126f4e9c19755,50,1
p05-a2/2026-01-03/p05-a15-u50k/rounds.csv,25a41f54647b4920a54295d80fd3ff550b51b2bd8b76a3ff6c95634697843303,34,1
p05-a2/2026-01-03/p05-a15-u50k/signals.csv,3c1548b52bce31477ebfbf7c8a94f67aeb9988802b42ee5e5559d17a3c0f8988,41,1
p05-a2/2026-01-03/p05-a30-u100k/forms.csv,1cf9702ed27b44a72c9b83c65b3c3fc301aba89f2ef3fd0efae19af8d9d30a7b,50,1
p05-a2/2026-01-03/p05-a30-u100k/rounds.csv,3263b08b171f1d8d8d1741baa90e399051faa2602f3ee4c2f9e84b02a54ae7f0,6,1
p05-a2/2026-01-03/p05-a30-u100k/signals.csv,f345cc390981cb44f2c8e825abd4ab1a5b7bf64191acd67780087e26471e009a,7,1
p05-a2/2026-01-03/p05-a30-u250k/forms.csv,abd2aee00dc38230131bb0ab0d602ef8ce12775c77ad94e791ad70023195aba6,50,1
p05-a2/2026-01-03/p05-a30-u250k/rounds.csv,4d8fe737130d1a564ce2ba2b05a067840d33b13439c3df5df815ad0b6470cb24,2,1
p05-a2/2026-01-03/p05-a30-u250k/signals.csv,04437775fc9e1cf4be73b7edacba4ec3e259f0c1ed8f907043d7f4020af111bd,2,1
p05-a2/2026-01-03/p05-a30-u25k/forms.csv,b61b9e03f84b9b68298117a54b3eec47780e94ca5c8020de47bae6e2757711c5,50,1
p05-a2/2026-01-03/p05-a30-u25k/rounds.csv,487f94aeedd5d13ca64f134e5ee3bffb4e8d7727304ded6110235f4fb13a0ef5,45,1
p05-a2/2026-01-03/p05-a30-u25k/signals.csv,90e9d60ee4dcb047f31f30338447f12e0ab6ad3cd5690dbed2789c4dd367c8a1,50,1
p05-a2/2026-01-03/p05-a30-u50k/forms.csv,4b98c8b8e7a55540c3753f431bf9a67376a18da53eb201049b46a6175147acb0,50,1
p05-a2/2026-01-03/p05-a30-u50k/rounds.csv,4bc08049b8614ec522bc55badc442161d9bcd44e874a3d7eee55e1adb28c057d,10,1
p05-a2/2026-01-03/p05-a30-u50k/signals.csv,e238f28e8f2ce22565c292dea13e39788df9fd101c58e43c11acc37955806281,12,1
p05-a2/2026-01-03/p05-a60-u100k/forms.csv,abd2aee00dc38230131bb0ab0d602ef8ce12775c77ad94e791ad70023195aba6,50,1
p05-a2/2026-01-03/p05-a60-u100k/rounds.csv,4d8fe737130d1a564ce2ba2b05a067840d33b13439c3df5df815ad0b6470cb24,2,1
p05-a2/2026-01-03/p05-a60-u100k/signals.csv,04437775fc9e1cf4be73b7edacba4ec3e259f0c1ed8f907043d7f4020af111bd,2,1
p05-a2/2026-01-03/p05-a60-u250k/forms.csv,abd2aee00dc38230131bb0ab0d602ef8ce12775c77ad94e791ad70023195aba6,50,1
p05-a2/2026-01-03/p05-a60-u250k/rounds.csv,4d8fe737130d1a564ce2ba2b05a067840d33b13439c3df5df815ad0b6470cb24,2,1
p05-a2/2026-01-03/p05-a60-u250k/signals.csv,04437775fc9e1cf4be73b7edacba4ec3e259f0c1ed8f907043d7f4020af111bd,2,1
p05-a2/2026-01-03/p05-a60-u25k/forms.csv,eb5bc78870ace06047dfa2c70a09816b255a8751ca30f5cfcf84fc046966723f,50,1
p05-a2/2026-01-03/p05-a60-u25k/rounds.csv,a1af6106d5d99e0dd424a3ae0bd6a5cb3bf11c51d0df669db9a378c7d242c939,9,1
p05-a2/2026-01-03/p05-a60-u25k/signals.csv,04ef35111e7911fee4f5132374bf5d1b73e04da9d2a3da3b92c194e7caf48d37,9,1
p05-a2/2026-01-03/p05-a60-u50k/forms.csv,abd2aee00dc38230131bb0ab0d602ef8ce12775c77ad94e791ad70023195aba6,50,1
p05-a2/2026-01-03/p05-a60-u50k/rounds.csv,4d8fe737130d1a564ce2ba2b05a067840d33b13439c3df5df815ad0b6470cb24,2,1
p05-a2/2026-01-03/p05-a60-u50k/signals.csv,04437775fc9e1cf4be73b7edacba4ec3e259f0c1ed8f907043d7f4020af111bd,2,1
p05-a2/2026-01-03/p05-a90-u100k/forms.csv,abd2aee00dc38230131bb0ab0d602ef8ce12775c77ad94e791ad70023195aba6,50,1
p05-a2/2026-01-03/p05-a90-u100k/rounds.csv,4d8fe737130d1a564ce2ba2b05a067840d33b13439c3df5df815ad0b6470cb24,2,1
p05-a2/2026-01-03/p05-a90-u100k/signals.csv,04437775fc9e1cf4be73b7edacba4ec3e259f0c1ed8f907043d7f4020af111bd,2,1
p05-a2/2026-01-03/p05-a90-u250k/forms.csv,abd2aee00dc38230131bb0ab0d602ef8ce12775c77ad94e791ad70023195aba6,50,1
p05-a2/2026-01-03/p05-a90-u250k/rounds.csv,4d8fe737130d1a564ce2ba2b05a067840d33b13439c3df5df815ad0b6470cb24,2,1
p05-a2/2026-01-03/p05-a90-u250k/signals.csv,04437775fc9e1cf4be73b7edacba4ec3e259f0c1ed8f907043d7f4020af111bd,2,1
p05-a2/2026-01-03/p05-a90-u25k/forms.csv,2cc3fde4e2c67a937431a68674a352e4823a2cbca39a74dcdfdc80291adc2a2b,50,1
p05-a2/2026-01-03/p05-a90-u25k/rounds.csv,c2a7d0c5668ca56cb8dd9cba985be75c5a1346ab7a055789e591704b6d925c9d,8,1
p05-a2/2026-01-03/p05-a90-u25k/signals.csv,71fe3a06d56326727599b3ab927b4656a946b4848e5d065405068c1f11ce7b8a,8,1
p05-a2/2026-01-03/p05-a90-u50k/forms.csv,abd2aee00dc38230131bb0ab0d602ef8ce12775c77ad94e791ad70023195aba6,50,1
p05-a2/2026-01-03/p05-a90-u50k/rounds.csv,4d8fe737130d1a564ce2ba2b05a067840d33b13439c3df5df815ad0b6470cb24,2,1
p05-a2/2026-01-03/p05-a90-u50k/signals.csv,04437775fc9e1cf4be73b7edacba4ec3e259f0c1ed8f907043d7f4020af111bd,2,1
p05-b/2026-01-03/.done,e3b0c44298fc1c149afbf4c8996fb92427ae41e4649b934ca495991b7852b855,1,0
p05-b/2026-01-03/p05-f100-a120/forms.csv,abd2aee00dc38230131bb0ab0d602ef8ce12775c77ad94e791ad70023195aba6,50,1
p05-b/2026-01-03/p05-f100-a120/rounds.csv,4d8fe737130d1a564ce2ba2b05a067840d33b13439c3df5df815ad0b6470cb24,2,1
p05-b/2026-01-03/p05-f100-a120/signals.csv,04437775fc9e1cf4be73b7edacba4ec3e259f0c1ed8f907043d7f4020af111bd,2,1
p05-b/2026-01-03/p05-f100-a15/forms.csv,abd2aee00dc38230131bb0ab0d602ef8ce12775c77ad94e791ad70023195aba6,50,1
p05-b/2026-01-03/p05-f100-a15/rounds.csv,4d8fe737130d1a564ce2ba2b05a067840d33b13439c3df5df815ad0b6470cb24,2,1
p05-b/2026-01-03/p05-f100-a15/signals.csv,04437775fc9e1cf4be73b7edacba4ec3e259f0c1ed8f907043d7f4020af111bd,2,1
p05-b/2026-01-03/p05-f100-a30/forms.csv,abd2aee00dc38230131bb0ab0d602ef8ce12775c77ad94e791ad70023195aba6,50,1
p05-b/2026-01-03/p05-f100-a30/rounds.csv,4d8fe737130d1a564ce2ba2b05a067840d33b13439c3df5df815ad0b6470cb24,2,1
p05-b/2026-01-03/p05-f100-a30/signals.csv,04437775fc9e1cf4be73b7edacba4ec3e259f0c1ed8f907043d7f4020af111bd,2,1
p05-b/2026-01-03/p05-f100-a60/forms.csv,abd2aee00dc38230131bb0ab0d602ef8ce12775c77ad94e791ad70023195aba6,50,1
p05-b/2026-01-03/p05-f100-a60/rounds.csv,4d8fe737130d1a564ce2ba2b05a067840d33b13439c3df5df815ad0b6470cb24,2,1
p05-b/2026-01-03/p05-f100-a60/signals.csv,04437775fc9e1cf4be73b7edacba4ec3e259f0c1ed8f907043d7f4020af111bd,2,1
p05-b/2026-01-03/p05-f100-a90/forms.csv,abd2aee00dc38230131bb0ab0d602ef8ce12775c77ad94e791ad70023195aba6,50,1
p05-b/2026-01-03/p05-f100-a90/rounds.csv,4d8fe737130d1a564ce2ba2b05a067840d33b13439c3df5df815ad0b6470cb24,2,1
p05-b/2026-01-03/p05-f100-a90/signals.csv,04437775fc9e1cf4be73b7edacba4ec3e259f0c1ed8f907043d7f4020af111bd,2,1
p05-b/2026-01-03/p05-f100-u100k/forms.csv,abd2aee00dc38230131bb0ab0d602ef8ce12775c77ad94e791ad70023195aba6,50,1
p05-b/2026-01-03/p05-f100-u100k/rounds.csv,4d8fe737130d1a564ce2ba2b05a067840d33b13439c3df5df815ad0b6470cb24,2,1
p05-b/2026-01-03/p05-f100-u100k/signals.csv,04437775fc9e1cf4be73b7edacba4ec3e259f0c1ed8f907043d7f4020af111bd,2,1
p05-b/2026-01-03/p05-f100-u10k/forms.csv,abd2aee00dc38230131bb0ab0d602ef8ce12775c77ad94e791ad70023195aba6,50,1
p05-b/2026-01-03/p05-f100-u10k/rounds.csv,4d8fe737130d1a564ce2ba2b05a067840d33b13439c3df5df815ad0b6470cb24,2,1
p05-b/2026-01-03/p05-f100-u10k/signals.csv,04437775fc9e1cf4be73b7edacba4ec3e259f0c1ed8f907043d7f4020af111bd,2,1
p05-b/2026-01-03/p05-f100-u25k/forms.csv,abd2aee00dc38230131bb0ab0d602ef8ce12775c77ad94e791ad70023195aba6,50,1
p05-b/2026-01-03/p05-f100-u25k/rounds.csv,4d8fe737130d1a564ce2ba2b05a067840d33b13439c3df5df815ad0b6470cb24,2,1
p05-b/2026-01-03/p05-f100-u25k/signals.csv,04437775fc9e1cf4be73b7edacba4ec3e259f0c1ed8f907043d7f4020af111bd,2,1
p05-b/2026-01-03/p05-f100-u50k/forms.csv,abd2aee00dc38230131bb0ab0d602ef8ce12775c77ad94e791ad70023195aba6,50,1
p05-b/2026-01-03/p05-f100-u50k/rounds.csv,4d8fe737130d1a564ce2ba2b05a067840d33b13439c3df5df815ad0b6470cb24,2,1
p05-b/2026-01-03/p05-f100-u50k/signals.csv,04437775fc9e1cf4be73b7edacba4ec3e259f0c1ed8f907043d7f4020af111bd,2,1
p05-b/2026-01-03/p05-f15_9-a120/forms.csv,abd2aee00dc38230131bb0ab0d602ef8ce12775c77ad94e791ad70023195aba6,50,1
p05-b/2026-01-03/p05-f15_9-a120/rounds.csv,4d8fe737130d1a564ce2ba2b05a067840d33b13439c3df5df815ad0b6470cb24,2,1
p05-b/2026-01-03/p05-f15_9-a120/signals.csv,04437775fc9e1cf4be73b7edacba4ec3e259f0c1ed8f907043d7f4020af111bd,2,1
p05-b/2026-01-03/p05-f15_9-a15/forms.csv,abd2aee00dc38230131bb0ab0d602ef8ce12775c77ad94e791ad70023195aba6,50,1
p05-b/2026-01-03/p05-f15_9-a15/rounds.csv,4d8fe737130d1a564ce2ba2b05a067840d33b13439c3df5df815ad0b6470cb24,2,1
p05-b/2026-01-03/p05-f15_9-a15/signals.csv,04437775fc9e1cf4be73b7edacba4ec3e259f0c1ed8f907043d7f4020af111bd,2,1
p05-b/2026-01-03/p05-f15_9-a30/forms.csv,abd2aee00dc38230131bb0ab0d602ef8ce12775c77ad94e791ad70023195aba6,50,1
p05-b/2026-01-03/p05-f15_9-a30/rounds.csv,4d8fe737130d1a564ce2ba2b05a067840d33b13439c3df5df815ad0b6470cb24,2,1
p05-b/2026-01-03/p05-f15_9-a30/signals.csv,04437775fc9e1cf4be73b7edacba4ec3e259f0c1ed8f907043d7f4020af111bd,2,1
p05-b/2026-01-03/p05-f15_9-a60/forms.csv,abd2aee00dc38230131bb0ab0d602ef8ce12775c77ad94e791ad70023195aba6,50,1
p05-b/2026-01-03/p05-f15_9-a60/rounds.csv,4d8fe737130d1a564ce2ba2b05a067840d33b13439c3df5df815ad0b6470cb24,2,1
p05-b/2026-01-03/p05-f15_9-a60/signals.csv,04437775fc9e1cf4be73b7edacba4ec3e259f0c1ed8f907043d7f4020af111bd,2,1
p05-b/2026-01-03/p05-f15_9-a90/forms.csv,abd2aee00dc38230131bb0ab0d602ef8ce12775c77ad94e791ad70023195aba6,50,1
p05-b/2026-01-03/p05-f15_9-a90/rounds.csv,4d8fe737130d1a564ce2ba2b05a067840d33b13439c3df5df815ad0b6470cb24,2,1
p05-b/2026-01-03/p05-f15_9-a90/signals.csv,04437775fc9e1cf4be73b7edacba4ec3e259f0c1ed8f907043d7f4020af111bd,2,1
p05-b/2026-01-03/p05-f15_9-u100k/forms.csv,abd2aee00dc38230131bb0ab0d602ef8ce12775c77ad94e791ad70023195aba6,50,1
p05-b/2026-01-03/p05-f15_9-u100k/rounds.csv,4d8fe737130d1a564ce2ba2b05a067840d33b13439c3df5df815ad0b6470cb24,2,1
p05-b/2026-01-03/p05-f15_9-u100k/signals.csv,04437775fc9e1cf4be73b7edacba4ec3e259f0c1ed8f907043d7f4020af111bd,2,1
p05-b/2026-01-03/p05-f15_9-u10k/forms.csv,abd2aee00dc38230131bb0ab0d602ef8ce12775c77ad94e791ad70023195aba6,50,1
p05-b/2026-01-03/p05-f15_9-u10k/rounds.csv,4d8fe737130d1a564ce2ba2b05a067840d33b13439c3df5df815ad0b6470cb24,2,1
p05-b/2026-01-03/p05-f15_9-u10k/signals.csv,04437775fc9e1cf4be73b7edacba4ec3e259f0c1ed8f907043d7f4020af111bd,2,1
p05-b/2026-01-03/p05-f15_9-u25k/forms.csv,abd2aee00dc38230131bb0ab0d602ef8ce12775c77ad94e791ad70023195aba6,50,1
p05-b/2026-01-03/p05-f15_9-u25k/rounds.csv,4d8fe737130d1a564ce2ba2b05a067840d33b13439c3df5df815ad0b6470cb24,2,1
p05-b/2026-01-03/p05-f15_9-u25k/signals.csv,04437775fc9e1cf4be73b7edacba4ec3e259f0c1ed8f907043d7f4020af111bd,2,1
p05-b/2026-01-03/p05-f15_9-u50k/forms.csv,abd2aee00dc38230131bb0ab0d602ef8ce12775c77ad94e791ad70023195aba6,50,1
p05-b/2026-01-03/p05-f15_9-u50k/rounds.csv,4d8fe737130d1a564ce2ba2b05a067840d33b13439c3df5df815ad0b6470cb24,2,1
p05-b/2026-01-03/p05-f15_9-u50k/signals.csv,04437775fc9e1cf4be73b7edacba4ec3e259f0c1ed8f907043d7f4020af111bd,2,1
p05-b/2026-01-03/p05-f25-a120/forms.csv,abd2aee00dc38230131bb0ab0d602ef8ce12775c77ad94e791ad70023195aba6,50,1
p05-b/2026-01-03/p05-f25-a120/rounds.csv,4d8fe737130d1a564ce2ba2b05a067840d33b13439c3df5df815ad0b6470cb24,2,1
p05-b/2026-01-03/p05-f25-a120/signals.csv,04437775fc9e1cf4be73b7edacba4ec3e259f0c1ed8f907043d7f4020af111bd,2,1
p05-b/2026-01-03/p05-f25-a15/forms.csv,abd2aee00dc38230131bb0ab0d602ef8ce12775c77ad94e791ad70023195aba6,50,1
p05-b/2026-01-03/p05-f25-a15/rounds.csv,4d8fe737130d1a564ce2ba2b05a067840d33b13439c3df5df815ad0b6470cb24,2,1
p05-b/2026-01-03/p05-f25-a15/signals.csv,04437775fc9e1cf4be73b7edacba4ec3e259f0c1ed8f907043d7f4020af111bd,2,1
p05-b/2026-01-03/p05-f25-a30/forms.csv,abd2aee00dc38230131bb0ab0d602ef8ce12775c77ad94e791ad70023195aba6,50,1
p05-b/2026-01-03/p05-f25-a30/rounds.csv,4d8fe737130d1a564ce2ba2b05a067840d33b13439c3df5df815ad0b6470cb24,2,1
p05-b/2026-01-03/p05-f25-a30/signals.csv,04437775fc9e1cf4be73b7edacba4ec3e259f0c1ed8f907043d7f4020af111bd,2,1
p05-b/2026-01-03/p05-f25-a60/forms.csv,abd2aee00dc38230131bb0ab0d602ef8ce12775c77ad94e791ad70023195aba6,50,1
p05-b/2026-01-03/p05-f25-a60/rounds.csv,4d8fe737130d1a564ce2ba2b05a067840d33b13439c3df5df815ad0b6470cb24,2,1
p05-b/2026-01-03/p05-f25-a60/signals.csv,04437775fc9e1cf4be73b7edacba4ec3e259f0c1ed8f907043d7f4020af111bd,2,1
p05-b/2026-01-03/p05-f25-a90/forms.csv,abd2aee00dc38230131bb0ab0d602ef8ce12775c77ad94e791ad70023195aba6,50,1
p05-b/2026-01-03/p05-f25-a90/rounds.csv,4d8fe737130d1a564ce2ba2b05a067840d33b13439c3df5df815ad0b6470cb24,2,1
p05-b/2026-01-03/p05-f25-a90/signals.csv,04437775fc9e1cf4be73b7edacba4ec3e259f0c1ed8f907043d7f4020af111bd,2,1
p05-b/2026-01-03/p05-f25-u100k/forms.csv,abd2aee00dc38230131bb0ab0d602ef8ce12775c77ad94e791ad70023195aba6,50,1
p05-b/2026-01-03/p05-f25-u100k/rounds.csv,4d8fe737130d1a564ce2ba2b05a067840d33b13439c3df5df815ad0b6470cb24,2,1
p05-b/2026-01-03/p05-f25-u100k/signals.csv,04437775fc9e1cf4be73b7edacba4ec3e259f0c1ed8f907043d7f4020af111bd,2,1
p05-b/2026-01-03/p05-f25-u10k/forms.csv,abd2aee00dc38230131bb0ab0d602ef8ce12775c77ad94e791ad70023195aba6,50,1
p05-b/2026-01-03/p05-f25-u10k/rounds.csv,4d8fe737130d1a564ce2ba2b05a067840d33b13439c3df5df815ad0b6470cb24,2,1
p05-b/2026-01-03/p05-f25-u10k/signals.csv,04437775fc9e1cf4be73b7edacba4ec3e259f0c1ed8f907043d7f4020af111bd,2,1
p05-b/2026-01-03/p05-f25-u25k/forms.csv,abd2aee00dc38230131bb0ab0d602ef8ce12775c77ad94e791ad70023195aba6,50,1
p05-b/2026-01-03/p05-f25-u25k/rounds.csv,4d8fe737130d1a564ce2ba2b05a067840d33b13439c3df5df815ad0b6470cb24,2,1
p05-b/2026-01-03/p05-f25-u25k/signals.csv,04437775fc9e1cf4be73b7edacba4ec3e259f0c1ed8f907043d7f4020af111bd,2,1
p05-b/2026-01-03/p05-f25-u50k/forms.csv,abd2aee00dc38230131bb0ab0d602ef8ce12775c77ad94e791ad70023195aba6,50,1
p05-b/2026-01-03/p05-f25-u50k/rounds.csv,4d8fe737130d1a564ce2ba2b05a067840d33b13439c3df5df815ad0b6470cb24,2,1
p05-b/2026-01-03/p05-f25-u50k/signals.csv,04437775fc9e1cf4be73b7edacba4ec3e259f0c1ed8f907043d7f4020af111bd,2,1
p05-b/2026-01-03/p05-f30_7-a120/forms.csv,abd2aee00dc38230131bb0ab0d602ef8ce12775c77ad94e791ad70023195aba6,50,1
p05-b/2026-01-03/p05-f30_7-a120/rounds.csv,4d8fe737130d1a564ce2ba2b05a067840d33b13439c3df5df815ad0b6470cb24,2,1
p05-b/2026-01-03/p05-f30_7-a120/signals.csv,04437775fc9e1cf4be73b7edacba4ec3e259f0c1ed8f907043d7f4020af111bd,2,1
p05-b/2026-01-03/p05-f30_7-a15/forms.csv,abd2aee00dc38230131bb0ab0d602ef8ce12775c77ad94e791ad70023195aba6,50,1
p05-b/2026-01-03/p05-f30_7-a15/rounds.csv,4d8fe737130d1a564ce2ba2b05a067840d33b13439c3df5df815ad0b6470cb24,2,1
p05-b/2026-01-03/p05-f30_7-a15/signals.csv,04437775fc9e1cf4be73b7edacba4ec3e259f0c1ed8f907043d7f4020af111bd,2,1
p05-b/2026-01-03/p05-f30_7-a30/forms.csv,abd2aee00dc38230131bb0ab0d602ef8ce12775c77ad94e791ad70023195aba6,50,1
p05-b/2026-01-03/p05-f30_7-a30/rounds.csv,4d8fe737130d1a564ce2ba2b05a067840d33b13439c3df5df815ad0b6470cb24,2,1
p05-b/2026-01-03/p05-f30_7-a30/signals.csv,04437775fc9e1cf4be73b7edacba4ec3e259f0c1ed8f907043d7f4020af111bd,2,1
p05-b/2026-01-03/p05-f30_7-a60/forms.csv,abd2aee00dc38230131bb0ab0d602ef8ce12775c77ad94e791ad70023195aba6,50,1
p05-b/2026-01-03/p05-f30_7-a60/rounds.csv,4d8fe737130d1a564ce2ba2b05a067840d33b13439c3df5df815ad0b6470cb24,2,1
p05-b/2026-01-03/p05-f30_7-a60/signals.csv,04437775fc9e1cf4be73b7edacba4ec3e259f0c1ed8f907043d7f4020af111bd,2,1
p05-b/2026-01-03/p05-f30_7-a90/forms.csv,abd2aee00dc38230131bb0ab0d602ef8ce12775c77ad94e791ad70023195aba6,50,1
p05-b/2026-01-03/p05-f30_7-a90/rounds.csv,4d8fe737130d1a564ce2ba2b05a067840d33b13439c3df5df815ad0b6470cb24,2,1
p05-b/2026-01-03/p05-f30_7-a90/signals.csv,04437775fc9e1cf4be73b7edacba4ec3e259f0c1ed8f907043d7f4020af111bd,2,1
p05-b/2026-01-03/p05-f30_7-u100k/forms.csv,abd2aee00dc38230131bb0ab0d602ef8ce12775c77ad94e791ad70023195aba6,50,1
p05-b/2026-01-03/p05-f30_7-u100k/rounds.csv,4d8fe737130d1a564ce2ba2b05a067840d33b13439c3df5df815ad0b6470cb24,2,1
p05-b/2026-01-03/p05-f30_7-u100k/signals.csv,04437775fc9e1cf4be73b7edacba4ec3e259f0c1ed8f907043d7f4020af111bd,2,1
p05-b/2026-01-03/p05-f30_7-u10k/forms.csv,abd2aee00dc38230131bb0ab0d602ef8ce12775c77ad94e791ad70023195aba6,50,1
p05-b/2026-01-03/p05-f30_7-u10k/rounds.csv,4d8fe737130d1a564ce2ba2b05a067840d33b13439c3df5df815ad0b6470cb24,2,1
p05-b/2026-01-03/p05-f30_7-u10k/signals.csv,04437775fc9e1cf4be73b7edacba4ec3e259f0c1ed8f907043d7f4020af111bd,2,1
p05-b/2026-01-03/p05-f30_7-u25k/forms.csv,abd2aee00dc38230131bb0ab0d602ef8ce12775c77ad94e791ad70023195aba6,50,1
p05-b/2026-01-03/p05-f30_7-u25k/rounds.csv,4d8fe737130d1a564ce2ba2b05a067840d33b13439c3df5df815ad0b6470cb24,2,1
p05-b/2026-01-03/p05-f30_7-u25k/signals.csv,04437775fc9e1cf4be73b7edacba4ec3e259f0c1ed8f907043d7f4020af111bd,2,1
p05-b/2026-01-03/p05-f30_7-u50k/forms.csv,abd2aee00dc38230131bb0ab0d602ef8ce12775c77ad94e791ad70023195aba6,50,1
p05-b/2026-01-03/p05-f30_7-u50k/rounds.csv,4d8fe737130d1a564ce2ba2b05a067840d33b13439c3df5df815ad0b6470cb24,2,1
p05-b/2026-01-03/p05-f30_7-u50k/signals.csv,04437775fc9e1cf4be73b7edacba4ec3e259f0c1ed8f907043d7f4020af111bd,2,1
p05-b/2026-01-03/p05-f50-a120/forms.csv,abd2aee00dc38230131bb0ab0d602ef8ce12775c77ad94e791ad70023195aba6,50,1
p05-b/2026-01-03/p05-f50-a120/rounds.csv,4d8fe737130d1a564ce2ba2b05a067840d33b13439c3df5df815ad0b6470cb24,2,1
p05-b/2026-01-03/p05-f50-a120/signals.csv,04437775fc9e1cf4be73b7edacba4ec3e259f0c1ed8f907043d7f4020af111bd,2,1
p05-b/2026-01-03/p05-f50-a15/forms.csv,abd2aee00dc38230131bb0ab0d602ef8ce12775c77ad94e791ad70023195aba6,50,1
p05-b/2026-01-03/p05-f50-a15/rounds.csv,4d8fe737130d1a564ce2ba2b05a067840d33b13439c3df5df815ad0b6470cb24,2,1
p05-b/2026-01-03/p05-f50-a15/signals.csv,04437775fc9e1cf4be73b7edacba4ec3e259f0c1ed8f907043d7f4020af111bd,2,1
p05-b/2026-01-03/p05-f50-a30/forms.csv,abd2aee00dc38230131bb0ab0d602ef8ce12775c77ad94e791ad70023195aba6,50,1
p05-b/2026-01-03/p05-f50-a30/rounds.csv,4d8fe737130d1a564ce2ba2b05a067840d33b13439c3df5df815ad0b6470cb24,2,1
p05-b/2026-01-03/p05-f50-a30/signals.csv,04437775fc9e1cf4be73b7edacba4ec3e259f0c1ed8f907043d7f4020af111bd,2,1
p05-b/2026-01-03/p05-f50-a60/forms.csv,abd2aee00dc38230131bb0ab0d602ef8ce12775c77ad94e791ad70023195aba6,50,1
p05-b/2026-01-03/p05-f50-a60/rounds.csv,4d8fe737130d1a564ce2ba2b05a067840d33b13439c3df5df815ad0b6470cb24,2,1
p05-b/2026-01-03/p05-f50-a60/signals.csv,04437775fc9e1cf4be73b7edacba4ec3e259f0c1ed8f907043d7f4020af111bd,2,1
p05-b/2026-01-03/p05-f50-a90/forms.csv,abd2aee00dc38230131bb0ab0d602ef8ce12775c77ad94e791ad70023195aba6,50,1
p05-b/2026-01-03/p05-f50-a90/rounds.csv,4d8fe737130d1a564ce2ba2b05a067840d33b13439c3df5df815ad0b6470cb24,2,1
p05-b/2026-01-03/p05-f50-a90/signals.csv,04437775fc9e1cf4be73b7edacba4ec3e259f0c1ed8f907043d7f4020af111bd,2,1
p05-b/2026-01-03/p05-f50-u100k/forms.csv,abd2aee00dc38230131bb0ab0d602ef8ce12775c77ad94e791ad70023195aba6,50,1
p05-b/2026-01-03/p05-f50-u100k/rounds.csv,4d8fe737130d1a564ce2ba2b05a067840d33b13439c3df5df815ad0b6470cb24,2,1
p05-b/2026-01-03/p05-f50-u100k/signals.csv,04437775fc9e1cf4be73b7edacba4ec3e259f0c1ed8f907043d7f4020af111bd,2,1
p05-b/2026-01-03/p05-f50-u10k/forms.csv,abd2aee00dc38230131bb0ab0d602ef8ce12775c77ad94e791ad70023195aba6,50,1
p05-b/2026-01-03/p05-f50-u10k/rounds.csv,4d8fe737130d1a564ce2ba2b05a067840d33b13439c3df5df815ad0b6470cb24,2,1
p05-b/2026-01-03/p05-f50-u10k/signals.csv,04437775fc9e1cf4be73b7edacba4ec3e259f0c1ed8f907043d7f4020af111bd,2,1
p05-b/2026-01-03/p05-f50-u25k/forms.csv,abd2aee00dc38230131bb0ab0d602ef8ce12775c77ad94e791ad70023195aba6,50,1
p05-b/2026-01-03/p05-f50-u25k/rounds.csv,4d8fe737130d1a564ce2ba2b05a067840d33b13439c3df5df815ad0b6470cb24,2,1
p05-b/2026-01-03/p05-f50-u25k/signals.csv,04437775fc9e1cf4be73b7edacba4ec3e259f0c1ed8f907043d7f4020af111bd,2,1
p05-b/2026-01-03/p05-f50-u50k/forms.csv,abd2aee00dc38230131bb0ab0d602ef8ce12775c77ad94e791ad70023195aba6,50,1
p05-b/2026-01-03/p05-f50-u50k/rounds.csv,4d8fe737130d1a564ce2ba2b05a067840d33b13439c3df5df815ad0b6470cb24,2,1
p05-b/2026-01-03/p05-f50-u50k/signals.csv,04437775fc9e1cf4be73b7edacba4ec3e259f0c1ed8f907043d7f4020af111bd,2,1
p05-b/2026-01-03/p05-f75-a120/forms.csv,abd2aee00dc38230131bb0ab0d602ef8ce12775c77ad94e791ad70023195aba6,50,1
p05-b/2026-01-03/p05-f75-a120/rounds.csv,4d8fe737130d1a564ce2ba2b05a067840d33b13439c3df5df815ad0b6470cb24,2,1
p05-b/2026-01-03/p05-f75-a120/signals.csv,04437775fc9e1cf4be73b7edacba4ec3e259f0c1ed8f907043d7f4020af111bd,2,1
p05-b/2026-01-03/p05-f75-a15/forms.csv,abd2aee00dc38230131bb0ab0d602ef8ce12775c77ad94e791ad70023195aba6,50,1
p05-b/2026-01-03/p05-f75-a15/rounds.csv,4d8fe737130d1a564ce2ba2b05a067840d33b13439c3df5df815ad0b6470cb24,2,1
p05-b/2026-01-03/p05-f75-a15/signals.csv,04437775fc9e1cf4be73b7edacba4ec3e259f0c1ed8f907043d7f4020af111bd,2,1
p05-b/2026-01-03/p05-f75-a30/forms.csv,abd2aee00dc38230131bb0ab0d602ef8ce12775c77ad94e791ad70023195aba6,50,1
p05-b/2026-01-03/p05-f75-a30/rounds.csv,4d8fe737130d1a564ce2ba2b05a067840d33b13439c3df5df815ad0b6470cb24,2,1
p05-b/2026-01-03/p05-f75-a30/signals.csv,04437775fc9e1cf4be73b7edacba4ec3e259f0c1ed8f907043d7f4020af111bd,2,1
p05-b/2026-01-03/p05-f75-a60/forms.csv,abd2aee00dc38230131bb0ab0d602ef8ce12775c77ad94e791ad70023195aba6,50,1
p05-b/2026-01-03/p05-f75-a60/rounds.csv,4d8fe737130d1a564ce2ba2b05a067840d33b13439c3df5df815ad0b6470cb24,2,1
p05-b/2026-01-03/p05-f75-a60/signals.csv,04437775fc9e1cf4be73b7edacba4ec3e259f0c1ed8f907043d7f4020af111bd,2,1
p05-b/2026-01-03/p05-f75-a90/forms.csv,abd2aee00dc38230131bb0ab0d602ef8ce12775c77ad94e791ad70023195aba6,50,1
p05-b/2026-01-03/p05-f75-a90/rounds.csv,4d8fe737130d1a564ce2ba2b05a067840d33b13439c3df5df815ad0b6470cb24,2,1
p05-b/2026-01-03/p05-f75-a90/signals.csv,04437775fc9e1cf4be73b7edacba4ec3e259f0c1ed8f907043d7f4020af111bd,2,1
p05-b/2026-01-03/p05-f75-u100k/forms.csv,abd2aee00dc38230131bb0ab0d602ef8ce12775c77ad94e791ad70023195aba6,50,1
p05-b/2026-01-03/p05-f75-u100k/rounds.csv,4d8fe737130d1a564ce2ba2b05a067840d33b13439c3df5df815ad0b6470cb24,2,1
p05-b/2026-01-03/p05-f75-u100k/signals.csv,04437775fc9e1cf4be73b7edacba4ec3e259f0c1ed8f907043d7f4020af111bd,2,1
p05-b/2026-01-03/p05-f75-u10k/forms.csv,abd2aee00dc38230131bb0ab0d602ef8ce12775c77ad94e791ad70023195aba6,50,1
p05-b/2026-01-03/p05-f75-u10k/rounds.csv,4d8fe737130d1a564ce2ba2b05a067840d33b13439c3df5df815ad0b6470cb24,2,1
p05-b/2026-01-03/p05-f75-u10k/signals.csv,04437775fc9e1cf4be73b7edacba4ec3e259f0c1ed8f907043d7f4020af111bd,2,1
p05-b/2026-01-03/p05-f75-u25k/forms.csv,abd2aee00dc38230131bb0ab0d602ef8ce12775c77ad94e791ad70023195aba6,50,1
p05-b/2026-01-03/p05-f75-u25k/rounds.csv,4d8fe737130d1a564ce2ba2b05a067840d33b13439c3df5df815ad0b6470cb24,2,1
p05-b/2026-01-03/p05-f75-u25k/signals.csv,04437775fc9e1cf4be73b7edacba4ec3e259f0c1ed8f907043d7f4020af111bd,2,1
p05-b/2026-01-03/p05-f75-u50k/forms.csv,abd2aee00dc38230131bb0ab0d602ef8ce12775c77ad94e791ad70023195aba6,50,1
p05-b/2026-01-03/p05-f75-u50k/rounds.csv,4d8fe737130d1a564ce2ba2b05a067840d33b13439c3df5df815ad0b6470cb24,2,1
p05-b/2026-01-03/p05-f75-u50k/signals.csv,04437775fc9e1cf4be73b7edacba4ec3e259f0c1ed8f907043d7f4020af111bd,2,1
p05-b/2026-01-03/p05-f8_1-a120/forms.csv,abd2aee00dc38230131bb0ab0d602ef8ce12775c77ad94e791ad70023195aba6,50,1
p05-b/2026-01-03/p05-f8_1-a120/rounds.csv,4d8fe737130d1a564ce2ba2b05a067840d33b13439c3df5df815ad0b6470cb24,2,1
p05-b/2026-01-03/p05-f8_1-a120/signals.csv,04437775fc9e1cf4be73b7edacba4ec3e259f0c1ed8f907043d7f4020af111bd,2,1
p05-b/2026-01-03/p05-f8_1-a15/forms.csv,15d5bd60be0ce7e2e99d21ef65a760919ea7badc4a095cc53b05c4e2494afaf1,50,1
p05-b/2026-01-03/p05-f8_1-a15/rounds.csv,3eb8bba910d8ef5a2b6ce17b77b61d86aa26f4aebde6cd3cf922580ba057274a,6,1
p05-b/2026-01-03/p05-f8_1-a15/signals.csv,3a2f6b7e782e956b8cc8133276922e1846e2ea546b32dd4a1ea47fd41502f6ad,6,1
p05-b/2026-01-03/p05-f8_1-a30/forms.csv,962a6ed7974a9e6314d16b2e15f5f86e2452c5350354460c5bc9db6348174e4c,50,1
p05-b/2026-01-03/p05-f8_1-a30/rounds.csv,1b71fb4b5d25b2356db5ca7b8cf08535aed9de4cc6b53f3689b84d71bb1e71af,4,1
p05-b/2026-01-03/p05-f8_1-a30/signals.csv,64171f8801c48bdb6bd6a14ad206714316e5a851b0dc6a2fa0d35212fa4ef86e,4,1
p05-b/2026-01-03/p05-f8_1-a60/forms.csv,abd2aee00dc38230131bb0ab0d602ef8ce12775c77ad94e791ad70023195aba6,50,1
p05-b/2026-01-03/p05-f8_1-a60/rounds.csv,4d8fe737130d1a564ce2ba2b05a067840d33b13439c3df5df815ad0b6470cb24,2,1
p05-b/2026-01-03/p05-f8_1-a60/signals.csv,04437775fc9e1cf4be73b7edacba4ec3e259f0c1ed8f907043d7f4020af111bd,2,1
p05-b/2026-01-03/p05-f8_1-a90/forms.csv,abd2aee00dc38230131bb0ab0d602ef8ce12775c77ad94e791ad70023195aba6,50,1
p05-b/2026-01-03/p05-f8_1-a90/rounds.csv,4d8fe737130d1a564ce2ba2b05a067840d33b13439c3df5df815ad0b6470cb24,2,1
p05-b/2026-01-03/p05-f8_1-a90/signals.csv,04437775fc9e1cf4be73b7edacba4ec3e259f0c1ed8f907043d7f4020af111bd,2,1
p05-b/2026-01-03/p05-f8_1-u100k/forms.csv,abd2aee00dc38230131bb0ab0d602ef8ce12775c77ad94e791ad70023195aba6,50,1
p05-b/2026-01-03/p05-f8_1-u100k/rounds.csv,4d8fe737130d1a564ce2ba2b05a067840d33b13439c3df5df815ad0b6470cb24,2,1
p05-b/2026-01-03/p05-f8_1-u100k/signals.csv,04437775fc9e1cf4be73b7edacba4ec3e259f0c1ed8f907043d7f4020af111bd,2,1
p05-b/2026-01-03/p05-f8_1-u10k/forms.csv,17ea9507b6b5fae28e5e96f2f8744188d280ccaf7c1db90d6ff42d6a39c34f75,50,1
p05-b/2026-01-03/p05-f8_1-u10k/rounds.csv,14c8d4fe30f461c5a292e40cc17975fab80537ff2ad0a01f4834f9a2c92dedef,3,1
p05-b/2026-01-03/p05-f8_1-u10k/signals.csv,169b5c66193281df002a416cfe5f453390edace4613298484614265c2ead9350,3,1
p05-b/2026-01-03/p05-f8_1-u25k/forms.csv,17ea9507b6b5fae28e5e96f2f8744188d280ccaf7c1db90d6ff42d6a39c34f75,50,1
p05-b/2026-01-03/p05-f8_1-u25k/rounds.csv,14c8d4fe30f461c5a292e40cc17975fab80537ff2ad0a01f4834f9a2c92dedef,3,1
p05-b/2026-01-03/p05-f8_1-u25k/signals.csv,169b5c66193281df002a416cfe5f453390edace4613298484614265c2ead9350,3,1
p05-b/2026-01-03/p05-f8_1-u50k/forms.csv,17ea9507b6b5fae28e5e96f2f8744188d280ccaf7c1db90d6ff42d6a39c34f75,50,1
p05-b/2026-01-03/p05-f8_1-u50k/rounds.csv,14c8d4fe30f461c5a292e40cc17975fab80537ff2ad0a01f4834f9a2c92dedef,3,1
p05-b/2026-01-03/p05-f8_1-u50k/signals.csv,169b5c66193281df002a416cfe5f453390edace4613298484614265c2ead9350,3,1
p05-c/2026-01-03/.done,e3b0c44298fc1c149afbf4c8996fb92427ae41e4649b934ca495991b7852b855,1,0
p05-c/2026-01-03/p05-f100-a120-u100k/forms.csv,abd2aee00dc38230131bb0ab0d602ef8ce12775c77ad94e791ad70023195aba6,50,1
p05-c/2026-01-03/p05-f100-a120-u100k/rounds.csv,4d8fe737130d1a564ce2ba2b05a067840d33b13439c3df5df815ad0b6470cb24,2,1
p05-c/2026-01-03/p05-f100-a120-u100k/signals.csv,04437775fc9e1cf4be73b7edacba4ec3e259f0c1ed8f907043d7f4020af111bd,2,1
p05-c/2026-01-03/p05-f100-a120-u25k/forms.csv,abd2aee00dc38230131bb0ab0d602ef8ce12775c77ad94e791ad70023195aba6,50,1
p05-c/2026-01-03/p05-f100-a120-u25k/rounds.csv,4d8fe737130d1a564ce2ba2b05a067840d33b13439c3df5df815ad0b6470cb24,2,1
p05-c/2026-01-03/p05-f100-a120-u25k/signals.csv,04437775fc9e1cf4be73b7edacba4ec3e259f0c1ed8f907043d7f4020af111bd,2,1
p05-c/2026-01-03/p05-f100-a120-u50k/forms.csv,abd2aee00dc38230131bb0ab0d602ef8ce12775c77ad94e791ad70023195aba6,50,1
p05-c/2026-01-03/p05-f100-a120-u50k/rounds.csv,4d8fe737130d1a564ce2ba2b05a067840d33b13439c3df5df815ad0b6470cb24,2,1
p05-c/2026-01-03/p05-f100-a120-u50k/signals.csv,04437775fc9e1cf4be73b7edacba4ec3e259f0c1ed8f907043d7f4020af111bd,2,1
p05-c/2026-01-03/p05-f100-a15-u100k/forms.csv,abd2aee00dc38230131bb0ab0d602ef8ce12775c77ad94e791ad70023195aba6,50,1
p05-c/2026-01-03/p05-f100-a15-u100k/rounds.csv,4d8fe737130d1a564ce2ba2b05a067840d33b13439c3df5df815ad0b6470cb24,2,1
p05-c/2026-01-03/p05-f100-a15-u100k/signals.csv,04437775fc9e1cf4be73b7edacba4ec3e259f0c1ed8f907043d7f4020af111bd,2,1
p05-c/2026-01-03/p05-f100-a15-u25k/forms.csv,abd2aee00dc38230131bb0ab0d602ef8ce12775c77ad94e791ad70023195aba6,50,1
p05-c/2026-01-03/p05-f100-a15-u25k/rounds.csv,4d8fe737130d1a564ce2ba2b05a067840d33b13439c3df5df815ad0b6470cb24,2,1
p05-c/2026-01-03/p05-f100-a15-u25k/signals.csv,04437775fc9e1cf4be73b7edacba4ec3e259f0c1ed8f907043d7f4020af111bd,2,1
p05-c/2026-01-03/p05-f100-a15-u50k/forms.csv,abd2aee00dc38230131bb0ab0d602ef8ce12775c77ad94e791ad70023195aba6,50,1
p05-c/2026-01-03/p05-f100-a15-u50k/rounds.csv,4d8fe737130d1a564ce2ba2b05a067840d33b13439c3df5df815ad0b6470cb24,2,1
p05-c/2026-01-03/p05-f100-a15-u50k/signals.csv,04437775fc9e1cf4be73b7edacba4ec3e259f0c1ed8f907043d7f4020af111bd,2,1
p05-c/2026-01-03/p05-f100-a30-u100k/forms.csv,abd2aee00dc38230131bb0ab0d602ef8ce12775c77ad94e791ad70023195aba6,50,1
p05-c/2026-01-03/p05-f100-a30-u100k/rounds.csv,4d8fe737130d1a564ce2ba2b05a067840d33b13439c3df5df815ad0b6470cb24,2,1
p05-c/2026-01-03/p05-f100-a30-u100k/signals.csv,04437775fc9e1cf4be73b7edacba4ec3e259f0c1ed8f907043d7f4020af111bd,2,1
p05-c/2026-01-03/p05-f100-a30-u25k/forms.csv,abd2aee00dc38230131bb0ab0d602ef8ce12775c77ad94e791ad70023195aba6,50,1
p05-c/2026-01-03/p05-f100-a30-u25k/rounds.csv,4d8fe737130d1a564ce2ba2b05a067840d33b13439c3df5df815ad0b6470cb24,2,1
p05-c/2026-01-03/p05-f100-a30-u25k/signals.csv,04437775fc9e1cf4be73b7edacba4ec3e259f0c1ed8f907043d7f4020af111bd,2,1
p05-c/2026-01-03/p05-f100-a30-u50k/forms.csv,abd2aee00dc38230131bb0ab0d602ef8ce12775c77ad94e791ad70023195aba6,50,1
p05-c/2026-01-03/p05-f100-a30-u50k/rounds.csv,4d8fe737130d1a564ce2ba2b05a067840d33b13439c3df5df815ad0b6470cb24,2,1
p05-c/2026-01-03/p05-f100-a30-u50k/signals.csv,04437775fc9e1cf4be73b7edacba4ec3e259f0c1ed8f907043d7f4020af111bd,2,1
p05-c/2026-01-03/p05-f100-a60-u100k/forms.csv,abd2aee00dc38230131bb0ab0d602ef8ce12775c77ad94e791ad70023195aba6,50,1
p05-c/2026-01-03/p05-f100-a60-u100k/rounds.csv,4d8fe737130d1a564ce2ba2b05a067840d33b13439c3df5df815ad0b6470cb24,2,1
p05-c/2026-01-03/p05-f100-a60-u100k/signals.csv,04437775fc9e1cf4be73b7edacba4ec3e259f0c1ed8f907043d7f4020af111bd,2,1
p05-c/2026-01-03/p05-f100-a60-u25k/forms.csv,abd2aee00dc38230131bb0ab0d602ef8ce12775c77ad94e791ad70023195aba6,50,1
p05-c/2026-01-03/p05-f100-a60-u25k/rounds.csv,4d8fe737130d1a564ce2ba2b05a067840d33b13439c3df5df815ad0b6470cb24,2,1
p05-c/2026-01-03/p05-f100-a60-u25k/signals.csv,04437775fc9e1cf4be73b7edacba4ec3e259f0c1ed8f907043d7f4020af111bd,2,1
p05-c/2026-01-03/p05-f100-a60-u50k/forms.csv,abd2aee00dc38230131bb0ab0d602ef8ce12775c77ad94e791ad70023195aba6,50,1
p05-c/2026-01-03/p05-f100-a60-u50k/rounds.csv,4d8fe737130d1a564ce2ba2b05a067840d33b13439c3df5df815ad0b6470cb24,2,1
p05-c/2026-01-03/p05-f100-a60-u50k/signals.csv,04437775fc9e1cf4be73b7edacba4ec3e259f0c1ed8f907043d7f4020af111bd,2,1
p05-c/2026-01-03/p05-f100-a90-u100k/forms.csv,abd2aee00dc38230131bb0ab0d602ef8ce12775c77ad94e791ad70023195aba6,50,1
p05-c/2026-01-03/p05-f100-a90-u100k/rounds.csv,4d8fe737130d1a564ce2ba2b05a067840d33b13439c3df5df815ad0b6470cb24,2,1
p05-c/2026-01-03/p05-f100-a90-u100k/signals.csv,04437775fc9e1cf4be73b7edacba4ec3e259f0c1ed8f907043d7f4020af111bd,2,1
p05-c/2026-01-03/p05-f100-a90-u25k/forms.csv,abd2aee00dc38230131bb0ab0d602ef8ce12775c77ad94e791ad70023195aba6,50,1
p05-c/2026-01-03/p05-f100-a90-u25k/rounds.csv,4d8fe737130d1a564ce2ba2b05a067840d33b13439c3df5df815ad0b6470cb24,2,1
p05-c/2026-01-03/p05-f100-a90-u25k/signals.csv,04437775fc9e1cf4be73b7edacba4ec3e259f0c1ed8f907043d7f4020af111bd,2,1
p05-c/2026-01-03/p05-f100-a90-u50k/forms.csv,abd2aee00dc38230131bb0ab0d602ef8ce12775c77ad94e791ad70023195aba6,50,1
p05-c/2026-01-03/p05-f100-a90-u50k/rounds.csv,4d8fe737130d1a564ce2ba2b05a067840d33b13439c3df5df815ad0b6470cb24,2,1
p05-c/2026-01-03/p05-f100-a90-u50k/signals.csv,04437775fc9e1cf4be73b7edacba4ec3e259f0c1ed8f907043d7f4020af111bd,2,1
p05-c/2026-01-03/p05-f25-a120-u100k/forms.csv,abd2aee00dc38230131bb0ab0d602ef8ce12775c77ad94e791ad70023195aba6,50,1
p05-c/2026-01-03/p05-f25-a120-u100k/rounds.csv,4d8fe737130d1a564ce2ba2b05a067840d33b13439c3df5df815ad0b6470cb24,2,1
p05-c/2026-01-03/p05-f25-a120-u100k/signals.csv,04437775fc9e1cf4be73b7edacba4ec3e259f0c1ed8f907043d7f4020af111bd,2,1
p05-c/2026-01-03/p05-f25-a120-u25k/forms.csv,abd2aee00dc38230131bb0ab0d602ef8ce12775c77ad94e791ad70023195aba6,50,1
p05-c/2026-01-03/p05-f25-a120-u25k/rounds.csv,4d8fe737130d1a564ce2ba2b05a067840d33b13439c3df5df815ad0b6470cb24,2,1
p05-c/2026-01-03/p05-f25-a120-u25k/signals.csv,04437775fc9e1cf4be73b7edacba4ec3e259f0c1ed8f907043d7f4020af111bd,2,1
p05-c/2026-01-03/p05-f25-a120-u50k/forms.csv,abd2aee00dc38230131bb0ab0d602ef8ce12775c77ad94e791ad70023195aba6,50,1
p05-c/2026-01-03/p05-f25-a120-u50k/rounds.csv,4d8fe737130d1a564ce2ba2b05a067840d33b13439c3df5df815ad0b6470cb24,2,1
p05-c/2026-01-03/p05-f25-a120-u50k/signals.csv,04437775fc9e1cf4be73b7edacba4ec3e259f0c1ed8f907043d7f4020af111bd,2,1
p05-c/2026-01-03/p05-f25-a15-u100k/forms.csv,abd2aee00dc38230131bb0ab0d602ef8ce12775c77ad94e791ad70023195aba6,50,1
p05-c/2026-01-03/p05-f25-a15-u100k/rounds.csv,4d8fe737130d1a564ce2ba2b05a067840d33b13439c3df5df815ad0b6470cb24,2,1
p05-c/2026-01-03/p05-f25-a15-u100k/signals.csv,04437775fc9e1cf4be73b7edacba4ec3e259f0c1ed8f907043d7f4020af111bd,2,1
p05-c/2026-01-03/p05-f25-a15-u25k/forms.csv,abd2aee00dc38230131bb0ab0d602ef8ce12775c77ad94e791ad70023195aba6,50,1
p05-c/2026-01-03/p05-f25-a15-u25k/rounds.csv,4d8fe737130d1a564ce2ba2b05a067840d33b13439c3df5df815ad0b6470cb24,2,1
p05-c/2026-01-03/p05-f25-a15-u25k/signals.csv,04437775fc9e1cf4be73b7edacba4ec3e259f0c1ed8f907043d7f4020af111bd,2,1
p05-c/2026-01-03/p05-f25-a15-u50k/forms.csv,abd2aee00dc38230131bb0ab0d602ef8ce12775c77ad94e791ad70023195aba6,50,1
p05-c/2026-01-03/p05-f25-a15-u50k/rounds.csv,4d8fe737130d1a564ce2ba2b05a067840d33b13439c3df5df815ad0b6470cb24,2,1
p05-c/2026-01-03/p05-f25-a15-u50k/signals.csv,04437775fc9e1cf4be73b7edacba4ec3e259f0c1ed8f907043d7f4020af111bd,2,1
p05-c/2026-01-03/p05-f25-a30-u100k/forms.csv,abd2aee00dc38230131bb0ab0d602ef8ce12775c77ad94e791ad70023195aba6,50,1
p05-c/2026-01-03/p05-f25-a30-u100k/rounds.csv,4d8fe737130d1a564ce2ba2b05a067840d33b13439c3df5df815ad0b6470cb24,2,1
p05-c/2026-01-03/p05-f25-a30-u100k/signals.csv,04437775fc9e1cf4be73b7edacba4ec3e259f0c1ed8f907043d7f4020af111bd,2,1
p05-c/2026-01-03/p05-f25-a30-u25k/forms.csv,abd2aee00dc38230131bb0ab0d602ef8ce12775c77ad94e791ad70023195aba6,50,1
p05-c/2026-01-03/p05-f25-a30-u25k/rounds.csv,4d8fe737130d1a564ce2ba2b05a067840d33b13439c3df5df815ad0b6470cb24,2,1
p05-c/2026-01-03/p05-f25-a30-u25k/signals.csv,04437775fc9e1cf4be73b7edacba4ec3e259f0c1ed8f907043d7f4020af111bd,2,1
p05-c/2026-01-03/p05-f25-a30-u50k/forms.csv,abd2aee00dc38230131bb0ab0d602ef8ce12775c77ad94e791ad70023195aba6,50,1
p05-c/2026-01-03/p05-f25-a30-u50k/rounds.csv,4d8fe737130d1a564ce2ba2b05a067840d33b13439c3df5df815ad0b6470cb24,2,1
p05-c/2026-01-03/p05-f25-a30-u50k/signals.csv,04437775fc9e1cf4be73b7edacba4ec3e259f0c1ed8f907043d7f4020af111bd,2,1
p05-c/2026-01-03/p05-f25-a60-u100k/forms.csv,abd2aee00dc38230131bb0ab0d602ef8ce12775c77ad94e791ad70023195aba6,50,1
p05-c/2026-01-03/p05-f25-a60-u100k/rounds.csv,4d8fe737130d1a564ce2ba2b05a067840d33b13439c3df5df815ad0b6470cb24,2,1
p05-c/2026-01-03/p05-f25-a60-u100k/signals.csv,04437775fc9e1cf4be73b7edacba4ec3e259f0c1ed8f907043d7f4020af111bd,2,1
p05-c/2026-01-03/p05-f25-a60-u25k/forms.csv,abd2aee00dc38230131bb0ab0d602ef8ce12775c77ad94e791ad70023195aba6,50,1
p05-c/2026-01-03/p05-f25-a60-u25k/rounds.csv,4d8fe737130d1a564ce2ba2b05a067840d33b13439c3df5df815ad0b6470cb24,2,1
p05-c/2026-01-03/p05-f25-a60-u25k/signals.csv,04437775fc9e1cf4be73b7edacba4ec3e259f0c1ed8f907043d7f4020af111bd,2,1
p05-c/2026-01-03/p05-f25-a60-u50k/forms.csv,abd2aee00dc38230131bb0ab0d602ef8ce12775c77ad94e791ad70023195aba6,50,1
p05-c/2026-01-03/p05-f25-a60-u50k/rounds.csv,4d8fe737130d1a564ce2ba2b05a067840d33b13439c3df5df815ad0b6470cb24,2,1
p05-c/2026-01-03/p05-f25-a60-u50k/signals.csv,04437775fc9e1cf4be73b7edacba4ec3e259f0c1ed8f907043d7f4020af111bd,2,1
p05-c/2026-01-03/p05-f25-a90-u100k/forms.csv,abd2aee00dc38230131bb0ab0d602ef8ce12775c77ad94e791ad70023195aba6,50,1
p05-c/2026-01-03/p05-f25-a90-u100k/rounds.csv,4d8fe737130d1a564ce2ba2b05a067840d33b13439c3df5df815ad0b6470cb24,2,1
p05-c/2026-01-03/p05-f25-a90-u100k/signals.csv,04437775fc9e1cf4be73b7edacba4ec3e259f0c1ed8f907043d7f4020af111bd,2,1
p05-c/2026-01-03/p05-f25-a90-u25k/forms.csv,abd2aee00dc38230131bb0ab0d602ef8ce12775c77ad94e791ad70023195aba6,50,1
p05-c/2026-01-03/p05-f25-a90-u25k/rounds.csv,4d8fe737130d1a564ce2ba2b05a067840d33b13439c3df5df815ad0b6470cb24,2,1
p05-c/2026-01-03/p05-f25-a90-u25k/signals.csv,04437775fc9e1cf4be73b7edacba4ec3e259f0c1ed8f907043d7f4020af111bd,2,1
p05-c/2026-01-03/p05-f25-a90-u50k/forms.csv,abd2aee00dc38230131bb0ab0d602ef8ce12775c77ad94e791ad70023195aba6,50,1
p05-c/2026-01-03/p05-f25-a90-u50k/rounds.csv,4d8fe737130d1a564ce2ba2b05a067840d33b13439c3df5df815ad0b6470cb24,2,1
p05-c/2026-01-03/p05-f25-a90-u50k/signals.csv,04437775fc9e1cf4be73b7edacba4ec3e259f0c1ed8f907043d7f4020af111bd,2,1
p05-c/2026-01-03/p05-f50-a120-u100k/forms.csv,abd2aee00dc38230131bb0ab0d602ef8ce12775c77ad94e791ad70023195aba6,50,1
p05-c/2026-01-03/p05-f50-a120-u100k/rounds.csv,4d8fe737130d1a564ce2ba2b05a067840d33b13439c3df5df815ad0b6470cb24,2,1
p05-c/2026-01-03/p05-f50-a120-u100k/signals.csv,04437775fc9e1cf4be73b7edacba4ec3e259f0c1ed8f907043d7f4020af111bd,2,1
p05-c/2026-01-03/p05-f50-a120-u25k/forms.csv,abd2aee00dc38230131bb0ab0d602ef8ce12775c77ad94e791ad70023195aba6,50,1
p05-c/2026-01-03/p05-f50-a120-u25k/rounds.csv,4d8fe737130d1a564ce2ba2b05a067840d33b13439c3df5df815ad0b6470cb24,2,1
p05-c/2026-01-03/p05-f50-a120-u25k/signals.csv,04437775fc9e1cf4be73b7edacba4ec3e259f0c1ed8f907043d7f4020af111bd,2,1
p05-c/2026-01-03/p05-f50-a120-u50k/forms.csv,abd2aee00dc38230131bb0ab0d602ef8ce12775c77ad94e791ad70023195aba6,50,1
p05-c/2026-01-03/p05-f50-a120-u50k/rounds.csv,4d8fe737130d1a564ce2ba2b05a067840d33b13439c3df5df815ad0b6470cb24,2,1
p05-c/2026-01-03/p05-f50-a120-u50k/signals.csv,04437775fc9e1cf4be73b7edacba4ec3e259f0c1ed8f907043d7f4020af111bd,2,1
p05-c/2026-01-03/p05-f50-a15-u100k/forms.csv,abd2aee00dc38230131bb0ab0d602ef8ce12775c77ad94e791ad70023195aba6,50,1
p05-c/2026-01-03/p05-f50-a15-u100k/rounds.csv,4d8fe737130d1a564ce2ba2b05a067840d33b13439c3df5df815ad0b6470cb24,2,1
p05-c/2026-01-03/p05-f50-a15-u100k/signals.csv,04437775fc9e1cf4be73b7edacba4ec3e259f0c1ed8f907043d7f4020af111bd,2,1
p05-c/2026-01-03/p05-f50-a15-u25k/forms.csv,abd2aee00dc38230131bb0ab0d602ef8ce12775c77ad94e791ad70023195aba6,50,1
p05-c/2026-01-03/p05-f50-a15-u25k/rounds.csv,4d8fe737130d1a564ce2ba2b05a067840d33b13439c3df5df815ad0b6470cb24,2,1
p05-c/2026-01-03/p05-f50-a15-u25k/signals.csv,04437775fc9e1cf4be73b7edacba4ec3e259f0c1ed8f907043d7f4020af111bd,2,1
p05-c/2026-01-03/p05-f50-a15-u50k/forms.csv,abd2aee00dc38230131bb0ab0d602ef8ce12775c77ad94e791ad70023195aba6,50,1
p05-c/2026-01-03/p05-f50-a15-u50k/rounds.csv,4d8fe737130d1a564ce2ba2b05a067840d33b13439c3df5df815ad0b6470cb24,2,1
p05-c/2026-01-03/p05-f50-a15-u50k/signals.csv,04437775fc9e1cf4be73b7edacba4ec3e259f0c1ed8f907043d7f4020af111bd,2,1
p05-c/2026-01-03/p05-f50-a30-u100k/forms.csv,abd2aee00dc38230131bb0ab0d602ef8ce12775c77ad94e791ad70023195aba6,50,1
p05-c/2026-01-03/p05-f50-a30-u100k/rounds.csv,4d8fe737130d1a564ce2ba2b05a067840d33b13439c3df5df815ad0b6470cb24,2,1
p05-c/2026-01-03/p05-f50-a30-u100k/signals.csv,04437775fc9e1cf4be73b7edacba4ec3e259f0c1ed8f907043d7f4020af111bd,2,1
p05-c/2026-01-03/p05-f50-a30-u25k/forms.csv,abd2aee00dc38230131bb0ab0d602ef8ce12775c77ad94e791ad70023195aba6,50,1
p05-c/2026-01-03/p05-f50-a30-u25k/rounds.csv,4d8fe737130d1a564ce2ba2b05a067840d33b13439c3df5df815ad0b6470cb24,2,1
p05-c/2026-01-03/p05-f50-a30-u25k/signals.csv,04437775fc9e1cf4be73b7edacba4ec3e259f0c1ed8f907043d7f4020af111bd,2,1
p05-c/2026-01-03/p05-f50-a30-u50k/forms.csv,abd2aee00dc38230131bb0ab0d602ef8ce12775c77ad94e791ad70023195aba6,50,1
p05-c/2026-01-03/p05-f50-a30-u50k/rounds.csv,4d8fe737130d1a564ce2ba2b05a067840d33b13439c3df5df815ad0b6470cb24,2,1
p05-c/2026-01-03/p05-f50-a30-u50k/signals.csv,04437775fc9e1cf4be73b7edacba4ec3e259f0c1ed8f907043d7f4020af111bd,2,1
p05-c/2026-01-03/p05-f50-a60-u100k/forms.csv,abd2aee00dc38230131bb0ab0d602ef8ce12775c77ad94e791ad70023195aba6,50,1
p05-c/2026-01-03/p05-f50-a60-u100k/rounds.csv,4d8fe737130d1a564ce2ba2b05a067840d33b13439c3df5df815ad0b6470cb24,2,1
p05-c/2026-01-03/p05-f50-a60-u100k/signals.csv,04437775fc9e1cf4be73b7edacba4ec3e259f0c1ed8f907043d7f4020af111bd,2,1
p05-c/2026-01-03/p05-f50-a60-u25k/forms.csv,abd2aee00dc38230131bb0ab0d602ef8ce12775c77ad94e791ad70023195aba6,50,1
p05-c/2026-01-03/p05-f50-a60-u25k/rounds.csv,4d8fe737130d1a564ce2ba2b05a067840d33b13439c3df5df815ad0b6470cb24,2,1
p05-c/2026-01-03/p05-f50-a60-u25k/signals.csv,04437775fc9e1cf4be73b7edacba4ec3e259f0c1ed8f907043d7f4020af111bd,2,1
p05-c/2026-01-03/p05-f50-a60-u50k/forms.csv,abd2aee00dc38230131bb0ab0d602ef8ce12775c77ad94e791ad70023195aba6,50,1
p05-c/2026-01-03/p05-f50-a60-u50k/rounds.csv,4d8fe737130d1a564ce2ba2b05a067840d33b13439c3df5df815ad0b6470cb24,2,1
p05-c/2026-01-03/p05-f50-a60-u50k/signals.csv,04437775fc9e1cf4be73b7edacba4ec3e259f0c1ed8f907043d7f4020af111bd,2,1
p05-c/2026-01-03/p05-f50-a90-u100k/forms.csv,abd2aee00dc38230131bb0ab0d602ef8ce12775c77ad94e791ad70023195aba6,50,1
p05-c/2026-01-03/p05-f50-a90-u100k/rounds.csv,4d8fe737130d1a564ce2ba2b05a067840d33b13439c3df5df815ad0b6470cb24,2,1
p05-c/2026-01-03/p05-f50-a90-u100k/signals.csv,04437775fc9e1cf4be73b7edacba4ec3e259f0c1ed8f907043d7f4020af111bd,2,1
p05-c/2026-01-03/p05-f50-a90-u25k/forms.csv,abd2aee00dc38230131bb0ab0d602ef8ce12775c77ad94e791ad70023195aba6,50,1
p05-c/2026-01-03/p05-f50-a90-u25k/rounds.csv,4d8fe737130d1a564ce2ba2b05a067840d33b13439c3df5df815ad0b6470cb24,2,1
p05-c/2026-01-03/p05-f50-a90-u25k/signals.csv,04437775fc9e1cf4be73b7edacba4ec3e259f0c1ed8f907043d7f4020af111bd,2,1
p05-c/2026-01-03/p05-f50-a90-u50k/forms.csv,abd2aee00dc38230131bb0ab0d602ef8ce12775c77ad94e791ad70023195aba6,50,1
p05-c/2026-01-03/p05-f50-a90-u50k/rounds.csv,4d8fe737130d1a564ce2ba2b05a067840d33b13439c3df5df815ad0b6470cb24,2,1
p05-c/2026-01-03/p05-f50-a90-u50k/signals.csv,04437775fc9e1cf4be73b7edacba4ec3e259f0c1ed8f907043d7f4020af111bd,2,1
p05-c/2026-01-03/p05-f75-a120-u100k/forms.csv,abd2aee00dc38230131bb0ab0d602ef8ce12775c77ad94e791ad70023195aba6,50,1
p05-c/2026-01-03/p05-f75-a120-u100k/rounds.csv,4d8fe737130d1a564ce2ba2b05a067840d33b13439c3df5df815ad0b6470cb24,2,1
p05-c/2026-01-03/p05-f75-a120-u100k/signals.csv,04437775fc9e1cf4be73b7edacba4ec3e259f0c1ed8f907043d7f4020af111bd,2,1
p05-c/2026-01-03/p05-f75-a120-u25k/forms.csv,abd2aee00dc38230131bb0ab0d602ef8ce12775c77ad94e791ad70023195aba6,50,1
p05-c/2026-01-03/p05-f75-a120-u25k/rounds.csv,4d8fe737130d1a564ce2ba2b05a067840d33b13439c3df5df815ad0b6470cb24,2,1
p05-c/2026-01-03/p05-f75-a120-u25k/signals.csv,04437775fc9e1cf4be73b7edacba4ec3e259f0c1ed8f907043d7f4020af111bd,2,1
p05-c/2026-01-03/p05-f75-a120-u50k/forms.csv,abd2aee00dc38230131bb0ab0d602ef8ce12775c77ad94e791ad70023195aba6,50,1
p05-c/2026-01-03/p05-f75-a120-u50k/rounds.csv,4d8fe737130d1a564ce2ba2b05a067840d33b13439c3df5df815ad0b6470cb24,2,1
p05-c/2026-01-03/p05-f75-a120-u50k/signals.csv,04437775fc9e1cf4be73b7edacba4ec3e259f0c1ed8f907043d7f4020af111bd,2,1
p05-c/2026-01-03/p05-f75-a15-u100k/forms.csv,abd2aee00dc38230131bb0ab0d602ef8ce12775c77ad94e791ad70023195aba6,50,1
p05-c/2026-01-03/p05-f75-a15-u100k/rounds.csv,4d8fe737130d1a564ce2ba2b05a067840d33b13439c3df5df815ad0b6470cb24,2,1
p05-c/2026-01-03/p05-f75-a15-u100k/signals.csv,04437775fc9e1cf4be73b7edacba4ec3e259f0c1ed8f907043d7f4020af111bd,2,1
p05-c/2026-01-03/p05-f75-a15-u25k/forms.csv,abd2aee00dc38230131bb0ab0d602ef8ce12775c77ad94e791ad70023195aba6,50,1
p05-c/2026-01-03/p05-f75-a15-u25k/rounds.csv,4d8fe737130d1a564ce2ba2b05a067840d33b13439c3df5df815ad0b6470cb24,2,1
p05-c/2026-01-03/p05-f75-a15-u25k/signals.csv,04437775fc9e1cf4be73b7edacba4ec3e259f0c1ed8f907043d7f4020af111bd,2,1
p05-c/2026-01-03/p05-f75-a15-u50k/forms.csv,abd2aee00dc38230131bb0ab0d602ef8ce12775c77ad94e791ad70023195aba6,50,1
p05-c/2026-01-03/p05-f75-a15-u50k/rounds.csv,4d8fe737130d1a564ce2ba2b05a067840d33b13439c3df5df815ad0b6470cb24,2,1
p05-c/2026-01-03/p05-f75-a15-u50k/signals.csv,04437775fc9e1cf4be73b7edacba4ec3e259f0c1ed8f907043d7f4020af111bd,2,1
p05-c/2026-01-03/p05-f75-a30-u100k/forms.csv,abd2aee00dc38230131bb0ab0d602ef8ce12775c77ad94e791ad70023195aba6,50,1
p05-c/2026-01-03/p05-f75-a30-u100k/rounds.csv,4d8fe737130d1a564ce2ba2b05a067840d33b13439c3df5df815ad0b6470cb24,2,1
p05-c/2026-01-03/p05-f75-a30-u100k/signals.csv,04437775fc9e1cf4be73b7edacba4ec3e259f0c1ed8f907043d7f4020af111bd,2,1
p05-c/2026-01-03/p05-f75-a30-u25k/forms.csv,abd2aee00dc38230131bb0ab0d602ef8ce12775c77ad94e791ad70023195aba6,50,1
p05-c/2026-01-03/p05-f75-a30-u25k/rounds.csv,4d8fe737130d1a564ce2ba2b05a067840d33b13439c3df5df815ad0b6470cb24,2,1
p05-c/2026-01-03/p05-f75-a30-u25k/signals.csv,04437775fc9e1cf4be73b7edacba4ec3e259f0c1ed8f907043d7f4020af111bd,2,1
p05-c/2026-01-03/p05-f75-a30-u50k/forms.csv,abd2aee00dc38230131bb0ab0d602ef8ce12775c77ad94e791ad70023195aba6,50,1
p05-c/2026-01-03/p05-f75-a30-u50k/rounds.csv,4d8fe737130d1a564ce2ba2b05a067840d33b13439c3df5df815ad0b6470cb24,2,1
p05-c/2026-01-03/p05-f75-a30-u50k/signals.csv,04437775fc9e1cf4be73b7edacba4ec3e259f0c1ed8f907043d7f4020af111bd,2,1
p05-c/2026-01-03/p05-f75-a60-u100k/forms.csv,abd2aee00dc38230131bb0ab0d602ef8ce12775c77ad94e791ad70023195aba6,50,1
p05-c/2026-01-03/p05-f75-a60-u100k/rounds.csv,4d8fe737130d1a564ce2ba2b05a067840d33b13439c3df5df815ad0b6470cb24,2,1
p05-c/2026-01-03/p05-f75-a60-u100k/signals.csv,04437775fc9e1cf4be73b7edacba4ec3e259f0c1ed8f907043d7f4020af111bd,2,1
p05-c/2026-01-03/p05-f75-a60-u25k/forms.csv,abd2aee00dc38230131bb0ab0d602ef8ce12775c77ad94e791ad70023195aba6,50,1
p05-c/2026-01-03/p05-f75-a60-u25k/rounds.csv,4d8fe737130d1a564ce2ba2b05a067840d33b13439c3df5df815ad0b6470cb24,2,1
p05-c/2026-01-03/p05-f75-a60-u25k/signals.csv,04437775fc9e1cf4be73b7edacba4ec3e259f0c1ed8f907043d7f4020af111bd,2,1
p05-c/2026-01-03/p05-f75-a60-u50k/forms.csv,abd2aee00dc38230131bb0ab0d602ef8ce12775c77ad94e791ad70023195aba6,50,1
p05-c/2026-01-03/p05-f75-a60-u50k/rounds.csv,4d8fe737130d1a564ce2ba2b05a067840d33b13439c3df5df815ad0b6470cb24,2,1
p05-c/2026-01-03/p05-f75-a60-u50k/signals.csv,04437775fc9e1cf4be73b7edacba4ec3e259f0c1ed8f907043d7f4020af111bd,2,1
p05-c/2026-01-03/p05-f75-a90-u100k/forms.csv,abd2aee00dc38230131bb0ab0d602ef8ce12775c77ad94e791ad70023195aba6,50,1
p05-c/2026-01-03/p05-f75-a90-u100k/rounds.csv,4d8fe737130d1a564ce2ba2b05a067840d33b13439c3df5df815ad0b6470cb24,2,1
p05-c/2026-01-03/p05-f75-a90-u100k/signals.csv,04437775fc9e1cf4be73b7edacba4ec3e259f0c1ed8f907043d7f4020af111bd,2,1
p05-c/2026-01-03/p05-f75-a90-u25k/forms.csv,abd2aee00dc38230131bb0ab0d602ef8ce12775c77ad94e791ad70023195aba6,50,1
p05-c/2026-01-03/p05-f75-a90-u25k/rounds.csv,4d8fe737130d1a564ce2ba2b05a067840d33b13439c3df5df815ad0b6470cb24,2,1
p05-c/2026-01-03/p05-f75-a90-u25k/signals.csv,04437775fc9e1cf4be73b7edacba4ec3e259f0c1ed8f907043d7f4020af111bd,2,1
p05-c/2026-01-03/p05-f75-a90-u50k/forms.csv,abd2aee00dc38230131bb0ab0d602ef8ce12775c77ad94e791ad70023195aba6,50,1
p05-c/2026-01-03/p05-f75-a90-u50k/rounds.csv,4d8fe737130d1a564ce2ba2b05a067840d33b13439c3df5df815ad0b6470cb24,2,1
p05-c/2026-01-03/p05-f75-a90-u50k/signals.csv,04437775fc9e1cf4be73b7edacba4ec3e259f0c1ed8f907043d7f4020af111bd,2,1
p07a-base/2026-01-03/.done,e3b0c44298fc1c149afbf4c8996fb92427ae41e4649b934ca495991b7852b855,1,0
p07a-base/2026-01-03/t-bid-btc4h-q1/forms.csv,9b7c12438e9639b398d5ba4e640de08dc6b8dc523935e64ae72755d06ea83695,50,1
p07a-base/2026-01-03/t-bid-btc4h-q1/rounds.csv,09ea7bbe2b3c86c158f3f139dc78068ece261a7fc43f2344f90cfa8850e5d848,12,1
p07a-base/2026-01-03/t-bid-btc4h-q1/signals.csv,edf3ded1d6ef925e80ba458cf695984b4bc08018a052f18eae58076363e2cbcf,27,1
p07a-h13-gone30wall0/2026-01-03/.done,e3b0c44298fc1c149afbf4c8996fb92427ae41e4649b934ca495991b7852b855,1,0
p07a-h13-gone30wall0/2026-01-03/t-bid-btc4h-q1/forms.csv,eefc60a6b0c4a5c1d7750d2966a4726bec85cfde3d685b2a97172ffa275e25c8,50,1
p07a-h13-gone30wall0/2026-01-03/t-bid-btc4h-q1/rounds.csv,d434e634807ea7041a9e929cbc97f00853193651de54d772993c1ce2d64784f6,12,1
p07a-h13-gone30wall0/2026-01-03/t-bid-btc4h-q1/signals.csv,9c3959292926091e3b30eaf2db103a5d6840419205a330d3a93e599c924f3adf,27,1
p07a-h13-gone30wallk0/2026-01-03/.done,e3b0c44298fc1c149afbf4c8996fb92427ae41e4649b934ca495991b7852b855,1,0
p07a-h13-gone30wallk0/2026-01-03/t-bid-btc4h-q1/forms.csv,0b3e8250fb971aedf5af349464cb4ce93cedaa267766d93be9e9450a584f6813,50,1
p07a-h13-gone30wallk0/2026-01-03/t-bid-btc4h-q1/rounds.csv,79f2fce1994c46bb2f111a2288a0b159025d15e07f42c31feaa48fc0c11eafbc,12,1
p07a-h13-gone30wallk0/2026-01-03/t-bid-btc4h-q1/signals.csv,e8bef57c4c37e083fa4d6aec0f16d44d734b6daa3f1557948136a06480c2c85a,27,1
p07a-h13-gone30wallx0/2026-01-03/.done,e3b0c44298fc1c149afbf4c8996fb92427ae41e4649b934ca495991b7852b855,1,0
p07a-h13-gone30wallx0/2026-01-03/t-bid-btc4h-q1/forms.csv,c47df57579ae4cfa430aacb4465e39a87aa155fdafcdb08435dafd6c57e080c7,50,1
p07a-h13-gone30wallx0/2026-01-03/t-bid-btc4h-q1/rounds.csv,37ad96dc80c7f2f38d4bfcf69c72f93a6e7d109ff9847c3bca0470fbb6c591b7,12,1
p07a-h13-gone30wallx0/2026-01-03/t-bid-btc4h-q1/signals.csv,ad24203777c7ae120fa04b9d2077a10a8f1576970a9d14c2762823949ae6ee58,27,1
p07a-h13-gone50wall0/2026-01-03/.done,e3b0c44298fc1c149afbf4c8996fb92427ae41e4649b934ca495991b7852b855,1,0
p07a-h13-gone50wall0/2026-01-03/t-bid-btc4h-q1/forms.csv,0077bab5a3c6ce6eb7baa746cae0b0ed4724e952a76c4de486750a4dd1ff4974,50,1
p07a-h13-gone50wall0/2026-01-03/t-bid-btc4h-q1/rounds.csv,071acb72c3f32f0a71b8167d0691bb2c409872a70d528b3b10bf6242892af9d7,12,1
p07a-h13-gone50wall0/2026-01-03/t-bid-btc4h-q1/signals.csv,538f4a809dfcdc01b08569b4809af37e9a9ffa47f39cab2ad464b801fff82f9e,27,1
p07a-h13-gone50wall10/2026-01-03/.done,e3b0c44298fc1c149afbf4c8996fb92427ae41e4649b934ca495991b7852b855,1,0
p07a-h13-gone50wall10/2026-01-03/t-bid-btc4h-q1/forms.csv,309e34348ba253487f9b3e23dcd007a1697695551a037d6ec422e742b57b4b0a,50,1
p07a-h13-gone50wall10/2026-01-03/t-bid-btc4h-q1/rounds.csv,1e6fdf1e7998529db5d1f09caf875344a0f066c821e87a026f96d78f3e3d8ee8,12,1
p07a-h13-gone50wall10/2026-01-03/t-bid-btc4h-q1/signals.csv,49a1b02843d44950d50218feb4969382a2a9d9742efa2c6d576dac0952db11aa,27,1
p07a-h13-gone50wallk0/2026-01-03/.done,e3b0c44298fc1c149afbf4c8996fb92427ae41e4649b934ca495991b7852b855,1,0
p07a-h13-gone50wallk0/2026-01-03/t-bid-btc4h-q1/forms.csv,1293d517f74cce78e8204325891bfb6d0c3aae121af96eebe081e3e5929c9e26,50,1
p07a-h13-gone50wallk0/2026-01-03/t-bid-btc4h-q1/rounds.csv,0c919bd1124db8c2e0488a8f635efc5ea7801431d5c08de6438f0a1a2dff2e07,12,1
p07a-h13-gone50wallk0/2026-01-03/t-bid-btc4h-q1/signals.csv,acbd511d7bef6292aa94f56edc6f032bb703204681173dd8b4814645240ff7ac,27,1
p07a-h13-gone50wallk10/2026-01-03/.done,e3b0c44298fc1c149afbf4c8996fb92427ae41e4649b934ca495991b7852b855,1,0
p07a-h13-gone50wallk10/2026-01-03/t-bid-btc4h-q1/forms.csv,66590ce03a39f06347b47d8328c38ca1ed4b376364a99851271659c8bcfc59aa,50,1
p07a-h13-gone50wallk10/2026-01-03/t-bid-btc4h-q1/rounds.csv,86b2ee805c7f4dea444f6f238dcdb1ea74f86ffc44c6ff95ed342df69d0154dc,12,1
p07a-h13-gone50wallk10/2026-01-03/t-bid-btc4h-q1/signals.csv,9dc864e044b5f99fa212924182b7d4f11003a5c31c2cb3d7fb0edea316354310,27,1
p07a-h13-gone50wallx0/2026-01-03/.done,e3b0c44298fc1c149afbf4c8996fb92427ae41e4649b934ca495991b7852b855,1,0
p07a-h13-gone50wallx0/2026-01-03/t-bid-btc4h-q1/forms.csv,4bd843e729f57dd6692b39fdb171a8548af349cc54b82b4b451ba88a6a8076e8,50,1
p07a-h13-gone50wallx0/2026-01-03/t-bid-btc4h-q1/rounds.csv,43a0139492987adec27e2b86cc23ed2d179bec535160c1b0b700257b00f69650,12,1
p07a-h13-gone50wallx0/2026-01-03/t-bid-btc4h-q1/signals.csv,cc3da38607571b767468230a5e413d90ef09c305bad7af416ad71cfe0a5b4de2,27,1
p07a-h13-gone50wallx10/2026-01-03/.done,e3b0c44298fc1c149afbf4c8996fb92427ae41e4649b934ca495991b7852b855,1,0
p07a-h13-gone50wallx10/2026-01-03/t-bid-btc4h-q1/forms.csv,7656e93a0b1698320d526a74388fce31c4922fc466eebe93fa0e1bc76a053c88,50,1
p07a-h13-gone50wallx10/2026-01-03/t-bid-btc4h-q1/rounds.csv,14029c1d4473da8f2f881ca8bfc13a60c85dce9d4a90be7c4d0e807ffd8b1625,12,1
p07a-h13-gone50wallx10/2026-01-03/t-bid-btc4h-q1/signals.csv,82b41a87c0656db588b7b7f46eb1e64c500bda952fcec1595efa357a729740ef,27,1
p07a-h13-gone90wall0/2026-01-03/.done,e3b0c44298fc1c149afbf4c8996fb92427ae41e4649b934ca495991b7852b855,1,0
p07a-h13-gone90wall0/2026-01-03/t-bid-btc4h-q1/forms.csv,88cc7ea62c13ce985d7356d1e2aa39c53836200ff08d5c5ef11e4883c2ec75c4,50,1
p07a-h13-gone90wall0/2026-01-03/t-bid-btc4h-q1/rounds.csv,420bcb7232ca0d4bae2e9fc7a9c88204ebe7db7ce95ab0047682fe7d65629c53,12,1
p07a-h13-gone90wall0/2026-01-03/t-bid-btc4h-q1/signals.csv,00050a7712d9ca9e9a0fbd9ddf5e7730e6eb2652ce22b0dc5fcb9591e19aa044,27,1
p07a-h13-gone90wallk0/2026-01-03/.done,e3b0c44298fc1c149afbf4c8996fb92427ae41e4649b934ca495991b7852b855,1,0
p07a-h13-gone90wallk0/2026-01-03/t-bid-btc4h-q1/forms.csv,0977dcdb4f6982d06f6ece75d17a357ba11c18b548c2650d38e399623cb64ace,50,1
p07a-h13-gone90wallk0/2026-01-03/t-bid-btc4h-q1/rounds.csv,fec31db95709fd2aaf1b8f2ecf693815daa5ef0b22befd225bf129a9cc456191,12,1
p07a-h13-gone90wallk0/2026-01-03/t-bid-btc4h-q1/signals.csv,ffcf95afd23e1b857179a4afb3d36879e535261e0941dc639018621e3a18a242,27,1
p07a-h13-gone90wallx0/2026-01-03/.done,e3b0c44298fc1c149afbf4c8996fb92427ae41e4649b934ca495991b7852b855,1,0
p07a-h13-gone90wallx0/2026-01-03/t-bid-btc4h-q1/forms.csv,44d99382a28b688aa2d04e02137b305a7fb59d020acd9e38d4a3ec76c124a5c6,50,1
p07a-h13-gone90wallx0/2026-01-03/t-bid-btc4h-q1/rounds.csv,0469d4e46f31895bc0de23eec4f5152943d2be24a7e0919240a740ce3bdf0580,12,1
p07a-h13-gone90wallx0/2026-01-03/t-bid-btc4h-q1/signals.csv,576f849f3e39ad39d12856465918a16ef70dbe8d0ad360250880cc75d74c079d,27,1
p07a-h2-fr1/2026-01-03/.done,e3b0c44298fc1c149afbf4c8996fb92427ae41e4649b934ca495991b7852b855,1,0
p07a-h2-fr1/2026-01-03/t-bid-btc4h-q1/forms.csv,81e5a6e0cf8cefffe01d65c4f5fc457b78f40d0ef323b4b02dec9625d548aee2,50,1
p07a-h2-fr1/2026-01-03/t-bid-btc4h-q1/rounds.csv,9122d40670ab9adfb620a7f6b8526a2aa1b8d8341ae94ba89b9cce58c8d1b6f5,17,1
p07a-h2-fr1/2026-01-03/t-bid-btc4h-q1/signals.csv,b88a99d044f1701da5db2c566d982b012383e4285e119a6af81ca8697bea588e,27,1
p07a-h2-fr2/2026-01-03/.done,e3b0c44298fc1c149afbf4c8996fb92427ae41e4649b934ca495991b7852b855,1,0
p07a-h2-fr2/2026-01-03/t-bid-btc4h-q1/forms.csv,1c61176b1b1096a57b1576c9cc8f16ae5766cf9923f74d87777e04c07428a39c,50,1
p07a-h2-fr2/2026-01-03/t-bid-btc4h-q1/rounds.csv,6dfc0a9cafb6236225fadb1b8eb5d52cb42be8fe4bf503029c7a851bf3af08ef,19,1
p07a-h2-fr2/2026-01-03/t-bid-btc4h-q1/signals.csv,d10081eb6d21dec09d91f7bf156d0baff5c30bc325e4039586af5766f10b1d54,27,1
p07a-h2-fr3/2026-01-03/.done,e3b0c44298fc1c149afbf4c8996fb92427ae41e4649b934ca495991b7852b855,1,0
p07a-h2-fr3/2026-01-03/t-bid-btc4h-q1/forms.csv,61a52dbb371995414156e67ceb7ef8a4dbbb2be9cb7657adcde41c70ce531a99,50,1
p07a-h2-fr3/2026-01-03/t-bid-btc4h-q1/rounds.csv,93fdb7404670e78cf32da245cd13edd76be9ef03d7f89c24aea7f78a94742a85,3,1
p07a-h2-fr3/2026-01-03/t-bid-btc4h-q1/signals.csv,2c95edb498fd70c89e8f2c9d1fa6d59386dcc6eec5e2809e586d17e9c9db950c,27,1
p07a-h3-100000/2026-01-03/.done,e3b0c44298fc1c149afbf4c8996fb92427ae41e4649b934ca495991b7852b855,1,0
p07a-h3-100000/2026-01-03/t-bid-btc4h-q1/forms.csv,41f0ab0ed26959ed2dddc11a8915eb085ebeb0dca736599bc56f9bb7e94ccfdd,50,1
p07a-h3-100000/2026-01-03/t-bid-btc4h-q1/rounds.csv,4d8fe737130d1a564ce2ba2b05a067840d33b13439c3df5df815ad0b6470cb24,2,1
p07a-h3-100000/2026-01-03/t-bid-btc4h-q1/signals.csv,04437775fc9e1cf4be73b7edacba4ec3e259f0c1ed8f907043d7f4020af111bd,2,1
p07a-h3-25000/2026-01-03/.done,e3b0c44298fc1c149afbf4c8996fb92427ae41e4649b934ca495991b7852b855,1,0
p07a-h3-25000/2026-01-03/t-bid-btc4h-q1/forms.csv,bc5e17a97c193cd0d3bf07a414ddc9b063f2c12bb967aad87dd202ba08fc27ba,50,1
p07a-h3-25000/2026-01-03/t-bid-btc4h-q1/rounds.csv,4b7cc747acf4568363146179c2258f0231dba3d1487cd3771be5e525228cc98a,9,1
p07a-h3-25000/2026-01-03/t-bid-btc4h-q1/signals.csv,63fead9af7cc480932e5f9dad03205fa8b1c1120740d3ed3db2d911dfa7eb29f,16,1
p07a-h3-50000/2026-01-03/.done,e3b0c44298fc1c149afbf4c8996fb92427ae41e4649b934ca495991b7852b855,1,0
p07a-h3-50000/2026-01-03/t-bid-btc4h-q1/forms.csv,7cf3c8ebaf6400b6bcc17111f3ba3522a51e582d2923b66d75dc109df45f3ee9,50,1
p07a-h3-50000/2026-01-03/t-bid-btc4h-q1/rounds.csv,4d8fe737130d1a564ce2ba2b05a067840d33b13439c3df5df815ad0b6470cb24,2,1
p07a-h3-50000/2026-01-03/t-bid-btc4h-q1/signals.csv,5619ee413ac530bb2676e803b3417810c3e84af5d330c04c3f96d4e6787b33e0,3,1
p07a-h4-1800/2026-01-03/.done,e3b0c44298fc1c149afbf4c8996fb92427ae41e4649b934ca495991b7852b855,1,0
p07a-h4-1800/2026-01-03/t-bid-btc4h-q1/forms.csv,9aeb32a7052d206e811f606f51416c7a9e2e958008a2a62494346c3d4fe7f9e0,50,1
p07a-h4-1800/2026-01-03/t-bid-btc4h-q1/rounds.csv,d4d7276c55bc7916e0e0b650ac18717a106321c9ee1f1bc81590b4da7e051f21,23,1
p07a-h4-1800/2026-01-03/t-bid-btc4h-q1/signals.csv,4151f65b9e371d1a5a1d3fd20f701daae72c3e35e2959eb28cab5e2b24f199d9,75,1
p07a-h4-3600/2026-01-03/.done,e3b0c44298fc1c149afbf4c8996fb92427ae41e4649b934ca495991b7852b855,1,0
p07a-h4-3600/2026-01-03/t-bid-btc4h-q1/forms.csv,4b27ccd635ba25ba720d7674cb56ef93fe67046a3946ff7454c3c46d230c854e,50,1
p07a-h4-3600/2026-01-03/t-bid-btc4h-q1/rounds.csv,f722dc470400b294a66557b7eb072045f8feb80cb1fdbeb60230ad863cb12502,9,1
p07a-h4-3600/2026-01-03/t-bid-btc4h-q1/signals.csv,c26edd85dc2e469914156c362c61a7ea564a17aafc653d7a403035e662d148ff,15,1
p07a-h4-5400/2026-01-03/.done,e3b0c44298fc1c149afbf4c8996fb92427ae41e4649b934ca495991b7852b855,1,0
p07a-h4-5400/2026-01-03/t-bid-btc4h-q1/forms.csv,30d6430291a8d65fbae7f8aba2fc96d90bdb94a51ea9ca4b2fd4f6159dbd5e5c,50,1
p07a-h4-5400/2026-01-03/t-bid-btc4h-q1/rounds.csv,8fc456b0e4fdf02e65901d736832ee03bd7e9c4b081fc67175515ddee4386562,7,1
p07a-h4-5400/2026-01-03/t-bid-btc4h-q1/signals.csv,33cca62efe698ad4907181928ef9fe798ae39c3b332193761a084aa7f32ee5a2,11,1
p07a-h4-900/2026-01-03/.done,e3b0c44298fc1c149afbf4c8996fb92427ae41e4649b934ca495991b7852b855,1,0
p07a-h4-900/2026-01-03/t-bid-btc4h-q1/forms.csv,83f4d3ebddf310f514d01fd780eafcf5d8a105bf28376320e225ecfe9463f32d,50,1
p07a-h4-900/2026-01-03/t-bid-btc4h-q1/rounds.csv,11fd9e1afd1973d484e970eebb94b064ef3625bcc48b5fa0d459813c9f4d2793,45,1
p07a-h4-900/2026-01-03/t-bid-btc4h-q1/signals.csv,f4e83f932ccea5e1bbded147940e6807a4ef0f66ec271d5a480ac5467e18133a,227,1
p07a-h5-btc1h/2026-01-03/.done,e3b0c44298fc1c149afbf4c8996fb92427ae41e4649b934ca495991b7852b855,1,0
p07a-h5-btc1h/2026-01-03/t-bid-btc1h-q1/forms.csv,26c688971da98a45431d827a81fddcb5409228bd3b28e41e510ad6fc84a4a38a,50,1
p07a-h5-btc1h/2026-01-03/t-bid-btc1h-q1/rounds.csv,078b04bf671b825dd8ea25705bedd04a9bc2223d3eb88d2d0922fcc1233e3bc8,10,1
p07a-h5-btc1h/2026-01-03/t-bid-btc1h-q1/signals.csv,3f5ce540c3ffd2cfe89e4f8900cf47d563d5cb5b5566a5715afc8d2c1495b2e9,32,1
p07a-h5-btc2h/2026-01-03/.done,e3b0c44298fc1c149afbf4c8996fb92427ae41e4649b934ca495991b7852b855,1,0
p07a-h5-btc2h/2026-01-03/t-bid-btc2h-q1/forms.csv,b9559888546722cdf77c38edacb476aa02fcf54ba308c25beb9eedbf83531eed,50,1
p07a-h5-btc2h/2026-01-03/t-bid-btc2h-q1/rounds.csv,4cd2f515e730d5bf7e4273554ffec5fb267b1dbebf1b43e9f408bb8efd55cc27,8,1
p07a-h5-btc2h/2026-01-03/t-bid-btc2h-q1/signals.csv,240b0db20e3f312ee22c2070dbfbea4d16eea8858543d89e9e92cbb7d702b899,19,1
p07a-h5-btc3h/2026-01-03/.done,e3b0c44298fc1c149afbf4c8996fb92427ae41e4649b934ca495991b7852b855,1,0
p07a-h5-btc3h/2026-01-03/t-bid-btc3h-q1/forms.csv,bf46968e1438ed3316ee22135c57715a7c45cbbfcf16272fd40ac029a365be38,50,1
p07a-h5-btc3h/2026-01-03/t-bid-btc3h-q1/rounds.csv,0b798f04d042e93642cb63332357f7234eb11b9c58a949efabe7b191cc71bc65,12,1
p07a-h5-btc3h/2026-01-03/t-bid-btc3h-q1/signals.csv,e2ece29d25e001ecb686e49c81e989d847a297c4f27f6d75ebe519ffd6fc76ba,26,1
p07a-h6-at/2026-01-03/.done,e3b0c44298fc1c149afbf4c8996fb92427ae41e4649b934ca495991b7852b855,1,0
p07a-h6-at/2026-01-03/t-bid-btc4h-q1/forms.csv,9b10dd2ea5bdc2c456523ad7390c3e9991311b36030a382312dcdf418dc26686,50,1
p07a-h6-at/2026-01-03/t-bid-btc4h-q1/rounds.csv,825fea5ec35bd4865336b4e0403f1799074157f91ced7941b52e80e0bc1de805,12,1
p07a-h6-at/2026-01-03/t-bid-btc4h-q1/signals.csv,7e452c8ff0c22ae2be437fa4fc60fd06f616e0632531770bbde67abf1b387ed7,27,1
p07a-h6-before/2026-01-03/.done,e3b0c44298fc1c149afbf4c8996fb92427ae41e4649b934ca495991b7852b855,1,0
p07a-h6-before/2026-01-03/t-bid-btc4h-q1/forms.csv,04d9d3f167d22c457db03f48317f820df1a6412ed375662c0754842c6ae349b1,50,1
p07a-h6-before/2026-01-03/t-bid-btc4h-q1/rounds.csv,4d8fe737130d1a564ce2ba2b05a067840d33b13439c3df5df815ad0b6470cb24,2,1
p07a-h6-before/2026-01-03/t-bid-btc4h-q1/signals.csv,04437775fc9e1cf4be73b7edacba4ec3e259f0c1ed8f907043d7f4020af111bd,2,1
p07a-h6-behind/2026-01-03/.done,e3b0c44298fc1c149afbf4c8996fb92427ae41e4649b934ca495991b7852b855,1,0
p07a-h6-behind/2026-01-03/t-bid-btc4h-q1/forms.csv,cee016c2854fa4b79089553803f1adac11d9ca6a2a0fc8cf3ee1eaf904dab511,50,1
p07a-h6-behind/2026-01-03/t-bid-btc4h-q1/rounds.csv,26cd8556b025d9f9f367cd9b4cdc57399226c64ff59921c37896aee249b4ad59,12,1
p07a-h6-behind/2026-01-03/t-bid-btc4h-q1/signals.csv,7705eff0da5afec7ed88a92a979c950376d2c057c22c7ccf5f461e51eeaf450c,27,1
p07a-h6-pct1.5/2026-01-03/.done,e3b0c44298fc1c149afbf4c8996fb92427ae41e4649b934ca495991b7852b855,1,0
p07a-h6-pct1.5/2026-01-03/t-bid-btc4h-q1/forms.csv,e299a16ec1674cfe23fa4d152b420853a42d4ccb8fb140bc8d195f12b831918d,50,1
p07a-h6-pct1.5/2026-01-03/t-bid-btc4h-q1/rounds.csv,032f2c99e8f207f2e3382f3f0ae22e6317cf781b336ffee6bcfdf28d8aee786e,12,1
p07a-h6-pct1.5/2026-01-03/t-bid-btc4h-q1/signals.csv,88684d414e1908d4f34abf9658e08ca2849030508d01454f9cf40855846f21ca,27,1
p07a-h6-pct3/2026-01-03/.done,e3b0c44298fc1c149afbf4c8996fb92427ae41e4649b934ca495991b7852b855,1,0
p07a-h6-pct3/2026-01-03/t-bid-btc4h-q1/forms.csv,b52f476e298d9fdee31bd818b5ee58f5f3dbe2bbbe546acae31f1d5badc62ce5,50,1
p07a-h6-pct3/2026-01-03/t-bid-btc4h-q1/rounds.csv,9664234ce914aecf7088bd01e8ecc0d6f86f91b8eb7ecdd821152a634a0463b2,12,1
p07a-h6-pct3/2026-01-03/t-bid-btc4h-q1/signals.csv,fe662aa8dcd7bce998c28ef37ebbdb543b5f94643d71b178a1153c28a15e4807,27,1
p07a-h7-1to1/2026-01-03/.done,e3b0c44298fc1c149afbf4c8996fb92427ae41e4649b934ca495991b7852b855,1,0
p07a-h7-1to1/2026-01-03/t-bid-btc4h-q1/forms.csv,89f236e23debc9d1b869816fe0ed238ab68506b51330ccb7189b9d92fc7014bb,50,1
p07a-h7-1to1/2026-01-03/t-bid-btc4h-q1/rounds.csv,c9c7f00f7b6e5483d13308368b6cc640ee5b0780f1a508d4843f0960e8fc8c80,12,1
p07a-h7-1to1/2026-01-03/t-bid-btc4h-q1/signals.csv,ed7566dbf0d08b799c566682640e64f051b38cda41723016be44605450d1b503,27,1
p07a-h7-tr1.5x1/2026-01-03/.done,e3b0c44298fc1c149afbf4c8996fb92427ae41e4649b934ca495991b7852b855,1,0
p07a-h7-tr1.5x1/2026-01-03/t-bid-btc4h-q1/forms.csv,9101e38a837fdcd0d3aab18cb83386bc38c402685c4962f5e0954d499e701881,50,1
p07a-h7-tr1.5x1/2026-01-03/t-bid-btc4h-q1/rounds.csv,e45250be06d52eb788b6ab872beebf9a4841865dc70efd44fa5c90e931aac4bc,12,1
p07a-h7-tr1.5x1/2026-01-03/t-bid-btc4h-q1/signals.csv,2b0116c28a7c51772d01c852568b47fa366135e81ab5d0c097c0c1b521d75b4f,27,1
p07a-h7-tr1x1.5/2026-01-03/.done,e3b0c44298fc1c149afbf4c8996fb92427ae41e4649b934ca495991b7852b855,1,0
p07a-h7-tr1x1.5/2026-01-03/t-bid-btc4h-q1/forms.csv,e2c1a8faad43eb953afe3aeaa2bcf899a9392c2ce5fd6ac2815416db6c1d79fe,50,1
p07a-h7-tr1x1.5/2026-01-03/t-bid-btc4h-q1/rounds.csv,324a12254fe61e1d78572daa2692b8dde3c2bab526973bcb51d875e25198e76b,12,1
p07a-h7-tr1x1.5/2026-01-03/t-bid-btc4h-q1/signals.csv,b5a9a5520d83e5d5b2e5791d580ca2c09e330679c999aa20f23d1115508273dc,27,1
p07a-h7-tr2x1/2026-01-03/.done,e3b0c44298fc1c149afbf4c8996fb92427ae41e4649b934ca495991b7852b855,1,0
p07a-h7-tr2x1/2026-01-03/t-bid-btc4h-q1/forms.csv,0347bc013713b6ebb41619e8cc1727ed091f83f363200e5df8a5cf8b97aa446f,50,1
p07a-h7-tr2x1/2026-01-03/t-bid-btc4h-q1/rounds.csv,0c93a5e5f583a41a20039947584c2caf5f19d62cb6d769dfb8182fdcdf453882,12,1
p07a-h7-tr2x1/2026-01-03/t-bid-btc4h-q1/signals.csv,b91746ab64188b0d540b30963a070f1823468f18b594c7a4aa29612b3d68465d,27,1
p07a-h8-3600/2026-01-03/.done,e3b0c44298fc1c149afbf4c8996fb92427ae41e4649b934ca495991b7852b855,1,0
p07a-h8-3600/2026-01-03/t-bid-btc4h-q1/forms.csv,608fba0c032fdcec6c79622da2a121b4c3ae89b0dc7167e9f9665697c5f1af3a,50,1
p07a-h8-3600/2026-01-03/t-bid-btc4h-q1/rounds.csv,58fd7d20ee07aec06efb9f8a515daf4ff239bf678d740fb9d860ea8d8c36e07a,12,1
p07a-h8-3600/2026-01-03/t-bid-btc4h-q1/signals.csv,99b758b965bd17ed34c601db7ddc69bb4fc1b2afab083b6be5837a4dc56d8d0c,27,1
p07a-h8-7200/2026-01-03/.done,e3b0c44298fc1c149afbf4c8996fb92427ae41e4649b934ca495991b7852b855,1,0
p07a-h8-7200/2026-01-03/t-bid-btc4h-q1/forms.csv,e9b2121affb362429d2c47e7550459a8585a40409a69d4a20727a2b3de77d46f,50,1
p07a-h8-7200/2026-01-03/t-bid-btc4h-q1/rounds.csv,79bdd6e57d6e7acdbb635315ddaeb8cb9204305b546e2a313d95c008e00de4b9,12,1
p07a-h8-7200/2026-01-03/t-bid-btc4h-q1/signals.csv,f58377c0422a5878cfd7f68ad1c2ad33dde48c38a1f24a28aced7bf65e136632,27,1
p07b-base/2026-01-03/.done,e3b0c44298fc1c149afbf4c8996fb92427ae41e4649b934ca495991b7852b855,1,0
p07b-base/2026-01-03/t-bid-btc4h-q1/forms.csv,84dacea2072c935d7db14c20bf1b90549dcb58fb28721e496d177d831487a40b,50,1
p07b-base/2026-01-03/t-bid-btc4h-q1/rounds.csv,fb082a38e3f91881a68fcb88db91b7c164a60779745a50f24bd266754311ddf3,23,1
p07b-base/2026-01-03/t-bid-btc4h-q1/signals.csv,65ae5c0d54682ef1b2cbb9e8a8b57f54bc60751b83b6c7ec91b39054a4b08f24,27,1
p07b-h13-gone30wall0/2026-01-03/.done,e3b0c44298fc1c149afbf4c8996fb92427ae41e4649b934ca495991b7852b855,1,0
p07b-h13-gone30wall0/2026-01-03/t-bid-btc4h-q1/forms.csv,770a9d76298b77504ccf5987dc1538c6e291dde70e4cb99ad710674693b55fb3,50,1
p07b-h13-gone30wall0/2026-01-03/t-bid-btc4h-q1/rounds.csv,c6c2deabd06809266fcecb436150fb89146dc24c8812d2a7e65badb56b40a87d,23,1
p07b-h13-gone30wall0/2026-01-03/t-bid-btc4h-q1/signals.csv,8980edc72336e494ef1d05e144333368bca301be6a091fd4ed53ac3bf36fecab,27,1
p07b-h13-gone30wallk0/2026-01-03/.done,e3b0c44298fc1c149afbf4c8996fb92427ae41e4649b934ca495991b7852b855,1,0
p07b-h13-gone30wallk0/2026-01-03/t-bid-btc4h-q1/forms.csv,5398cb354469b329e4206ae480dbc8d8b758e313eb0b5c5c2f618b4ce3ebba26,50,1
p07b-h13-gone30wallk0/2026-01-03/t-bid-btc4h-q1/rounds.csv,d48e79de49ad4fb1511265f9d420fb1cc378d573cff11bfbd69822422659f412,23,1
p07b-h13-gone30wallk0/2026-01-03/t-bid-btc4h-q1/signals.csv,b70b4c790a15c3aba075d6d01607345db46ccca6805cb569a8df097437cd3ce7,27,1
p07b-h13-gone30wallx0/2026-01-03/.done,e3b0c44298fc1c149afbf4c8996fb92427ae41e4649b934ca495991b7852b855,1,0
p07b-h13-gone30wallx0/2026-01-03/t-bid-btc4h-q1/forms.csv,0b3271434898f50381bbf2d7dbf17a39a0e7f91e07cb70a0954573cd9e328b0a,50,1
p07b-h13-gone30wallx0/2026-01-03/t-bid-btc4h-q1/rounds.csv,c3507d410d81460a4c8d768156c5a4461e8aea3eaafef78068b3288b9301b3da,23,1
p07b-h13-gone30wallx0/2026-01-03/t-bid-btc4h-q1/signals.csv,b4e96bb0d3fe2ecd978ea77ea52c56b57ead809d8134196e08c5b22c2e196fc1,27,1
p07b-h13-gone50wall0/2026-01-03/.done,e3b0c44298fc1c149afbf4c8996fb92427ae41e4649b934ca495991b7852b855,1,0
p07b-h13-gone50wall0/2026-01-03/t-bid-btc4h-q1/forms.csv,e7a53c98cd109ec4df24178c8f816c73ebcab0aa6d2c1b0c500fbbcc35bd214f,50,1
p07b-h13-gone50wall0/2026-01-03/t-bid-btc4h-q1/rounds.csv,8bd3b4a9c303fe77d5b32896e692a64d601052139d1211341fea188df27bf7b0,23,1
p07b-h13-gone50wall0/2026-01-03/t-bid-btc4h-q1/signals.csv,9868ff1bb4e1d56cd5c79ec90b6a5281712c133f4b672c4de1b89a1dd9a1a125,27,1
p07b-h13-gone50wall10/2026-01-03/.done,e3b0c44298fc1c149afbf4c8996fb92427ae41e4649b934ca495991b7852b855,1,0
p07b-h13-gone50wall10/2026-01-03/t-bid-btc4h-q1/forms.csv,7d4976b5bfeb6c5040befb4a5383a9c21c964d8fd722543bc8e05f024de84e0a,50,1
p07b-h13-gone50wall10/2026-01-03/t-bid-btc4h-q1/rounds.csv,9e879dd1b62de2b4b012568368045a50bff54b93e846535dff227f12a6cbc1e4,23,1
p07b-h13-gone50wall10/2026-01-03/t-bid-btc4h-q1/signals.csv,01f38018ac8b4e47dd9690aac6e3fe26b06f382b9904d4dae11675e82aa7e58a,27,1
p07b-h13-gone50wallk0/2026-01-03/.done,e3b0c44298fc1c149afbf4c8996fb92427ae41e4649b934ca495991b7852b855,1,0
p07b-h13-gone50wallk0/2026-01-03/t-bid-btc4h-q1/forms.csv,a7d8dca3b70a72055e04230fb1dda68d3dd85ca59d46a087b4abbb03416cface,50,1
p07b-h13-gone50wallk0/2026-01-03/t-bid-btc4h-q1/rounds.csv,a14cba03b3a41de8ecbbe643645fd33bd88f8bc29f5cbb94230fbe1aea6a640d,23,1
p07b-h13-gone50wallk0/2026-01-03/t-bid-btc4h-q1/signals.csv,5aa58ac2bb5e7a53488ceff2abcc2533d8f746b4e87810adf927b90c9788cf70,27,1
p07b-h13-gone50wallk10/2026-01-03/.done,e3b0c44298fc1c149afbf4c8996fb92427ae41e4649b934ca495991b7852b855,1,0
p07b-h13-gone50wallk10/2026-01-03/t-bid-btc4h-q1/forms.csv,630c7850a01c6757660fd65f803690966d6ed9d340f6daadff3d158f6f481a81,50,1
p07b-h13-gone50wallk10/2026-01-03/t-bid-btc4h-q1/rounds.csv,e256f1b056072eb7cba5f4b0f044e64539c3606aa9dadeacb48f34e19e3aef2c,23,1
p07b-h13-gone50wallk10/2026-01-03/t-bid-btc4h-q1/signals.csv,5aca05d8a0cb275fd6b4e35bc24f8f2d9f479de45ec9d869353c3c4b32f4ab16,27,1
p07b-h13-gone50wallx0/2026-01-03/.done,e3b0c44298fc1c149afbf4c8996fb92427ae41e4649b934ca495991b7852b855,1,0
p07b-h13-gone50wallx0/2026-01-03/t-bid-btc4h-q1/forms.csv,0746f306240a79d7e502aba45fde251ba680d42e46723e0e06ca34b96608109a,50,1
p07b-h13-gone50wallx0/2026-01-03/t-bid-btc4h-q1/rounds.csv,c4629c4a51be13b82c726eb49d5573ce4f566d691c52fdd5dfe014328e06053c,23,1
p07b-h13-gone50wallx0/2026-01-03/t-bid-btc4h-q1/signals.csv,3b6f23c5bd2d923cc947cf33974b56b80220d83e9738a5f17af7c51474efef1a,27,1
p07b-h13-gone50wallx10/2026-01-03/.done,e3b0c44298fc1c149afbf4c8996fb92427ae41e4649b934ca495991b7852b855,1,0
p07b-h13-gone50wallx10/2026-01-03/t-bid-btc4h-q1/forms.csv,1194e03c2ba1f1bfa940eabba5d0b13824c1fbb5acaa3406e3484d67053d3102,50,1
p07b-h13-gone50wallx10/2026-01-03/t-bid-btc4h-q1/rounds.csv,ed78b5af3c49883f355cec3f6ed616a4efb02a5fc1e88e7cb2b04f4ab5eb6dbb,23,1
p07b-h13-gone50wallx10/2026-01-03/t-bid-btc4h-q1/signals.csv,ad6c608fd3f67f8feef29ccff469b5ee273acc4f474742b77ae67e912160a3c8,27,1
p07b-h13-gone90wall0/2026-01-03/.done,e3b0c44298fc1c149afbf4c8996fb92427ae41e4649b934ca495991b7852b855,1,0
p07b-h13-gone90wall0/2026-01-03/t-bid-btc4h-q1/forms.csv,5627e56e7722a53ad3bb2dde987a86e6e0ae6e85184531bb6bdec13a74de3ea8,50,1
p07b-h13-gone90wall0/2026-01-03/t-bid-btc4h-q1/rounds.csv,cc094496f0eea102a7f072b4564ffb1b82e68eb15ce2eaec0f4967f26ab67a31,23,1
p07b-h13-gone90wall0/2026-01-03/t-bid-btc4h-q1/signals.csv,cce19f0a78beb9c91b898805bf60a724b6b355c82320b02589922a49a0256a17,27,1
p07b-h13-gone90wallk0/2026-01-03/.done,e3b0c44298fc1c149afbf4c8996fb92427ae41e4649b934ca495991b7852b855,1,0
p07b-h13-gone90wallk0/2026-01-03/t-bid-btc4h-q1/forms.csv,1ddbd921fd6694f30602ccc925b31656163a4003b5d49a1cf4cf17f3b2cb9bb6,50,1
p07b-h13-gone90wallk0/2026-01-03/t-bid-btc4h-q1/rounds.csv,7d2f2239ffe8e61124d639d728b0567ebba2165ead8f9fc131e5c060eeabde17,23,1
p07b-h13-gone90wallk0/2026-01-03/t-bid-btc4h-q1/signals.csv,bdf0d0cd6cf1536c23783d77f3418e796dffa26f364e0dddb8e9270f20a97e22,27,1
p07b-h13-gone90wallx0/2026-01-03/.done,e3b0c44298fc1c149afbf4c8996fb92427ae41e4649b934ca495991b7852b855,1,0
p07b-h13-gone90wallx0/2026-01-03/t-bid-btc4h-q1/forms.csv,c00b9e185ae19b39c701d0f15fe831f3646045d3ed97884025a71d364a868e84,50,1
p07b-h13-gone90wallx0/2026-01-03/t-bid-btc4h-q1/rounds.csv,4898b194195802f79968a9aebceba8210d0558fb3500fa7386d0f655b26e0c2c,23,1
p07b-h13-gone90wallx0/2026-01-03/t-bid-btc4h-q1/signals.csv,7f280dd94175d4396c6c116e2d0328afa6203912401a69d470aed9a1a36b57d6,27,1
p07b-h2-0.0136/2026-01-03/.done,e3b0c44298fc1c149afbf4c8996fb92427ae41e4649b934ca495991b7852b855,1,0
p07b-h2-0.0136/2026-01-03/t-bid-btc4h-q1/forms.csv,65c583f07c320172d9ace940851e2068a5afd9c6374589c066ac747f5942ccec,50,1
p07b-h2-0.0136/2026-01-03/t-bid-btc4h-q1/rounds.csv,f8fa2eb8730c9f1b73bc2a475c4406c57358941ee124e216f3fc7e2deb9f8707,20,1
p07b-h2-0.0136/2026-01-03/t-bid-btc4h-q1/signals.csv,998784d2d2bd19ef28e11631298560f9eeec6f07052ea88f74a22fc1645aec6c,27,1
p07b-h2-0.0273/2026-01-03/.done,e3b0c44298fc1c149afbf4c8996fb92427ae41e4649b934ca495991b7852b855,1,0
p07b-h2-0.0273/2026-01-03/t-bid-btc4h-q1/forms.csv,9a409d66b5369a57e84c23ea89a88893879e2538fe6218f8affefa7723629967,50,1
p07b-h2-0.0273/2026-01-03/t-bid-btc4h-q1/rounds.csv,a7920dc999dc10b58e0a4d9cdc6e05c13b50ff33f454a6ecbd78e97815188ddb,20,1
p07b-h2-0.0273/2026-01-03/t-bid-btc4h-q1/signals.csv,6e026ac3f606113008a318146aa99546ff3c63f0220d98f91916023933657aad,27,1
p07b-h2-0.0682/2026-01-03/.done,e3b0c44298fc1c149afbf4c8996fb92427ae41e4649b934ca495991b7852b855,1,0
p07b-h2-0.0682/2026-01-03/t-bid-btc4h-q1/forms.csv,996676a889bddbc29cfb4b7ea964cd7f2cdf8dba19200a245feafa9360041919,50,1
p07b-h2-0.0682/2026-01-03/t-bid-btc4h-q1/rounds.csv,55326494374dc3f28f7e8da63a8632225be1ffd99d89c61855ff8ff165a44a8d,23,1
p07b-h2-0.0682/2026-01-03/t-bid-btc4h-q1/signals.csv,43eb480fd8aa3d764ac7e4c8f520542f7048e2e786d7278b673aaf0150c436a8,27,1
p07b-h3-100000/2026-01-03/.done,e3b0c44298fc1c149afbf4c8996fb92427ae41e4649b934ca495991b7852b855,1,0
p07b-h3-100000/2026-01-03/t-bid-btc4h-q1/forms.csv,63f834ddb81987710f269665e5cce8582983cfdd861afbf01491b5419880e78b,50,1
p07b-h3-100000/2026-01-03/t-bid-btc4h-q1/rounds.csv,4d8fe737130d1a564ce2ba2b05a067840d33b13439c3df5df815ad0b6470cb24,2,1
p07b-h3-100000/2026-01-03/t-bid-btc4h-q1/signals.csv,04437775fc9e1cf4be73b7edacba4ec3e259f0c1ed8f907043d7f4020af111bd,2,1
p07b-h3-25000/2026-01-03/.done,e3b0c44298fc1c149afbf4c8996fb92427ae41e4649b934ca495991b7852b855,1,0
p07b-h3-25000/2026-01-03/t-bid-btc4h-q1/forms.csv,1160b8206bc41b605ec68d1e8f3c234d4039eaa890e70371acadc55143b1c5f7,50,1
p07b-h3-25000/2026-01-03/t-bid-btc4h-q1/rounds.csv,80779861122913ca11ad3192624a147f1edf0d6d769179e85df9f8f421cf47b5,15,1
p07b-h3-25000/2026-01-03/t-bid-btc4h-q1/signals.csv,6ab52551ba7572c25fce3a30f44052303109f8ed4f6154f0e43418b7f6130572,16,1
p07b-h3-50000/2026-01-03/.done,e3b0c44298fc1c149afbf4c8996fb92427ae41e4649b934ca495991b7852b855,1,0
p07b-h3-50000/2026-01-03/t-bid-btc4h-q1/forms.csv,b08272880c0bb45aa112fe28fee7b28d64ce6ff0a2762109ca380721df8c7815,50,1
p07b-h3-50000/2026-01-03/t-bid-btc4h-q1/rounds.csv,7e8d89ab1cad21a84f705d5b1fbb579630c00136147291765b5ab31ce6dd76db,3,1
p07b-h3-50000/2026-01-03/t-bid-btc4h-q1/signals.csv,fe69e88f681864308e6a95b644887de725a5c3b98314cf0b737125b58653b3c2,3,1
p07b-h4-1800/2026-01-03/.done,e3b0c44298fc1c149afbf4c8996fb92427ae41e4649b934ca495991b7852b855,1,0
p07b-h4-1800/2026-01-03/t-bid-btc4h-q1/forms.csv,e7c21165248b0aa53a3a2a5ee8b2aa6d9372d58eb7077504b8f47d6c6d2d48e3,50,1
p07b-h4-1800/2026-01-03/t-bid-btc4h-q1/rounds.csv,c38cc9c12bd08fd4bf777d5e4d40cb2c7de369fa09a3d740c8e566abf169e183,52,1
p07b-h4-1800/2026-01-03/t-bid-btc4h-q1/signals.csv,ccd17de50a2ba84573b41b66910563d372bac7c75c5c9267ea4cd01193500ad8,75,1
p07b-h4-3600/2026-01-03/.done,e3b0c44298fc1c149afbf4c8996fb92427ae41e4649b934ca495991b7852b855,1,0
p07b-h4-3600/2026-01-03/t-bid-btc4h-q1/forms.csv,3521ad93807369911b2153872e2a294f282db1b7cb7916a0805e6ce6080a717c,50,1
p07b-h4-3600/2026-01-03/t-bid-btc4h-q1/rounds.csv,2537e3bbc371a3a388b4f660f99da0f55d9902915372122e1d9843649078ec05,14,1
p07b-h4-3600/2026-01-03/t-bid-btc4h-q1/signals.csv,1f51a906cee84a6a61f2271f9935321130a56fcb700de3a2580a776ec2d64eb0,15,1
p07b-h4-5400/2026-01-03/.done,e3b0c44298fc1c149afbf4c8996fb92427ae41e4649b934ca495991b7852b855,1,0
p07b-h4-5400/2026-01-03/t-bid-btc4h-q1/forms.csv,fe38891d085dbd06a7b58bf7d251d6b7e2d4edca8a600a21686e75da107bc39f,50,1
p07b-h4-5400/2026-01-03/t-bid-btc4h-q1/rounds.csv,e0b0a05fc118e07a98ad68a868d96c7d14a2e86e3d0358cd027d4ff4597dfbdc,11,1
p07b-h4-5400/2026-01-03/t-bid-btc4h-q1/signals.csv,89043deb86b22bef2c8fed7b9c25108ff0b65d7e2bc30e6d38e5645ba17cb95a,11,1
p07b-h4-900/2026-01-03/.done,e3b0c44298fc1c149afbf4c8996fb92427ae41e4649b934ca495991b7852b855,1,0
p07b-h4-900/2026-01-03/t-bid-btc4h-q1/forms.csv,0563d5ca4dd638a8f0c39f9e977fa8a9517736998c037cd13aefc32c2cb49ac1,50,1
p07b-h4-900/2026-01-03/t-bid-btc4h-q1/rounds.csv,5a378835cd54785c677368c297a387398688e290ec75f327daa44d902c687964,122,1
p07b-h4-900/2026-01-03/t-bid-btc4h-q1/signals.csv,a129792dac96b2617a93c6b6f3408f470123c7c9c7000f0ea180208862aba766,227,1
p07b-h5-btc1h/2026-01-03/.done,e3b0c44298fc1c149afbf4c8996fb92427ae41e4649b934ca495991b7852b855,1,0
p07b-h5-btc1h/2026-01-03/t-bid-btc1h-q1/forms.csv,a7489701f0d47bff3ffe26e1e4be6cb8a1ad5a7886db3648103478d1a866ea70,50,1
p07b-h5-btc1h/2026-01-03/t-bid-btc1h-q1/rounds.csv,15942aa9d6b27ca96c01531e1b4450b28122e8cf27b10bd77f84554821fb2c51,25,1
p07b-h5-btc1h/2026-01-03/t-bid-btc1h-q1/signals.csv,841dca6d5778fef53b1be839a3e093e2f29c498fdd63be69461c7c18be80d2c5,32,1
p07b-h5-btc2h/2026-01-03/.done,e3b0c44298fc1c149afbf4c8996fb92427ae41e4649b934ca495991b7852b855,1,0
p07b-h5-btc2h/2026-01-03/t-bid-btc2h-q1/forms.csv,d79674e25ee8181a9f427a04c56061b94d4dbd3d9c665cf908ce91169d4948a4,50,1
p07b-h5-btc2h/2026-01-03/t-bid-btc2h-q1/rounds.csv,1160d59d2c38a796c748030d71ee90e40762595e23c12ce33abae3861eda639a,15,1
p07b-h5-btc2h/2026-01-03/t-bid-btc2h-q1/signals.csv,fb631cfecf3a6051b2924345ced28f5d2e5feef6d47a7901075206c29a52b86a,19,1
p07b-h5-btc3h/2026-01-03/.done,e3b0c44298fc1c149afbf4c8996fb92427ae41e4649b934ca495991b7852b855,1,0
p07b-h5-btc3h/2026-01-03/t-bid-btc3h-q1/forms.csv,d2bfc6aca88ca79b6d814c8bdbd61567b81f7b975b0434eef7c5cb82957345ef,50,1
p07b-h5-btc3h/2026-01-03/t-bid-btc3h-q1/rounds.csv,5ad45bc54e2bebb5548e55388d7ecc3d574316e84779036edbbb54080a7eaccd,22,1
p07b-h5-btc3h/2026-01-03/t-bid-btc3h-q1/signals.csv,1cf273f7c4974eb677d2d631ea5f885cced9c5ff9bd6c6d86cc08b6e320e2eb9,26,1
p07b-h6-at/2026-01-03/.done,e3b0c44298fc1c149afbf4c8996fb92427ae41e4649b934ca495991b7852b855,1,0
p07b-h6-at/2026-01-03/t-bid-btc4h-q1/forms.csv,f2064a8eaee7284bac33484e2e5cc4240dbb59a7bce717c4c41899deb0a29641,50,1
p07b-h6-at/2026-01-03/t-bid-btc4h-q1/rounds.csv,868a0b7916d29c0d93533393ea1c67e9fc34d4d34be5a3dd60c34f94e3155a41,23,1
p07b-h6-at/2026-01-03/t-bid-btc4h-q1/signals.csv,a0f91ff0fdc56b37044bf37c71059a5c62189ded5f60e09dbb0bcadcac4b5c7e,27,1
p07b-h6-behind/2026-01-03/.done,e3b0c44298fc1c149afbf4c8996fb92427ae41e4649b934ca495991b7852b855,1,0
p07b-h6-behind/2026-01-03/t-bid-btc4h-q1/forms.csv,3493a816571f7971bb73a7f12a4f9242afb900a135d9e2d6b26826e876daac02,50,1
p07b-h6-behind/2026-01-03/t-bid-btc4h-q1/rounds.csv,edfe20faf6abe676a4eb8ada9f94fbcd818691206ed95c5cdf25b6e57c8779b2,23,1
p07b-h6-behind/2026-01-03/t-bid-btc4h-q1/signals.csv,0f4a7b80377fde70fadad24f2537283c0ed24123ff157123807edc49bcc79dc9,27,1
p07b-h6-pct1.5/2026-01-03/.done,e3b0c44298fc1c149afbf4c8996fb92427ae41e4649b934ca495991b7852b855,1,0
p07b-h6-pct1.5/2026-01-03/t-bid-btc4h-q1/forms.csv,5f77f24487ddf6bc5bcb9e9587e54ac60d1f78b33ea59d5e7e47f7dbe92962d4,50,1
p07b-h6-pct1.5/2026-01-03/t-bid-btc4h-q1/rounds.csv,1e0bc8b178e19f45aba3dc8b95daaced2beef6a001805937cb38d16151c621ca,23,1
p07b-h6-pct1.5/2026-01-03/t-bid-btc4h-q1/signals.csv,bb494bbb9071de8cec02b351b4e83ce2204aabfc5b3228a7f1d7cf204dc93410,27,1
p07b-h6-pct3/2026-01-03/.done,e3b0c44298fc1c149afbf4c8996fb92427ae41e4649b934ca495991b7852b855,1,0
p07b-h6-pct3/2026-01-03/t-bid-btc4h-q1/forms.csv,5b99818025d33676bee1dbba9fec7d7ef5110a1d15e260823f630d1b3ee9567c,50,1
p07b-h6-pct3/2026-01-03/t-bid-btc4h-q1/rounds.csv,9eb40955316e1ee41f2f8ab85298ea352b5d85592aa5b938ed7a6df8053d1b17,23,1
p07b-h6-pct3/2026-01-03/t-bid-btc4h-q1/signals.csv,4c6d74ef1f247bf5022a99046c9886af504f41ebd7b62110f48f0e12d50cc011,27,1
p07b-h7-1to1/2026-01-03/.done,e3b0c44298fc1c149afbf4c8996fb92427ae41e4649b934ca495991b7852b855,1,0
p07b-h7-1to1/2026-01-03/t-bid-btc4h-q1/forms.csv,2f0e575fe56e37b394a3bf7176e81826e287b7bb9f7efbfe80b962acdf853d66,50,1
p07b-h7-1to1/2026-01-03/t-bid-btc4h-q1/rounds.csv,43f48f9a2b164172211a349a897d87cf8c77c8e24a152bc2b3abdf53cd459092,23,1
p07b-h7-1to1/2026-01-03/t-bid-btc4h-q1/signals.csv,4e1c539db25487059974f0b23ab998d65bcdbbd341aa7b081a91f19802611e2c,27,1
p07b-h7-tr1.5x1/2026-01-03/.done,e3b0c44298fc1c149afbf4c8996fb92427ae41e4649b934ca495991b7852b855,1,0
p07b-h7-tr1.5x1/2026-01-03/t-bid-btc4h-q1/forms.csv,c9884b32b612626b1064850104947952348d9d2a7b794b37c35da574fc66e960,50,1
p07b-h7-tr1.5x1/2026-01-03/t-bid-btc4h-q1/rounds.csv,1288d1001a373cb787f5db297251fdae0526a5c38f594b3c2c61eddf6caafc26,23,1
p07b-h7-tr1.5x1/2026-01-03/t-bid-btc4h-q1/signals.csv,d5d2434b67a89c0535ce9874c7057c5159217ca4820ef3d859008960fc113bfd,27,1
p07b-h7-tr1x1.5/2026-01-03/.done,e3b0c44298fc1c149afbf4c8996fb92427ae41e4649b934ca495991b7852b855,1,0
p07b-h7-tr1x1.5/2026-01-03/t-bid-btc4h-q1/forms.csv,1a82a95f941af33f248c33a6aba5b5dfeea1689af897be32dc5f49bc69c64e33,50,1
p07b-h7-tr1x1.5/2026-01-03/t-bid-btc4h-q1/rounds.csv,73d3b831e71d2de21ac24636d4c8347b3deda487f229bfae049c3fb023f3f12c,23,1
p07b-h7-tr1x1.5/2026-01-03/t-bid-btc4h-q1/signals.csv,5b668b09039d4be97560d04596f44016959e8b873bb4a5f191def1f8d8282c37,27,1
p07b-h7-tr2x1/2026-01-03/.done,e3b0c44298fc1c149afbf4c8996fb92427ae41e4649b934ca495991b7852b855,1,0
p07b-h7-tr2x1/2026-01-03/t-bid-btc4h-q1/forms.csv,c35912e87509a6a362f7cea1ffc6b0585dae264884920d6456a96accb7f9c75a,50,1
p07b-h7-tr2x1/2026-01-03/t-bid-btc4h-q1/rounds.csv,b155b16e3064ca0d654373232218044d3f3fccf36d5ca6fc92de087111491ebd,23,1
p07b-h7-tr2x1/2026-01-03/t-bid-btc4h-q1/signals.csv,6218a098f5056966269fd69031748a3a9d46dd8b923488c864eee9d942a479af,27,1
p07b-h8-3600/2026-01-03/.done,e3b0c44298fc1c149afbf4c8996fb92427ae41e4649b934ca495991b7852b855,1,0
p07b-h8-3600/2026-01-03/t-bid-btc4h-q1/forms.csv,24946453d82d86eb93b6471de7353c8170fe4721fff584c1f8bf53735ad14c13,50,1
p07b-h8-3600/2026-01-03/t-bid-btc4h-q1/rounds.csv,bcc771a6297c4148762e8214663702585af02b5772d9687b69d2aa20006d8202,23,1
p07b-h8-3600/2026-01-03/t-bid-btc4h-q1/signals.csv,c6c1571c5db093b111a2d78a0ca8aca759c08bc084951cc218b21b4b39f02f13,27,1
p07b-h8-7200/2026-01-03/.done,e3b0c44298fc1c149afbf4c8996fb92427ae41e4649b934ca495991b7852b855,1,0
p07b-h8-7200/2026-01-03/t-bid-btc4h-q1/forms.csv,cbda96801d84f30608b49962417bc9579b46a972c2423a01cc624d51da37a69d,50,1
p07b-h8-7200/2026-01-03/t-bid-btc4h-q1/rounds.csv,f22af7d1eab7947e6749775fe3767c5b6c3a398077e59b6fcd3f656e6a14faf8,23,1
p07b-h8-7200/2026-01-03/t-bid-btc4h-q1/signals.csv,0dcfb5550a1c39e8073998fbe6c094e6b6354adf24d26d0bd1a722ab970e9398,27,1
p07b-t9-early1/2026-01-03/.done,e3b0c44298fc1c149afbf4c8996fb92427ae41e4649b934ca495991b7852b855,1,0
p07b-t9-early1/2026-01-03/t-bid-btc4h-q1/forms.csv,43bd1f7d8afcee8a9eed942afa1ad66166baf8484ebd98c02935c862f289528f,50,1
p07b-t9-early1/2026-01-03/t-bid-btc4h-q1/rounds.csv,ecb4059668a03d1323d890fe1f9a64b2492368840d20e9de56e13f4e2d57faf3,23,1
p07b-t9-early1/2026-01-03/t-bid-btc4h-q1/signals.csv,b5bcea55d35fdd84641a80c90e4d4adcf341f6cc2d8f307a86b89d4f29c03c8e,27,1
p07b-t9-early2/2026-01-03/.done,e3b0c44298fc1c149afbf4c8996fb92427ae41e4649b934ca495991b7852b855,1,0
p07b-t9-early2/2026-01-03/t-bid-btc4h-q1/forms.csv,17498e1163c13033286315ce68720285e485c4c9e00401900d828c2010869a75,50,1
p07b-t9-early2/2026-01-03/t-bid-btc4h-q1/rounds.csv,81a96b051a02396047145d8c8338453bb1789ec890f13bb41474a74c47366e3f,23,1
p07b-t9-early2/2026-01-03/t-bid-btc4h-q1/signals.csv,572178c557567156c96bf491e6920587e66ad08b67cfb77ecfb77143a24d307c,27,1
p07b-t9-early3/2026-01-03/.done,e3b0c44298fc1c149afbf4c8996fb92427ae41e4649b934ca495991b7852b855,1,0
p07b-t9-early3/2026-01-03/t-bid-btc4h-q1/forms.csv,c1c9e6a6e69e2db8f80a96bbffcd58d6896159a05093cf3ec17434cbe985c99b,50,1
p07b-t9-early3/2026-01-03/t-bid-btc4h-q1/rounds.csv,415b3bd76eee4db5e2cd394a6d27f6c8aa8e4037204373235513bc9ff528c43b,23,1
p07b-t9-early3/2026-01-03/t-bid-btc4h-q1/signals.csv,98a7bce65c831846006f610b76eff396e4ce24257a81076a0cf2dd8d8721f2e7,27,1
p07b-t9-gone50be/2026-01-03/.done,e3b0c44298fc1c149afbf4c8996fb92427ae41e4649b934ca495991b7852b855,1,0
p07b-t9-gone50be/2026-01-03/t-bid-btc4h-q1/forms.csv,a9b91ced8f51aec6769b603beaa13a5e9b506a7c7c0e61e23e83521f6c06cdfd,50,1
p07b-t9-gone50be/2026-01-03/t-bid-btc4h-q1/rounds.csv,90a325c45f7875a0387ce27d6afce2c5460817331a540224576d9d8ad6121bb1,23,1
p07b-t9-gone50be/2026-01-03/t-bid-btc4h-q1/signals.csv,9fd28be063544a6960b70f8ef7a0162014d9019defa267a5633e7a61aa93ffe3,27,1
p07b-t9-gone50tr1/2026-01-03/.done,e3b0c44298fc1c149afbf4c8996fb92427ae41e4649b934ca495991b7852b855,1,0
p07b-t9-gone50tr1/2026-01-03/t-bid-btc4h-q1/forms.csv,bed8cf9a0b8bcdc9ea82c769233380970dad07a67aec4982b8442241f5e4c228,50,1
p07b-t9-gone50tr1/2026-01-03/t-bid-btc4h-q1/rounds.csv,02be975c32b429c179b15e8ddee7138068ac771be278a48932f4760a56680b0f,23,1
p07b-t9-gone50tr1/2026-01-03/t-bid-btc4h-q1/signals.csv,2e9648936663ca5455836b2a6d64106cd1430dcff1be866cdd1037e1f60e68db,27,1
p07b-t9-gone90be/2026-01-03/.done,e3b0c44298fc1c149afbf4c8996fb92427ae41e4649b934ca495991b7852b855,1,0
p07b-t9-gone90be/2026-01-03/t-bid-btc4h-q1/forms.csv,dd5207f719c5eec2584b1679b8667faae4f081c26313c74cf8b8d95091e36850,50,1
p07b-t9-gone90be/2026-01-03/t-bid-btc4h-q1/rounds.csv,40dded99946f7d4350f322d39d14607f5d759551142babbd6df3276864be7cf8,23,1
p07b-t9-gone90be/2026-01-03/t-bid-btc4h-q1/signals.csv,b6a3b7d4e3cb768a6a1759cf02da5d7f63f6fceb9aab3cdca9f4547ae3de234e,27,1
p07b-t9-gone90tr1/2026-01-03/.done,e3b0c44298fc1c149afbf4c8996fb92427ae41e4649b934ca495991b7852b855,1,0
p07b-t9-gone90tr1/2026-01-03/t-bid-btc4h-q1/forms.csv,9f533da09fb4295b9d0e53f214895f3d45790e1b8f65f32c15367e29edf42c83,50,1
p07b-t9-gone90tr1/2026-01-03/t-bid-btc4h-q1/rounds.csv,b48a7da70cb2d87bab2aec23f18c521a76bc40950f4c4918a7e4c7948e1284ea,23,1
p07b-t9-gone90tr1/2026-01-03/t-bid-btc4h-q1/signals.csv,09f429cdc585d6412ab084dbdcc8650b26234decc29557edbef89a1f3996fcc8,27,1
p07b-t9-market/2026-01-03/.done,e3b0c44298fc1c149afbf4c8996fb92427ae41e4649b934ca495991b7852b855,1,0
p07b-t9-market/2026-01-03/t-bid-btc4h-q1/forms.csv,2f0f79b27600d1de5de2a42f5c16505fd0b9c3ce229567b66af38cc5581f03f0,50,1
p07b-t9-market/2026-01-03/t-bid-btc4h-q1/rounds.csv,7298cd2004f60c4c3661c5ebd6813dadb529f4759116034ceb1b1807d8a025af,27,1
p07b-t9-market/2026-01-03/t-bid-btc4h-q1/signals.csv,2e41b19b02734f2a1143732a5206e8521943864ab11778d6a5356a1c72f0edde,27,1
p07b-t9-touch/2026-01-03/.done,e3b0c44298fc1c149afbf4c8996fb92427ae41e4649b934ca495991b7852b855,1,0
p07b-t9-touch/2026-01-03/t-bid-btc4h-q1/forms.csv,f864e68f58d4cb4e06e31902fcef6231c12d411f7ce039334e5cc5a957edf0a3,50,1
p07b-t9-touch/2026-01-03/t-bid-btc4h-q1/rounds.csv,4d8fe737130d1a564ce2ba2b05a067840d33b13439c3df5df815ad0b6470cb24,2,1
p07b-t9-touch/2026-01-03/t-bid-btc4h-q1/signals.csv,5d31157048bbaf955086d9ad7b8477fa3e88ce2c6f291c749e232b8fc1d0395a,5,1
p07b-t9-ttl300/2026-01-03/.done,e3b0c44298fc1c149afbf4c8996fb92427ae41e4649b934ca495991b7852b855,1,0
p07b-t9-ttl300/2026-01-03/t-bid-btc4h-q1/forms.csv,30d01f671b5f1bc9c2b1da882158730f261e9f06778e64b069809f990ef99330,50,1
p07b-t9-ttl300/2026-01-03/t-bid-btc4h-q1/rounds.csv,922ed2b0179a53374584ed532b224565a66cd55175f04c4ff3a538839c383e0a,23,1
p07b-t9-ttl300/2026-01-03/t-bid-btc4h-q1/signals.csv,51054da66ebd2e97930198f1fc7a49f157f76cd4b1b67d9f98ac58088244b993,27,1
p07b-t9-ttl60/2026-01-03/.done,e3b0c44298fc1c149afbf4c8996fb92427ae41e4649b934ca495991b7852b855,1,0
p07b-t9-ttl60/2026-01-03/t-bid-btc4h-q1/forms.csv,cf731b7803d08f4f8e194229756404a4be8802b99e2638b2e0a556feef542132,50,1
p07b-t9-ttl60/2026-01-03/t-bid-btc4h-q1/rounds.csv,5edd9c1bbe14165908ca4a1f269a3aa8a5d17f823941bc4f9fa0cfc46f7da78c,19,1
p07b-t9-ttl60/2026-01-03/t-bid-btc4h-q1/signals.csv,9bccfb99b9899edb8b01290744ad63304cdd295ece14d603f694b564e447eae2,27,1
p07m-btc1h/2026-01-03/.done,e3b0c44298fc1c149afbf4c8996fb92427ae41e4649b934ca495991b7852b855,1,0
p07m-btc1h/2026-01-03/t-bid-btc1h-q1/forms.csv,04f5d3948bff0ef5ce4d507bbd916527d0fc5041e369ff88d61849fae721c584,50,1
p07m-btc1h/2026-01-03/t-bid-btc1h-q1/rounds.csv,d330c94f967048bf6d0ab23de7591645b093ff7549e4ca8a4e849140baae0202,28,1
p07m-btc1h/2026-01-03/t-bid-btc1h-q1/signals.csv,e0f5f6270a5146c49f4262c525ceaabe7da57f7992c261785df28fadde241919,32,1
p07m-main/2026-01-03/.done,e3b0c44298fc1c149afbf4c8996fb92427ae41e4649b934ca495991b7852b855,1,0
p07m-main/2026-01-03/t-bid-btc4h-q1/forms.csv,c313dc1b401ba8d29d73313dd7bcb34d0b84dec50834175d868ac2c6590a26b8,50,1
p07m-main/2026-01-03/t-bid-btc4h-q1/rounds.csv,3f7e21126f6816b3e9ed4d925494b6822651f0ebcb61c910ff5ca49491d4a06d,24,1
p07m-main/2026-01-03/t-bid-btc4h-q1/signals.csv,ecba96ff5e6a622a2b3f6d17e4411c245b1b2590b7b8b388309406aaa1027938,27,1
p07m-nofilter/2026-01-03/.done,e3b0c44298fc1c149afbf4c8996fb92427ae41e4649b934ca495991b7852b855,1,0
p07m-nofilter/2026-01-03/t-bid-age-45/forms.csv,f5aea996c15ec89cb873874bc2bd9921b2f25d75ec796b24d2d47636efab220e,50,1
p07m-nofilter/2026-01-03/t-bid-age-45/rounds.csv,02d4f206473ec011e1bcb48ef5077f353f7928401ce57785018477d6032818b3,302,1
p07m-nofilter/2026-01-03/t-bid-age-45/signals.csv,614ee5a2afcf460efa1c300a87e9b312b037969508f2d3eade146e7569b8918a,422,1
p07m-take/2026-01-03/.done,e3b0c44298fc1c149afbf4c8996fb92427ae41e4649b934ca495991b7852b855,1,0
p07m-take/2026-01-03/t-bid-btc4h-q1/forms.csv,32a794412245746a95ba0f2861b7f10d1e0f7d8a3ee3db06443cf85ae681551e,50,1
p07m-take/2026-01-03/t-bid-btc4h-q1/rounds.csv,544a9fc7a964407fd05470978348d859b2fecefa304e23525faf1670cc823b9b,24,1
p07m-take/2026-01-03/t-bid-btc4h-q1/signals.csv,90535059d36c13d36e7df4e8229065ced6cdf10d4c50efc2c3d14cca0530db17,27,1
