id;класс_пула;формулировка;данные_пула;класс_TK024;где_или_что_нужно;уверенность
Г-01;подход;Подходы к старым стенам как события «устояла/пробили» — сбор признаков-разделителей;стакан .50;М;"метод/контроль, не торговое правило (TK-011 О3); Г-02 — по сути уже делают июль и янв–июн";✓
Г-02;режим;Подбор параметров на месяце N, проверка на N+1 со сдвигом (walk-forward);внешнее (новый месяц);М;"метод/контроль, не торговое правило (TK-011 О3); Г-02 — по сути уже делают июль и янв–июн";✓
Г-03;стена;Контроль: тот же вход на случайном уровне без стены;стакан .50;М;"метод/контроль, не торговое правило (TK-011 О3); Г-02 — по сути уже делают июль и янв–июн";✓
Г-04;стена;"Поглощение стены: доля рыночных продаж, ушедшая в стену; отдельно на входе и в позиции; многократное «отпринто";стакан .50;Ф;"вход: ключи `ice_exec_min`/`eat_share_*` (П-08) = доля съеденного; «в позиции» — E34";~
Г-05;стена;"Фейковые стены: снимают/двигают за ценой при подходе; спуфинг — снятие за 1–3с ДО касания сильнее";стакан .50;R1;отмены/спуф: кольцо уровня по секундам и cancel за 60 мин (сейчас минутное);~
Г-06;подход;Скорость подхода (импульс 30–60с) против медленного сползания/тикового разрешения;стакан .50;Д;поиск−/± (E28, E19–21/E27–34, E26) — «не повторять»;✓
Г-07;стена;"Что за стеной: одиночная или лестница, глубина стакана позади; взвешенный по глубине дисбаланс";глубокий .200;Д;"П-02 (R2) + П-08 (поиск авг/сен; `behind_min`)";✓
Г-08;стена;Где стоит стена: круглые/«красивые» числа, минимум дня, уровни стопов;стакан .50;Д;П-02 блок A (R2), авг+сен;✓
Г-09;режим;Просадка BTC за 4ч как фильтр входа (ядро главного варианта);свечи;Д;"ядро главного варианта, E11/E18; ждёт OOS";✓
Г-10;режим;Плавность результата по окну BTC 1→4ч;свечи;Д;поиск−/± (E28, E19–21/E27–34, E26) — «не повторять»;✓
Г-11;режим;"Монета упала сама или вместе с рынком (падение сверх хода BTC); сильная раскорреляция с BTC = плохой сетап";свечи;П;признак из минутных свечей монеты/BTC на входе (p08-feats / loss-corr), busy-replay;✓
Г-12;режим;Ход ETH как второй сигнал рынка вместе с BTC (альты падают сильнее ETH — risk-off): смешивание условий ETH и B;свечи ETH (В-98);О;ETH (В-114, TK-033);✓
Г-13;выход;Стоп/порог под волатильность монеты вместо общих 2%;свечи;Д;поиск−/± (E28, E19–21/E27–34, E26) — «не повторять»;✓
Г-14;режим;"Час суток и выходные меняют результат; конкретные часы (16–17 UTC «час чая», азиатское открытие ~00, затишье 0";стакан .50 (метка времени);П;разрез закрытий базы по часу UTC/будням — описание (поиск после вскрытия);✓
Г-15;режим;Исключать окна новостей (ФРС, инфляция), кроме ETH;внешнее (календарь);Н;календарь новостей не записан, восстановить за прошлое нельзя;✓
Г-16;режим;Ликвидации как признак временной (не «настоящей») просадки;нет в записи (новый поток);Н;"ликвидации: не записаны; Г-16 — нежелательна владельцу (25.09)";✓
Г-17;направление;Пробой на Binance предсказывает пробой той же стены на Bybit;внешнее;О;отложены В-145/В-158;✓
Г-18;издержки;"Издержки: доля комиссий/проскальзывания в сделке; выход лимиткой вместо рыночного; размер не должен превышать ";сделки;П;"доля издержек в сделке из `rounds` — описание; «выход лимиткой» — R2";~
Г-19;вход;Токсичные заполнения: заявка исполняется, когда стену уже ломают — момент входа переставить;стакан .50;П;markout после филла по рангам лестницы (`lob markout`/rounds) — описание;~
Г-20;портфель;Лимит на кластер одновременных входов (одна просадка = одна ставка), не только на монету;сделки;Д;П-07 H10 / T-32 (потолки, хедж) / П-05 (плечо, стресс);✓
Г-21;направление;Торговать пробой стены, а не отскок;стакан .50;R2;формы направления/исполнения: пробой спуф-стены, торговля пробоем вместо отскока, глубокая отложка на мега-свип, погоня за ценой по виртуальному триггеру;~
Г-22;портфель;Состав пула: только ликвидные или, наоборот, тонкие альты;стакан .50;П;ось «ликвидность монеты» (оборот $ из свечей): терцили/потолок 1–2 % оборота — одна ось на три гипотезы;✓
Г-23;направление;Шорты от аск-стен с ростом объёма и возраста стены;стакан .50;О;шорты (П-03);✓
Г-24;выход;Выход по разгону волатильности ×2,5–4×: в минусе — выход по рынку;свечи (минутные);Д;П-01 / E29–E33 (поиск), дашборд «защиты»;✓
Г-25;выход;«Люстра» 2,5σ4ч для спокойных монет (RV за сутки ≤262 bps);свечи;Д;П-01 / E29–E33 (поиск), дашборд «защиты»;✓
Г-26;выход;Семейства монет по волатильности — каждому своя защита/выход;свечи;Д;П-01 / E29–E33 (поиск), дашборд «защиты»;✓
Г-27;стена;Абсолютный минимальный порог стены в $ в дополнение к относительному H3;стакан .50;Д;П-07 H3 (порог $ стены);✓
Г-28;стена;Эффективная сила стены = завал (стек плотностей подряд) + фронтран, не только видимый размер;стакан .50;Д;П-02 блок A (R2), авг+сен;✓
Г-29;стена;Стена ровно на графическом уровне — усиленный случай;нет в записи (уровни графика);Н;«графический уровень» не определён, графика не записана;✓
Г-30;стена;"Стена, подтверждённая ликвидностью на споте/другой бирже, надёжнее; резкая раскорреляция спот/фьюч = MM исчерп";внешнее;О;другая биржа — объединены с Г-17 (К1 по TK-011);✓
Г-31;стена;Позиция стены в диапазоне: центр — хуже, граница/вне — лучше;стакан .50;П;позиция стены в диапазоне / контекст размера × просадка BTC — разрезы закрытий;✓
Г-32;стена;Контекстный размер стены: крупная нужна на проливе, необязательна на уровне/ложном пробое;стакан .50;П;позиция стены в диапазоне / контекст размера × просадка BTC — разрезы закрытий;✓
Г-33;стена;Декоративность стены: переустановки/движение за спредом без исполнения, нет реакции цены на подходе;стакан .50;Д;П-02 блок A (R2), авг+сен;✓
Г-34;стена;Стена, двигаемая в сторону цены (не просто исчезает), часто шагом к круглому числу — давление, не защита;стакан .50;R1;динамика стены у уровня (сдвиг к цене, разовая крупная заявка, прошлый пробой на цене, форма стека, рождение, противоположная стена, фронтран по времени, переустановки);~
Г-35;стена;Внезапная разовая крупная заявка перед уровнем — предвестник скорого пробоя;стакан .50;R1;динамика стены у уровня (сдвиг к цене, разовая крупная заявка, прошлый пробой на цене, форма стека, рождение, противоположная стена, фронтран по времени, переустановки);~
Г-36;стена;Айсберг-стена: снос и мгновенное восстановление / видимый размер меньше реально исполненного;сделки;Д;П-02 (R2) + П-08 (`ice_*`);✓
Г-37;стена;Персистентный трекинг участника: похожий повторяющийся размер/манера на монете предвещает движение;нет в записи (память по монете);Н;трекинг участника: в записи нет идентичности;✓
Г-38;стена;"Правило двух попыток: 2 неудачи аннулируют уровень; экстремально много касаний — упёртый участник, не сетап";стакан .50;Д;П-07 H9р (номер подхода/одна сделка на монету), T-32 бутстреп;✓
Г-39;стена;Тающая стена, которая тянет цену к коррелятору (BTC), — не защита, а перетягивание;стакан .50;Ф;"ключи `eat_share_*` + ось `btc1h` (родня Г-55; не считать дважды)";~
Г-40;стена;После пробоя уровня новая стена там же в расчёте на ретест;стакан .50;R1;динамика стены у уровня (сдвиг к цене, разовая крупная заявка, прошлый пробой на цене, форма стека, рождение, противоположная стена, фронтран по времени, переустановки);~
Г-41;стена;Съедание стены на коррелирующем инструменте/бирже предсказывает съедание такой же стены здесь;внешнее;О;другая биржа — объединены с Г-17 (К1 по TK-011);✓
Г-42;стена;Классификация стены человек/бот по форме: один уровень vs размазано по ~15 уровням;стакан .50;R1;динамика стены у уровня (сдвиг к цене, разовая крупная заявка, прошлый пробой на цене, форма стека, рождение, противоположная стена, фронтран по времени, переустановки);~
Г-43;стена;Появление крупной стены само сразу сдвигает цену в её сторону (реакция фронтранеров);стакан .50;R1;динамика стены у уровня (сдвиг к цене, разовая крупная заявка, прошлый пробой на цене, форма стека, рождение, противоположная стена, фронтран по времени, переустановки);~
Г-44;стена;Симметричные стены сверху и снизу удерживают цену в диапазоне между ними;стакан .50;R1;динамика стены у уровня (сдвиг к цене, разовая крупная заявка, прошлый пробой на цене, форма стека, рождение, противоположная стена, фронтран по времени, переустановки);~
Г-45;стена;Стена ненадёжна вблизи роллирования фандинга;внешнее (фандинг);П;минут до расчёта фандинга (funding-history.py, ставки уже скачаны для В-135) — данные те же, что у Г-51: см. вопрос CEO;~
Г-46;стена;"Расхождение потока сделок и цены у стены — крупный игрок набирает/сливает лимитками; состав ленты (мелкие vs к";сделки (нужен экспорт ленты);Д;"П-02 (R2): внутри монеты ≈ 0; вторая часть (поток) не операционализирована";✓
Г-47;стена;История уровня (ранее торговался) делает пробой/отскок надёжнее «голого» уровня;стакан .50;П;история уровня: торговалась ли цена уровня в предыдущие N ч (свечи);~
Г-48;стена;На отдельных монетах стоп систематически выбивает перед откатом (единичное наблюдение);стакан .50;П;персистентность по монете: уровень по предыдущим суткам (без заглядывания вперёд) — одна ось;✓
Г-49;режим;Тир-лист монет по истории пробоев/держаний стен (персистентная склонность монеты);стакан .50;П;персистентность по монете: уровень по предыдущим суткам (без заглядывания вперёд) — одна ось;✓
Г-50;режим;Активность (стены/сделки) концентрируется у границ таймфрейма (закрытие 1м/5м/1ч/4ч);стакан .50;П;метка времени касания по границам 1м/5м/1ч/4ч (сигналы);✓
Г-51;режим;Экстремальный/знаковый фандинг предсказывает разворот/снос к балансу;внешнее (фандинг);О;отложены В-145/В-158;✓
Г-52;режим;Движения от закрытия лонгов дают более ложный пробой с ретестом, чем от активных шортов;нет в записи (тип драйвера);Н;тип драйвера / невыбитые стопы — нет в записи;✓
Г-53;режим;Невыбитые стопы концентрируются у основания движения;нет в записи;Н;тип драйвера / невыбитые стопы — нет в записи;✓
Г-54;режим;Абсолютная ликвидность монеты как отдельный режим (не относительный H3): на неликвиде стены держатся неделями;стакан .50;П;ось «ликвидность монеты» (оборот $ из свечей): терцили/потолок 1–2 % оборота — одна ось на три гипотезы;✓
Г-55;режим;Причина съедения стены (внешний BTC-фактор vs «хозяин» продаёт) определяет, будет ли продолжение;сделки + свечи (BTC);Д;П-08: код есть, авг/сен — поиск, июль — «стоп» (Г-55 как выход — П-09, ждёт «ок»);✓
Г-56;режим;Стена у ~0,5% плавающего убытка MM — вероятнее, что её снимут;стакан .50;Н;«плавающий убыток MM» не наблюдаем;✓
Г-57;режим;Минимальный часовой диапазон/RV как условие ДОПУСКА к торговле (гейт, не фильтр качества);свечи;Д;П-08: код есть, авг/сен — поиск, июль — «стоп» (Г-55 как выход — П-09, ждёт «ок»);✓
Г-58;режим;Контроль «фальшивого устойчивого касания»: стена, не терявшая заявок от отмен за час — неликвид имитирует усто;стакан .50;R1;отмены/спуф: кольцо уровня по секундам и cancel за 60 мин (сейчас минутное);~
Г-59;подход;Поток сделок перед касанием: кто давил (продажи/покупки) — предсказывает устояла/пробили;сделки (нужен экспорт ленты, Rust);R1;"лента перед касанием: давление/VPIN/автокорреляция знака/объём 15 с/всплески/типичный размер сделки (`tape_sell_w_lots` уже есть; ключей и квантилей нет)";~
Г-60;подход;Дистанцию входа/стопа калибровать по типичному размеру рыночных сделок за 15 мин;сделки (нужен экспорт ленты);R1;"лента перед касанием: давление/VPIN/автокорреляция знака/объём 15 с/всплески/типичный размер сделки (`tape_sell_w_lots` уже есть; ключей и квантилей нет)";~
Г-61;подход;Длительность импульса перед стеной как фильтр: ≤1 мин, идеал 5–20с;стакан .50;R1;длительность импульса до касания (секунды);~
Г-62;подход;Пилообразное движение перед импульсом требует более сильного повторного импульса;свечи;П;признак из минутных свечей монеты/BTC на входе (p08-feats / loss-corr), busy-replay;✓
Г-63;подход;Динамика фронтрана лесенкой на подходе (растёт), не только статический размер;стакан .50;R1;динамика стены у уровня (сдвиг к цене, разовая крупная заявка, прошлый пробой на цене, форма стека, рождение, противоположная стена, фронтран по времени, переустановки);~
Г-64;подход;Стекание к плотности без явного съедания — самая опасная точка входа;стакан .50;Ф;`eaten=0` × медленный подход (оси E34/Г-06);~
Г-65;подход;Вход перед первой плотностью завала, если их несколько — цель за вторую;стакан .50;R2;"цель за вторую плотность; подтверждение импульса перед добавлением";~
Г-66;подход;"Прошлый хайп не нужен для «заточки»; на раскрученных монетах стопы ставить сложнее";сделки;Н;«раскрученная монета» не определена (оборот — ось Г-54);✓
Г-67;подход;«Чехарда» ордеров у уровня (перебивание цены) — не входить, есть место выгоднее;стакан .50;R1;динамика стены у уровня (сдвиг к цене, разовая крупная заявка, прошлый пробой на цене, форма стека, рождение, противоположная стена, фронтран по времени, переустановки);~
Г-68;подход;OBI (дисбаланс топ-уровней книги) в момент касания предсказывает знак хода на 10–60с;стакан .50;R1;книга на касании: OBI топ-N, OFI, микроцена, дисбаланс всей книги, композит;~
Г-69;подход;OFI (потоковый дисбаланс Cont–Kukanov–Stoikov) точнее статичного OBI;стакан .50;R1;книга на касании: OBI топ-N, OFI, микроцена, дисбаланс всей книги, композит;~
Г-70;подход;VPIN-подобная токсичность ленты (объёмные бары) перед касанием предсказывает пробой;сделки;R1;"лента перед касанием: давление/VPIN/автокорреляция знака/объём 15 с/всплески/типичный размер сделки (`tape_sell_w_lots` уже есть; ключей и квантилей нет)";~
Г-71;подход;Автокорреляция знака сделок перед касанием — подпись расщеплённого метаордера;сделки;R1;"лента перед касанием: давление/VPIN/автокорреляция знака/объём 15 с/всплески/типичный размер сделки (`tape_sell_w_lots` уже есть; ключей и квантилей нет)";~
Г-72;подход;Секундный лаг BTC→альт (16–118с): входить, пока альт ещё не отреагировал на ход BTC;стакан .50 (обе монеты);R1;секундный лаг BTC→альт (нужен секундный mid BTC в кэше);~
Г-73;подход;Составной микроструктурный балл направления = OBI+OFI+автокорреляция вместо трёх раздельных;стакан .50 + сделки;R1;книга на касании: OBI топ-N, OFI, микроцена, дисбаланс всей книги, композит;~
Г-74;подход;Не входить в уже разогнанное движение (цена далеко от 5-барового max/min);свечи;П;признак из минутных свечей монеты/BTC на входе (p08-feats / loss-corr), busy-replay;✓
Г-75;подход;Минимальный объём сделок за 15с (EMA) перед входом — не входить в тихом стакане;сделки (нужен экспорт ленты);R1;"лента перед касанием: давление/VPIN/автокорреляция знака/объём 15 с/всплески/типичный размер сделки (`tape_sell_w_lots` уже есть; ключей и квантилей нет)";~
Г-76;подход;Не покупать, если цена уже слишком далеко (по волатильности) ушла от недавнего минимума;свечи;П;признак из минутных свечей монеты/BTC на входе (p08-feats / loss-corr), busy-replay;✓
Г-77;подход;На ноже входить в момент резкого обрыва потока ликвидаций (~10мс);нет в записи (поток ликвидаций, Г-16 неж;Н;"ликвидации: не записаны; Г-16 — нежелательна владельцу (25.09)";✓
Г-78;реакция;Резкий однонаправленный прострел без движения коррелированного инструмента обычно откатывается;стакан .50 + свечи (BTC);Д;П-08: код есть, авг/сен — поиск, июль — «стоп» (Г-55 как выход — П-09, ждёт «ок»);✓
Г-79;реакция;Реакция на спуф-стену в первые 1–2с: агрессивная покупка = брать пробой, нет реакции = брать отскок;сделки;R2;формы направления/исполнения: пробой спуф-стены, торговля пробоем вместо отскока, глубокая отложка на мега-свип, погоня за ценой по виртуальному триггеру;~
Г-80;реакция;Оценка дальности выброса цены при сносе стены по глубине стакана позади уровня;глубокий .200 (окно 15–24.09);П;"дальность выброса по глубине позади: `.200` есть авг, июль, сен 01–15; сен 16–23 — только `.50`";~
Г-81;реакция;Резилентность книги после касания: режим «доливают» vs «снимают» в первые 10–20с предсказывает исход;стакан .50;R1;резилентность в первые 10–20 с после касания (пост-вход: как фильтр входа неприменима, как выход — R2);~
Г-82;реакция;Каскад-ликвидаций-прокси: всплеск объёма/скорости однонаправленных агрессивных сделок за 30–60с;сделки;R1;"лента перед касанием: давление/VPIN/автокорреляция знака/объём 15 с/всплески/типичный размер сделки (`tape_sell_w_lots` уже есть; ключей и квантилей нет)";~
Г-83;реакция;Momentum ignition: всплеск мелких однонаправленных агрессивных сделок у стены провоцирует стопы;сделки;R1;"лента перед касанием: давление/VPIN/автокорреляция знака/объём 15 с/всплески/типичный размер сделки (`tape_sell_w_lots` уже есть; ключей и квантилей нет)";~
Г-84;реакция;Подтверждение импульса (цена выше локального максимума, растущий MACD) перед добавлением в позицию;свечи;R2;"цель за вторую плотность; подтверждение импульса перед добавлением";~
Г-85;вход;Входить от фронтрана перед стеной, не вглубь неё — «золотое правило» — *уточнение 26.09:* «от **заметной** зая;"стакан .50 (`frontrun_lots`; форма входа";Д;П-02 H7, П-07 (ступени 1–2), TK-009;✓
Г-86;вход;Рыночный вход вместо лимитного на ноже/резком ускорении или разъедании огромного завала;стакан .50;Ф;`--entry-form market` на базе Г-85б (П-02 H9 был вырожден: лимит 0 исполнений);✓
Г-87;вход;На свежем завале (<1ч, без фронтрана) набирать позицию малыми частями;стакан .50;R2;вход частями / добавления (в стратегии нет добавлений);~
Г-88;вход;Вход после «закола»: цена на секунды прошла за уровень и вернулась — не входить во время самого свипа;стакан .50;Д;П-02: на главном варианте не определена (закол обнуляет возраст) → ветка Е;✓
Г-89;вход;На огромном реально проедаемом (не спуф) завале — вход по рынку на пониженных плечах;стакан .50;Ф;"как Г-86 + `usd_min` высокий; «не спуф» заменить `eaten_min` — решить в договоре";~
Г-90;вход;Ретест графического уровня с подставленной на нём стеной — усиленный сетап;нет в записи (уровни графика);Н;«графический уровень» не определён, графика не записана;✓
Г-91;вход;Новый/незнакомый участник — первые входы малым объёмом до подтверждения поведения;нет в записи (трекинг участников);Н;трекинг участника: в записи нет идентичности;✓
Г-92;вход;При переустановке стены добавляться полным объёмом на каждой, после 3–5 раз — в безубыток;стакан .50;R2;вход частями / добавления (в стратегии нет добавлений);~
Г-93;вход;"Добавляться в убыточную позицию только при новой крупной стене; не усредняться без новой опоры";стакан .50;R2;вход частями / добавления (в стратегии нет добавлений);~
Г-94;вход;При съедании стены входить частями по мере поедания, добавляя плечо на каждую долю;стакан .50;R2;вход частями / добавления (в стратегии нет добавлений);~
Г-95;вход;Пробный объём на подходе, основной объём — у самой крупной стены;стакан .50;R2;вход частями / добавления (в стратегии нет добавлений);~
Г-96;вход;Вход в пробой спуф-стены только если она целится в другую конкретную стену/уровень;стакан .50;Н;микро-паттерн/«формация» без формального определения в источнике — нужно решение, что считать формацией;✓
Г-97;вход;Добавлять объём только на пробое короткой (секундной) формации, ломающей продолжение;стакан .50;Н;микро-паттерн/«формация» без формального определения в источнике — нужно решение, что считать формацией;✓
Г-98;вход;Риск на сделку по расстоянию завала (первая-последняя плотность), снижать объём под приемлемый $;стакан .50 / сделки;П;размер позиции: схемы в portfolio-sim (риск по дистанции завала, по `eaten`, после большого профита, $ против доли);~
Г-99;вход;Уменьшать размер заявки на рангах лестницы с высокой вероятностью лёгкого исполнения (модель очереди);стакан .50 (модель очереди в коде);R2;веса ступеней лестницы по вероятности исполнения (проверить, нет ли весов в `--entry-form`);~
Г-100;вход;Вход только если микроцена (взвешенная бид/аск) уже тянет в сторону сделки, не просто касание;стакан .50;R1;книга на касании: OBI топ-N, OFI, микроцена, дисбаланс всей книги, композит;~
Г-101;вход;Асимметричный шаг лестницы входа и ширина стопа по тренду BTC/старшего таймфрейма;свечи;Ф;σ-лестница × бакеты оси `btc4h` (клетки по режиму);~
Г-102;вход;После стопа расширять требуемый отступ для нового входа, плавно снижать со временем (мягче блока монеты);сделки (свой журнал);Д;T-32 / retries (описание), П-07 H9;✓
Г-103;вход;"Пауза (cooldown) перед повторным входом после закрытия позиции; также — запрет повтора после стопа/после прибы";сделки (кэш подходов D20);Д;T-32 / retries (описание), П-07 H9;✓
Г-104;выход;Стена как защита в позиции: выход при снятии/съедании, безубыток после подтверждения;стакан .50;Д;поиск−/± (E28, E19–21/E27–34, E26) — «не повторять»;✓
Г-105;выход;Место стопа относительно стены (перед / внутри / за) зависит от размера — повторить их форму «перед стеной» пр;стакан .50;Д;П-02 + П-07 H6;✓
Г-106;выход;По переставляемой стене стоп не ставить вовсе — только безубыток;стакан .50;R2;формы выхода: без стопа/только безубыток на переставляемой стене, по ленте, отложка на половину, по резилентности, сползающий тейк, конвергенция;~
Г-107;выход;"Мелкая/тонкая стена не защищает стоп; в сжатом стакане стоп впритык выбивает на докасании";стакан .50;П;стоп впритык: разрез закрытий по размеру стены/спреду;~
Г-108;выход;Возврат цены под уровень после входа в лонг — плохой знак, выходить;стакан .50;Д;T-32 по минутным свечам (верхняя граница);~
Г-109;выход;Частичный выход: базовую часть закрыть по 1:1, остаток тянуть трейлом дальше;стакан .50;П;формы выхода в exit-sim по минутным свечам (частичный 1:1+трейл, середина импульса, MACD-трейл) — верхняя граница, как Г-108/110;~
Г-110;выход;Если импульс не пошёл сразу после триггера или замедлился — выходить раньше формального стопа;стакан .50;Ф;`--early-exit-secs 1|2|3` (B4, В-58) — точнее, чем T-32 по свечам;~
Г-111;выход;"Первая цель — середина предыдущего импульса; закрывать раньше при признаках сопротивления";свечи;П;формы выхода в exit-sim по минутным свечам (частичный 1:1+трейл, середина импульса, MACD-трейл) — верхняя граница, как Г-108/110;~
Г-112;выход;Выходить, когда лента показывает продолжение противоположного движения, не дожидаясь стопа;сделки;R2;формы выхода: без стопа/только безубыток на переставляемой стене, по ленте, отложка на половину, по резилентности, сползающий тейк, конвергенция;~
Г-113;выход;Ступенчатое подтверждение силы отскока для удержания (без отката → ретест держит → новый экстремум);стакан .50;Н;микро-паттерн/«формация» без формального определения в источнике — нужно решение, что считать формацией;✓
Г-114;выход;Вместо жёсткого стопа — отложка на половину объёма позиции у уровня, вторая половина остаётся;стакан .50;R2;формы выхода: без стопа/только безубыток на переставляемой стене, по ленте, отложка на половину, по резилентности, сползающий тейк, конвергенция;~
Г-115;выход;Отменять сценарий по слому короткой (секундной) формации, если позиция сильно тянет в минус;стакан .50;Н;микро-паттерн/«формация» без формального определения в источнике — нужно решение, что считать формацией;✓
Г-116;выход;Резилентность как фильтр выхода: книга уходит в режим отмен после нашего входа — закрывать раньше;стакан .50;R2;формы выхода: без стопа/только безубыток на переставляемой стене, по ленте, отложка на половину, по резилентности, сползающий тейк, конвергенция;~
Г-117;выход;Тейк-профит «сползает» к рынку по расписанию, если не исполнен, не ниже минимального порога;стакан .50;R2;формы выхода: без стопа/только безубыток на переставляемой стене, по ленте, отложка на половину, по резилентности, сползающий тейк, конвергенция;~
Г-118;выход;Отдельный трейлинг-выход по падению индикатора импульса (MACD) от пика, независимо от PnL-трейла;свечи;П;формы выхода в exit-sim по минутным свечам (частичный 1:1+трейл, середина импульса, MACD-трейл) — верхняя граница, как Г-108/110;~
Г-119;выход;Выход по конвергенции: если дистанция сигнала входа сузилась обратно — закрыть отдельно от тейка;стакан .50;R2;формы выхода: без стопа/только безубыток на переставляемой стене, по ленте, отложка на половину, по резилентности, сползающий тейк, конвергенция;~
Г-120;портфель;Блок монеты после 5 убытков подряд по этой монете;сделки;Д;поиск−/± (E28, E19–21/E27–34, E26) — «не повторять»;✓
Г-121;портфель;Минимальный размер позиции на входе в разъедание стены — риск через размер, не через стоп;стакан .50;П;размер позиции: схемы в portfolio-sim (риск по дистанции завала, по `eaten`, после большого профита, $ против доли);~
Г-122;портфель;"Плечо/размер зависят от возраста стены и качества входа (свежая+чистый стоп → больше; старая → ограничить)";стакан .50;Д;П-05 (возраст×размер×сила, ~120 клеток);✓
Г-123;портфель;Позиция не должна превышать 1–2% суточного объёма монеты;свечи (объём);П;ось «ликвидность монеты» (оборот $ из свечей): терцили/потолок 1–2 % оборота — одна ось на три гипотезы;✓
Г-124;портфель;После необычно крупного профита на сомнительном/новостном рынке — снижать объём на следующие дни;сделки;П;размер позиции: схемы в portfolio-sim (риск по дистанции завала, по `eaten`, после большого профита, $ против доли);~
Г-125;портфель;Одна редкая глубокая отложка вдали от рынка на мега-свип может окупать серию мелких убытков;сделки;R2;формы направления/исполнения: пробой спуф-стены, торговля пробоем вместо отскока, глубокая отложка на мега-свип, погоня за ценой по виртуальному триггеру;~
Г-126;портфель;Портфельный тормоз по числу монет, приближающихся к своей стене прямо сейчас (не только открытых позиций);стакан .50 (весь пул);Д;П-08: код есть, авг/сен — поиск, июль — «стоп» (Г-55 как выход — П-09, ждёт «ок»);✓
Г-127;издержки;Издержка переноса фандинга при удержании 4ч через границу расчёта (каждые 8ч);внешнее (фандинг);Д;аудит комиссий В-135 п.3: фандинг ±$1/мес;~
Г-128;издержки;Сравнить фиксированный $-размер позиции против доли счёта по издержкам/просадке;нет в записи (варианты схемы);П;размер позиции: схемы в portfolio-sim (риск по дистанции завала, по `eaten`, после большого профита, $ против доли);~
Г-129;издержки;Снимать неисполненный вход/лимитку через фиксированное малое время, если условия входа исчезли;нет в записи (состояние ордера);Ф;`--entry-ttl-secs` (значения из предрегистрации);✓
Г-130;стена;Круглые числа — источник чужих стоп-заявок: не ставить свой стоп сразу за круглым числом;стакан .50;П;стоп сразу за круглым числом: разрез закрытий по близости стопа к круглому;~
Г-131;портфель;Новый/незнакомый участник в портфельном смысле: снижать объём/пропускать монету при неподтверждённом или измен;нет в записи (трекинг участника);Н;трекинг участника: в записи нет идентичности;✓
Г-132;портфель;Ограничить пирамидинг (число последовательных добавлений и/или суммарный объём) в одну сторону;сделки (свой журнал);Н;ограничение пирамидинга: пирамидинга в стратегии нет (появится с Г-92/93/94);✓
Г-133;издержки;Погоня за лучшей ценой через виртуальный триггер + короткое окно вместо мгновенного маркетабл-лимита;стакан .50;R2;формы направления/исполнения: пробой спуф-стены, торговля пробоем вместо отскока, глубокая отложка на мега-свип, погоня за ценой по виртуальному триггеру;~
Г-134;стена;Обратная Г-28: стена с большим «завалом + фронтраном» перед собой пробивается **чаще**, а не держится;стакан .50;Е;"выросли из чисел авг/сен — только на других сутках (июль/янв–июн, TK-022); Судья `6278d98` п.4б/4в";✓
Г-135;вход;Г-88, прочтение А: вход после свипа, упёршегося в уже стоящую плотность — стена жива, вход сразу после отскока;стакан .50 (`swept_lots`, `levels.rs:92,;Е;"выросли из чисел авг/сен — только на других сутках (июль/янв–июн, TK-022); Судья `6278d98` п.4б/4в";✓
Г-136;вход;Г-88, прочтение Б: вход на молодой стене (< 45 мин, вне главного варианта), родившейся в окне сразу после зако;стакан .50 (`count_prior_births` при рож;Е;"выросли из чисел авг/сен — только на других сутках (июль/янв–июн, TK-022); Судья `6278d98` п.4б/4в";✓
Г-137;стена;Стена, вставшая после «закола», крепче — атрибут происхождения (окно от рождения стены), проверяется и на стар;стакан .50 (`count_prior_births` при рож;Е;"выросли из чисел авг/сен — только на других сутках (июль/янв–июн, TK-022); Судья `6278d98` п.4б/4в";✓
Г-138;стена;Номер касания уровня (k = 1 / 2 / 3+) как самостоятельный фактор отскока;стакан .50 (номер касания в `touches-*`);Д;П-07 H14 / retries-2026-09-27 (номер касания и подхода);✓
Г-139;подход;«Reversals»: контрарный вход на касании против дисбаланса всей книги — на части конфигураций дисбаланса и разм;стакан .50;R1;книга на касании: OBI топ-N, OFI, микроцена, дисбаланс всей книги, композит;~
Г-140;режим;Queue-reactive: отличать общий шок рынка от локального события по интенсивностям очереди (add / cancel / trade;стакан .50 (интенсивности событий из бин;Д;П-08: код есть, авг/сен — поиск, июль — «стоп» (Г-55 как выход — П-09, ждёт «ок»);✓
Г-141;выход;Стоп на цену снятой стены (с буфером) после её снятия — три режима «уже ниже на снятии»: перенос при возврате ;стакан .50;Д;П-04 H13 (формы `gone…wall`);✓
Г-142;портфель;«Только первые K подходов» / «с N-го подхода» — правило-фильтр входа по номеру подхода в эпизоде;стакан .50 (кэш подходов D20);Д;П-07 H14 / retries-2026-09-27 (номер касания и подхода);✓
Г-143;подход;Номер подхода к стене — история подходов/касаний ДО входа (не номер нашей попытки входа) как самостоятельный п;стакан .50 (approach-slices, кэш подходо;Д;П-07 H14 / retries-2026-09-27 (номер касания и подхода);✓
Г-144;портфель;Хедж инструмента по бете (шорт BTC/ETH/корзины пула на МНК-бету монеты) как рычаг KPI/риска;свечи (МНК-бета по 1м за 24ч) + сделки;Д;П-07 H10 / T-32 (потолки, хедж) / П-05 (плечо, стресс);✓
Г-145;портфель;Одна сделка на монету в эпизоде просадки BTC (без повторных входов в том же эпизоде);сделки (кэш подходов + эпизоды BTC);Д;П-07 H9р (номер подхода/одна сделка на монету), T-32 бутстреп;✓
Г-146;режим;Выключатель входа по тренду BTC за 24 ч (сверх обычного гейта −4ч просадки);свечи (тренд BTC 24 ч);Д;T-32 (9 выключателей × 54 порога);✓
Г-147;вход;Вход на касании уровня N (`--signal touch`) вместо на подходе — форма входа;стакан .50 (`--signal touch`, форма Г-86;Ф;`--signal touch` без `eaten_min=99` (T-10: с ним 0 сигналов);✓
Г-148;портфель;Плечо ×2–5 счёта — стресс обвала (потеря % депозита при разрыве цены на пике позиций) растёт быстрее прибыли, ;сделки (пик одновременных позиций) + соб;Д;П-07 H10 / T-32 (потолки, хедж) / П-05 (плечо, стресс);✓
