symbol,side,days,approaches,max_age_min,age_ge_15m,age_ge_30m,age_ge_45m,age_ge_60m,age_ge_90m,age_ge_120m,age45_usd_ge_10k,age45_usd_ge_25k,age45_usd_ge_50k,age45_usd_ge_100k
1000BONKUSDT,bid,23,59444,66,226,31,8,1,0,0,8,1,0,0
1000BONKUSDT,ask,23,55062,154,252,38,11,3,1,1,11,2,2,1
1000PEPEUSDT,bid,23,397170,97,990,149,29,11,3,0,29,29,23,4
1000PEPEUSDT,ask,23,405213,184,955,126,30,16,7,2,30,30,24,7
AAVEUSDT,bid,23,920251,31,17,1,0,0,0,0,0,0,0,0
AAVEUSDT,ask,23,863017,27,27,0,0,0,0,0,0,0,0,0
ACEUSDT,bid,21,151,0,0,0,0,0,0,0,0,0,0,0
ACEUSDT,ask,21,127,0,0,0,0,0,0,0,0,0,0,0
ADAUSDT,bid,23,104641,226,1511,383,160,89,24,10,160,160,156,61
ADAUSDT,ask,23,106063,285,1347,329,141,87,29,20,141,141,139,75
AEROUSDT,bid,23,4990,312,80,22,12,7,5,4,12,3,2,2
AEROUSDT,ask,23,2207,77,53,19,5,2,0,0,5,2,1,1
AKEUSDT,bid,15,1156,1,0,0,0,0,0,0,0,0,0,0
AKEUSDT,ask,15,1257,3,0,0,0,0,0,0,0,0,0,0
APTUSDT,bid,23,86143,83,179,21,6,3,0,0,6,4,1,0
APTUSDT,ask,23,74123,82,194,12,8,3,0,0,8,5,1,1
ARBUSDT,bid,22,93711,9,0,0,0,0,0,0,0,0,0,0
ARBUSDT,ask,22,81004,8,0,0,0,0,0,0,0,0,0,0
ARKUSDT,bid,22,103,0,0,0,0,0,0,0,0,0,0,0
ARKUSDT,ask,22,161,0,0,0,0,0,0,0,0,0,0,0
ASTERUSDT,bid,23,4026,60,37,18,6,1,0,0,6,1,1,0
ASTERUSDT,ask,23,4024,84,43,22,10,5,0,0,10,1,0,0
ASTRUSDT,bid,23,305,6,0,0,0,0,0,0,0,0,0,0
ASTRUSDT,ask,23,49,12,0,0,0,0,0,0,0,0,0,0
ATOMUSDT,bid,23,61106,479,3622,1705,1031,643,247,120,1031,71,9,6
ATOMUSDT,ask,23,61554,253,3927,1879,948,557,208,72,948,144,0,0
AVAAIUSDT,bid,19,25,2,0,0,0,0,0,0,0,0,0,0
AVAAIUSDT,ask,19,18,1,0,0,0,0,0,0,0,0,0,0
AVAXUSDT,bid,23,371575,139,414,67,19,4,1,1,19,6,1,0
AVAXUSDT,ask,23,367529,79,488,95,24,3,0,0,24,4,1,0
AXLUSDT,bid,23,66,0,0,0,0,0,0,0,0,0,0,0
AXLUSDT,ask,23,92,0,0,0,0,0,0,0,0,0,0,0
BCHUSDT,bid,23,146835,120,449,58,19,7,1,1,19,15,3,1
BCHUSDT,ask,23,145909,120,410,71,14,4,1,1,14,11,5,3
BNBUSDT,bid,23,215173,392,2405,842,382,206,65,23,382,344,109,17
BNBUSDT,ask,23,223926,197,2328,755,353,192,50,19,353,338,169,33
BRUSDT,bid,15,108,1,0,0,0,0,0,0,0,0,0,0
BRUSDT,ask,15,165,0,0,0,0,0,0,0,0,0,0,0
BTWUSDT,bid,15,2314,1,0,0,0,0,0,0,0,0,0,0
BTWUSDT,ask,15,1808,4,0,0,0,0,0,0,0,0,0,0
BZUSDT,bid,23,1294941,90,34,7,4,1,1,0,4,3,3,1
BZUSDT,ask,23,1248357,327,93,44,24,17,9,6,24,15,7,1
CAPUSDT,bid,23,211,21,1,0,0,0,0,0,0,0,0,0
CAPUSDT,ask,23,193,5,0,0,0,0,0,0,0,0,0,0
CASHCATUSDT,bid,22,1366,3,0,0,0,0,0,0,0,0,0,0
CASHCATUSDT,ask,22,1325,3,0,0,0,0,0,0,0,0,0,0
COINUSDT,bid,23,177284,78,19,11,6,2,0,0,6,0,0,0
COINUSDT,ask,23,177926,61,3,1,1,1,0,0,1,1,0,0
CRCLUSDT,bid,23,520977,125,38,18,8,4,2,1,8,4,1,0
CRCLUSDT,ask,23,504844,48,13,5,1,0,0,0,1,0,0,0
CRVUSDT,bid,23,49979,115,358,45,16,5,2,0,16,10,2,0
CRVUSDT,ask,23,43262,64,282,48,4,1,0,0,4,0,0,0
CVCUSDT,bid,23,247,4,0,0,0,0,0,0,0,0,0,0
CVCUSDT,ask,23,237,2,0,0,0,0,0,0,0,0,0,0
CYSUSDT,bid,23,118,161,7,3,2,2,2,2,2,0,0,0
CYSUSDT,ask,23,141,11,0,0,0,0,0,0,0,0,0,0
DASHUSDT,bid,23,76381,126,231,20,6,2,1,1,6,0,0,0
DASHUSDT,ask,23,74223,76,302,31,6,2,0,0,6,0,0,0
DELLUSDT,bid,23,1894,62,3,1,1,1,0,0,1,0,0,0
DELLUSDT,ask,23,1589,10,0,0,0,0,0,0,0,0,0,0
DOGEUSDT,bid,23,799540,81,43,15,6,2,0,0,6,6,6,6
DOGEUSDT,ask,23,805435,215,45,13,4,4,1,1,4,4,4,4
DOTUSDT,bid,23,183181,49,171,17,1,0,0,0,1,0,0,0
DOTUSDT,ask,23,154709,40,161,6,0,0,0,0,0,0,0,0
DRAMUSDT,bid,23,1085601,323,885,307,144,92,24,11,144,69,25,1
DRAMUSDT,ask,23,1351227,439,1048,437,220,123,57,33,220,51,11,0
ENAUSDT,bid,23,1065187,13,0,0,0,0,0,0,0,0,0,0
ENAUSDT,ask,23,1060106,12,0,0,0,0,0,0,0,0,0,0
ETHFIUSDT,bid,23,2114,52,15,5,2,0,0,0,2,1,0,0
ETHFIUSDT,ask,23,2663,37,9,1,0,0,0,0,0,0,0,0
EWYUSDT,bid,23,899561,75,22,5,3,1,0,0,3,0,0,0
EWYUSDT,ask,23,813662,73,33,8,3,1,0,0,3,0,0,0
FARTCOINUSDT,bid,23,17578,12,0,0,0,0,0,0,0,0,0,0
FARTCOINUSDT,ask,23,30230,19,1,0,0,0,0,0,0,0,0,0
FFUSDT,bid,22,2547,8,0,0,0,0,0,0,0,0,0,0
FFUSDT,ask,22,2265,18,1,0,0,0,0,0,0,0,0,0
FILUSDT,bid,23,29555,59,35,3,1,0,0,0,1,1,1,0
FILUSDT,ask,23,34544,54,46,10,3,0,0,0,3,0,0,0
FLOCKUSDT,bid,23,531,23,2,0,0,0,0,0,0,0,0,0
FLOCKUSDT,ask,23,527,29,3,0,0,0,0,0,0,0,0,0
GOOGLUSDT,bid,23,573119,9,0,0,0,0,0,0,0,0,0,0
GOOGLUSDT,ask,23,497440,11,0,0,0,0,0,0,0,0,0,0
HBARUSDT,bid,23,165389,81,590,103,24,7,0,0,24,1,0,0
HBARUSDT,ask,23,159537,102,588,87,25,6,1,0,25,1,0,0
HIVEUSDT,bid,23,189,30,1,1,0,0,0,0,0,0,0,0
HIVEUSDT,ask,23,36,63,2,1,1,1,0,0,1,0,0,0
HYPEUSDT,bid,23,798968,101,262,20,7,4,2,0,7,7,7,7
HYPEUSDT,ask,23,756086,100,1210,167,50,15,4,0,50,50,45,27
ICPUSDT,bid,23,43959,219,642,99,31,14,6,3,31,10,1,1
ICPUSDT,ask,23,40339,157,523,101,28,13,3,3,28,8,5,0
INJUSDT,bid,23,3858,50,13,2,1,0,0,0,1,1,1,0
INJUSDT,ask,23,3194,30,8,1,0,0,0,0,0,0,0,0
INTCUSDT,bid,23,789090,115,21,4,3,2,2,0,3,0,0,0
INTCUSDT,ask,23,720031,53,16,4,2,0,0,0,2,0,0,0
JUPUSDT,bid,23,26682,182,79,25,16,7,5,4,16,14,6,3
JUPUSDT,ask,23,16969,77,77,12,5,3,0,0,5,5,4,3
KORUUSDT,bid,23,237769,371,736,237,104,51,21,12,104,55,10,1
KORUUSDT,ask,23,229744,676,767,259,116,71,25,13,116,71,17,5
LAUSDT,bid,23,279,20,1,0,0,0,0,0,0,0,0,0
LAUSDT,ask,23,149,27,3,0,0,0,0,0,0,0,0,0
LINKUSDT,bid,23,536446,44,46,7,0,0,0,0,0,0,0,0
LINKUSDT,ask,23,566061,48,62,4,1,0,0,0,1,0,0,0
LITUSDT,bid,23,17360,75,61,19,7,2,0,0,7,4,0,0
LITUSDT,ask,23,14685,56,56,14,4,0,0,0,4,3,0,0
LSKUSDT,bid,15,1468,63,1,1,1,1,0,0,1,0,0,0
LSKUSDT,ask,15,1471,3,0,0,0,0,0,0,0,0,0,0
LTCUSDT,bid,23,234063,279,854,190,62,39,15,13,62,58,32,8
LTCUSDT,ask,23,234162,289,1000,204,82,56,31,14,82,79,55,36
METAUSDT,bid,18,222828,39,5,2,0,0,0,0,0,0,0,0
METAUSDT,ask,18,217087,25,6,0,0,0,0,0,0,0,0,0
MSFTUSDT,bid,23,153025,326,13,6,3,3,1,1,3,1,0,0
MSFTUSDT,ask,23,154784,43,3,2,0,0,0,0,0,0,0,0
MSTRUSDT,bid,23,1212179,37,20,4,0,0,0,0,0,0,0,0
MSTRUSDT,ask,23,1137640,42,18,2,0,0,0,0,0,0,0,0
MTLUSDT,bid,23,172,9,0,0,0,0,0,0,0,0,0,0
MTLUSDT,ask,23,173,2,0,0,0,0,0,0,0,0,0,0
MUUSDT,bid,23,2031112,7,0,0,0,0,0,0,0,0,0,0
MUUSDT,ask,23,1897963,5,0,0,0,0,0,0,0,0,0,0
NBISUSDT,bid,23,5651,50,5,1,1,0,0,0,1,0,0,0
NBISUSDT,ask,23,5020,216,12,6,3,2,1,1,3,2,0,0
NEARUSDT,bid,23,519319,270,262,28,14,10,5,4,14,14,14,12
NEARUSDT,ask,23,515815,63,310,25,2,1,0,0,2,2,2,1
NVDAUSDT,bid,23,700743,61,26,9,2,1,0,0,2,1,0,0
NVDAUSDT,ask,23,713896,75,22,6,4,3,0,0,4,1,0,0
ONDOUSDT,bid,23,275895,237,2437,581,247,126,45,23,247,225,76,24
ONDOUSDT,ask,23,279888,194,1666,366,138,63,19,9,138,128,43,20
OPUSDT,bid,23,26823,32,14,2,0,0,0,0,0,0,0,0
OPUSDT,ask,23,12745,68,27,8,5,2,0,0,5,4,1,0
PENDLEUSDT,bid,23,1874,220,37,17,10,7,3,2,10,7,3,3
PENDLEUSDT,ask,23,1860,67,5,2,1,1,0,0,1,0,0,0
PENGUUSDT,bid,23,59559,52,167,20,4,0,0,0,4,0,0,0
PENGUUSDT,ask,23,35919,49,124,13,1,0,0,0,1,0,0,0
POWERUSDT,bid,21,119,5,0,0,0,0,0,0,0,0,0,0
POWERUSDT,ask,21,130,16,1,0,0,0,0,0,0,0,0,0
PUFFERUSDT,bid,23,28,39,5,3,0,0,0,0,0,0,0,0
PUFFERUSDT,ask,23,16,2,0,0,0,0,0,0,0,0,0,0
PUMPFUNUSDT,bid,23,338491,105,1295,165,36,9,1,0,36,17,3,0
PUMPFUNUSDT,ask,23,339725,68,1378,159,14,4,0,0,14,1,1,1
RAYDIUMUSDT,bid,18,774,49,4,3,1,0,0,0,1,0,0,0
RAYDIUMUSDT,ask,18,781,4,0,0,0,0,0,0,0,0,0,0
SAMSUNGUSDT,bid,23,3658970,23,3,0,0,0,0,0,0,0,0,0
SAMSUNGUSDT,ask,23,3728189,23,7,0,0,0,0,0,0,0,0,0
SENTUSDT,bid,23,70,0,0,0,0,0,0,0,0,0,0,0
SENTUSDT,ask,23,42,3,0,0,0,0,0,0,0,0,0,0
SHIB1000USDT,bid,23,151000,45,58,3,1,0,0,0,1,0,0,0
SHIB1000USDT,ask,23,160472,52,82,7,2,0,0,0,2,0,0,0
SKHYNIXUSDT,bid,23,1701552,3,0,0,0,0,0,0,0,0,0,0
SKHYNIXUSDT,ask,23,1814687,3,0,0,0,0,0,0,0,0,0,0
SKHYUSDT,bid,23,1048155,36,20,4,0,0,0,0,0,0,0,0
SKHYUSDT,ask,23,970267,100,20,4,1,1,1,0,1,1,0,0
SNXXUSDT,bid,23,158604,158,272,81,34,23,12,6,34,26,4,1
SNXXUSDT,ask,23,156370,158,255,69,18,4,1,1,18,16,5,0
SOXSUSDT,bid,23,485740,120,160,62,25,13,4,1,25,8,5,0
SOXSUSDT,ask,23,482176,186,140,48,18,12,3,2,18,7,3,0
SPCXUSDT,bid,23,892847,253,202,54,15,11,6,6,15,5,0,0
SPCXUSDT,ask,23,868347,373,217,70,29,16,6,2,29,11,1,0
STEEMUSDT,bid,23,176,69,9,8,5,2,0,0,5,0,0,0
STEEMUSDT,ask,23,134,2,0,0,0,0,0,0,0,0,0,0
STORJUSDT,bid,23,333,136,23,16,11,9,4,1,11,3,0,0
STORJUSDT,ask,23,381,6,0,0,0,0,0,0,0,0,0,0
SUIUSDT,bid,23,648783,64,566,59,18,5,0,0,18,2,1,0
SUIUSDT,ask,23,641306,74,675,110,17,6,0,0,17,1,0,0
TAOUSDT,bid,23,1333422,7,0,0,0,0,0,0,0,0,0,0
TAOUSDT,ask,23,1362726,5,0,0,0,0,0,0,0,0,0,0
TIAUSDT,bid,23,36565,200,605,198,86,52,17,8,86,10,0,0
TIAUSDT,ask,23,35329,109,571,187,81,47,6,0,81,31,2,0
TRUMPUSDT,bid,23,147961,498,1065,233,101,64,28,16,101,87,42,10
TRUMPUSDT,ask,23,149427,148,1138,222,80,34,9,2,80,64,14,4
TRXUSDT,bid,23,10016,881,939,602,436,323,187,115,436,367,70,19
TRXUSDT,ask,23,9840,1371,1078,759,565,438,287,181,565,401,43,9
TUSDT,bid,23,513,18,1,0,0,0,0,0,0,0,0,0
TUSDT,ask,23,462,21,1,0,0,0,0,0,0,0,0,0
UAIUSDT,bid,23,655,26,2,0,0,0,0,0,0,0,0,0
UAIUSDT,ask,23,748,18,2,0,0,0,0,0,0,0,0,0
UNIUSDT,bid,23,463752,37,146,9,0,0,0,0,0,0,0,0
UNIUSDT,ask,23,476455,46,164,12,1,0,0,0,1,0,0,0
USELESSUSDT,bid,16,14607,2,0,0,0,0,0,0,0,0,0,0
USELESSUSDT,ask,16,31208,4,0,0,0,0,0,0,0,0,0,0
VIRTUALUSDT,bid,23,51058,72,405,61,9,2,0,0,9,3,2,0
VIRTUALUSDT,ask,23,40336,84,319,57,18,8,0,0,18,5,3,0
VVVUSDT,bid,22,3409,3,0,0,0,0,0,0,0,0,0,0
VVVUSDT,ask,22,3017,1,0,0,0,0,0,0,0,0,0,0
WIFUSDT,bid,23,105823,500,2627,714,246,105,33,15,246,98,6,0
WIFUSDT,ask,23,105325,291,3110,921,363,142,43,27,363,46,3,1
WLDUSDT,bid,23,291973,111,2902,499,103,22,3,0,103,26,2,0
WLDUSDT,ask,23,293818,140,3088,627,145,34,6,3,145,8,0,0
WLFIUSDT,bid,23,23524,317,226,120,73,48,19,9,73,3,1,0
WLFIUSDT,ask,23,37679,325,243,139,81,51,23,11,81,1,0,0
XAGUSDT,bid,23,501839,249,244,92,45,29,12,5,45,31,17,9
XAGUSDT,ask,23,486553,212,257,89,53,36,18,6,53,32,13,2
XAUTUSDT,bid,23,1783162,102,39,11,5,2,1,0,5,2,1,0
XAUTUSDT,ask,23,1904202,69,49,13,3,1,0,0,3,0,0,0
XLMUSDT,bid,23,90123,225,663,96,31,16,6,4,31,31,31,8
XLMUSDT,ask,23,91968,251,431,62,17,11,5,4,17,17,14,7
XMRUSDT,bid,15,29893,0,0,0,0,0,0,0,0,0,0,0
XMRUSDT,ask,15,20928,2,0,0,0,0,0,0,0,0,0,0
XPLUSDT,bid,23,5782,26,13,0,0,0,0,0,0,0,0,0
XPLUSDT,ask,23,7788,33,3,1,0,0,0,0,0,0,0,0
ZROUSDT,bid,23,3944,36,4,1,0,0,0,0,0,0,0,0
ZROUSDT,ask,23,1672,20,1,0,0,0,0,0,0,0,0,0
